event_id,audio_id,start_secs,end_secs,detected_time,year_month,season,n_species_predicted,n_rows,max_score,species_candidates
8a70cc3e9aa0f71cdf4d_126_129,8a70cc3e9aa0f71cdf4d,126,129,2022-09-27T17:11:26Z,2022-09,Autumn,3,3,0.95824677,Eurasian Jackdaw = 0.958; Black Woodpecker = 0.566; Red-billed Chough = 0.498
68e48496a48ec0f23626_288_291,68e48496a48ec0f23626,288,291,2023-05-25T17:34:59Z,2023-05,Spring,3,3,0.93464094,Ring-necked Pheasant = 0.935; Little Owl = 0.599; Tawny Owl = 0.511
f8879b12cfc89cdefd61_36_39,f8879b12cfc89cdefd61,36,39,2023-06-07T07:12:23Z,2023-06,Summer,3,3,0.8074141,Red Kite = 0.807; Common Buzzard = 0.671; Black Kite = 0.492
ea6fb4ad52e3d328d1c8_72_75,ea6fb4ad52e3d328d1c8,72,75,2024-02-12T13:53:00Z,2024-02,Winter,3,3,0.80486965,Eurasian Wren = 0.805; Mistle Thrush = 0.53; Spectacled Warbler = 0.495
43b3cdf8086250de0801_240_243,43b3cdf8086250de0801,240,243,2023-12-12T15:01:55Z,2023-12,Winter,3,3,0.7172194,Eurasian Wren = 0.717; Spectacled Warbler = 0.579; Mistle Thrush = 0.509
85bc9615a1ba86333799_57_60,85bc9615a1ba86333799,57,60,2023-12-26T14:20:37Z,2023-12,Winter,3,3,0.64577806,Eurasian Wren = 0.646; Spectacled Warbler = 0.532; Mistle Thrush = 0.475
8d9b21bfab8234b5c4f8_198_201,8d9b21bfab8234b5c4f8,198,201,2023-03-04T15:45:09Z,2023-03,Spring,3,3,0.61524063,Carrion Crow = 0.615; Rook = 0.546; Hooded Crow = 0.503
86c3189616d86ba5ad86_258_261,86c3189616d86ba5ad86,258,261,2024-02-18T22:38:43Z,2024-02,Winter,3,3,0.6079245,Little Owl = 0.608; Tawny Owl = 0.542; Common Buzzard = 0.507
43b3cdf8086250de0801_279_282,43b3cdf8086250de0801,279,282,2023-12-12T15:02:34Z,2023-12,Winter,3,3,0.58746666,Eurasian Wren = 0.587; Common Grasshopper-Warbler = 0.525; Mistle Thrush = 0.506
e54583414428e492b4a9_291_294,e54583414428e492b4a9,291,294,2023-05-17T11:52:45Z,2023-05,Spring,3,3,0.5801332,Little Owl = 0.58; Ring-necked Pheasant = 0.481; Tawny Owl = 0.463
74b313354ba25e54022a_84_87,74b313354ba25e54022a,84,87,2023-05-19T14:36:42Z,2023-05,Spring,3,3,0.5078456,Ring-necked Pheasant = 0.508; Tawny Owl = 0.493; Little Owl = 0.464
e26b132de6368b606c95_15_18,e26b132de6368b606c95,15,18,2022-10-29T16:03:10Z,2022-10,Autumn,2,2,0.9981177,Rose-ringed Parakeet = 0.998; Eurasian Wryneck = 0.509
6c6aaa477e7ea12697de_207_210,6c6aaa477e7ea12697de,207,210,2023-06-25T13:03:37Z,2023-06,Summer,2,2,0.9962878,Red Kite = 0.996; Black Kite = 0.617
6e0823b5e6e436fe13c9_12_15,6e0823b5e6e436fe13c9,12,15,2022-11-26T11:05:59Z,2022-11,Autumn,2,2,0.9959997,Rose-ringed Parakeet = 0.996; Eurasian Wryneck = 0.564
1c13c2f58ef0a0869719_180_183,1c13c2f58ef0a0869719,180,183,2023-02-06T07:13:00Z,2023-02,Winter,2,2,0.9954905,Egyptian Goose = 0.995; Graylag Goose = 0.649
92f94313a02fa1a89800_3_6,92f94313a02fa1a89800,3,6,2023-05-22T06:00:28Z,2023-05,Spring,2,2,0.99545634,Ring-necked Pheasant = 0.995; Tawny Owl = 0.465
698cb15a37fdd0ce1bd9_243_246,698cb15a37fdd0ce1bd9,243,246,2023-03-19T06:52:32Z,2023-03,Spring,2,2,0.9948991,Ring-necked Pheasant = 0.995; Egyptian Goose = 0.569
b6d273233e23b6ff7415_285_288,b6d273233e23b6ff7415,285,288,2022-10-20T15:08:20Z,2022-10,Autumn,2,2,0.99405175,Rose-ringed Parakeet = 0.994; Eurasian Wryneck = 0.543
892f067b34e17eaa9a0a_96_99,892f067b34e17eaa9a0a,96,99,2022-12-01T12:33:31Z,2022-12,Winter,2,2,0.99351007,Rose-ringed Parakeet = 0.994; Eurasian Wryneck = 0.647
82bf3c87d30c955db474_72_75,82bf3c87d30c955db474,72,75,2023-06-16T23:38:36Z,2023-06,Summer,2,2,0.99261487,Tawny Owl = 0.993; Northern Lapwing = 0.489
8af00c33181f15c9aed3_42_45,8af00c33181f15c9aed3,42,45,2023-05-25T12:28:28Z,2023-05,Spring,2,2,0.9914848,Eurasian Jackdaw = 0.991; Red-billed Chough = 0.483
ec5fa4b3bc07bae4cabc_18_21,ec5fa4b3bc07bae4cabc,18,21,2022-12-02T13:00:34Z,2022-12,Winter,2,2,0.9912986,Rose-ringed Parakeet = 0.991; Eurasian Wryneck = 0.563
fbae89082176492375d9_198_201,fbae89082176492375d9,198,201,2022-11-02T08:49:52Z,2022-11,Autumn,2,2,0.9908071,Eurasian Wryneck = 0.991; Rose-ringed Parakeet = 0.506
4c2d9af2863a705c845e_180_183,4c2d9af2863a705c845e,180,183,2023-07-14T19:46:10Z,2023-07,Summer,2,2,0.9901991,Eurasian Green Woodpecker = 0.99; Gray-headed Woodpecker = 0.725
301e783932d083f002d4_231_234,301e783932d083f002d4,231,234,2023-03-29T07:18:17Z,2023-03,Spring,2,2,0.98909855,Ring-necked Pheasant = 0.989; Egyptian Goose = 0.705
f121a8760034104dcb68_27_30,f121a8760034104dcb68,27,30,2022-11-16T13:11:23Z,2022-11,Autumn,2,2,0.98875415,Rose-ringed Parakeet = 0.989; Eurasian Wryneck = 0.52
27025751ea7504c336aa_267_270,27025751ea7504c336aa,267,270,2023-03-11T15:42:47Z,2023-03,Spring,2,2,0.9887157,Rose-ringed Parakeet = 0.989; Eurasian Wryneck = 0.694
ce21745ac43bff85a170_294_297,ce21745ac43bff85a170,294,297,2023-03-30T02:25:04Z,2023-03,Spring,2,2,0.98869294,Tawny Owl = 0.989; Little Owl = 0.475
5af42f3b812f02ac0c0c_51_54,5af42f3b812f02ac0c0c,51,54,2022-11-05T10:17:15Z,2022-11,Autumn,2,2,0.9879699,Rose-ringed Parakeet = 0.988; Eurasian Wryneck = 0.625
9c4a0a18b4e1c948bf23_108_111,9c4a0a18b4e1c948bf23,108,111,2022-11-02T09:28:41Z,2022-11,Autumn,2,2,0.98687047,Rose-ringed Parakeet = 0.987; Eurasian Wryneck = 0.457
553e1d84607d3aa2fbb6_195_198,553e1d84607d3aa2fbb6,195,198,2023-06-22T06:56:11Z,2023-06,Summer,2,2,0.98669434,Eurasian Jackdaw = 0.987; Red-billed Chough = 0.55
9ef6615bb02b4d9be4cd_81_84,9ef6615bb02b4d9be4cd,81,84,2022-10-30T09:59:24Z,2022-10,Autumn,2,2,0.9864005,Rose-ringed Parakeet = 0.986; Eurasian Wryneck = 0.541
7a2b5cfdc0c60aa29514_258_261,7a2b5cfdc0c60aa29514,258,261,2023-05-07T16:03:22Z,2023-05,Spring,2,2,0.98630875,Ring-necked Pheasant = 0.986; Tawny Owl = 0.46
3f6fa05ebde0022a74ba_240_243,3f6fa05ebde0022a74ba,240,243,2023-03-18T17:04:19Z,2023-03,Spring,2,2,0.9853462,Rose-ringed Parakeet = 0.985; Eurasian Wryneck = 0.489
fd67e7469d515da7ed28_120_123,fd67e7469d515da7ed28,120,123,2022-09-07T07:05:09Z,2022-09,Autumn,2,2,0.98414546,Rose-ringed Parakeet = 0.984; Eurasian Wryneck = 0.834
be56b484819b21f58096_123_126,be56b484819b21f58096,123,126,2022-09-10T17:24:24Z,2022-09,Autumn,2,2,0.9839506,Rose-ringed Parakeet = 0.984; Eurasian Wryneck = 0.455
8e833ebd967d82252aa0_42_45,8e833ebd967d82252aa0,42,45,2023-03-26T15:39:46Z,2023-03,Spring,2,2,0.98322874,Eurasian Green Woodpecker = 0.983; Gray-headed Woodpecker = 0.464
952de610387ba35d39a4_63_66,952de610387ba35d39a4,63,66,2023-03-03T09:06:41Z,2023-03,Spring,2,2,0.9830678,Rose-ringed Parakeet = 0.983; Eurasian Wryneck = 0.511
48e9526000acada3afea_30_33,48e9526000acada3afea,30,33,2022-11-12T09:26:00Z,2022-11,Autumn,2,2,0.9826909,Rose-ringed Parakeet = 0.983; Eurasian Wryneck = 0.573
33c4698154e8e2ec0628_213_216,33c4698154e8e2ec0628,213,216,2023-03-04T08:16:50Z,2023-03,Spring,2,2,0.9824389,Rose-ringed Parakeet = 0.982; Eurasian Wryneck = 0.537
8b2a137f023c7d4b0a92_66_69,8b2a137f023c7d4b0a92,66,69,2022-09-02T12:46:34Z,2022-09,Autumn,2,2,0.98243827,Rose-ringed Parakeet = 0.982; Eurasian Wryneck = 0.483
76e7bc9145077f39c4de_45_48,76e7bc9145077f39c4de,45,48,2023-03-04T13:56:46Z,2023-03,Spring,2,2,0.98193765,Ring-necked Pheasant = 0.982; Egyptian Goose = 0.677
ef1181d2ea93c17a2ca6_6_9,ef1181d2ea93c17a2ca6,6,9,2023-03-04T07:33:03Z,2023-03,Spring,2,2,0.98142815,Rose-ringed Parakeet = 0.981; Eurasian Wryneck = 0.589
049d5aecb05404d3491d_165_168,049d5aecb05404d3491d,165,168,2022-11-09T09:49:15Z,2022-11,Autumn,2,2,0.98118776,Rose-ringed Parakeet = 0.981; Eurasian Wryneck = 0.709
a4ed8f1dba5530311903_165_168,a4ed8f1dba5530311903,165,168,2024-03-16T05:54:08Z,2024-03,Spring,2,2,0.98084867,Tawny Owl = 0.981; Little Owl = 0.667
16dce2829107e82cb7ba_18_21,16dce2829107e82cb7ba,18,21,2023-06-10T16:10:37Z,2023-06,Summer,2,2,0.97989905,Red-billed Chough = 0.98; Eurasian Jackdaw = 0.613
563098c1e4ee40233579_126_129,563098c1e4ee40233579,126,129,2023-05-18T10:52:34Z,2023-05,Spring,2,2,0.9798518,Ring-necked Pheasant = 0.98; Little Owl = 0.502
5e849082e335cfb77ec6_174_177,5e849082e335cfb77ec6,174,177,2022-12-22T12:27:26Z,2022-12,Winter,2,2,0.9784122,Rose-ringed Parakeet = 0.978; Eurasian Wryneck = 0.933
a7096933dc57dcf8fd52_246_249,a7096933dc57dcf8fd52,246,249,2023-03-25T16:05:20Z,2023-03,Spring,2,2,0.978302,Rose-ringed Parakeet = 0.978; Eurasian Wryneck = 0.795
4c2ef8ff6d78c40ecebc_120_123,4c2ef8ff6d78c40ecebc,120,123,2024-03-10T08:31:02Z,2024-03,Spring,2,2,0.978114,Red Kite = 0.978; Black Kite = 0.476
354205d81a9c2146c3bd_216_219,354205d81a9c2146c3bd,216,219,2022-10-13T15:00:43Z,2022-10,Autumn,2,2,0.97581893,Rose-ringed Parakeet = 0.976; Eurasian Wryneck = 0.573
fd67e7469d515da7ed28_117_120,fd67e7469d515da7ed28,117,120,2022-09-07T07:05:06Z,2022-09,Autumn,2,2,0.9750714,Rose-ringed Parakeet = 0.975; Eurasian Wryneck = 0.776
f9b9130a1e0b2a89b7bc_30_33,f9b9130a1e0b2a89b7bc,30,33,2022-10-16T13:31:02Z,2022-10,Autumn,2,2,0.9746908,Rose-ringed Parakeet = 0.975; Eurasian Wryneck = 0.534
ab9cfe6745930f5f8de1_72_75,ab9cfe6745930f5f8de1,72,75,2023-03-17T06:43:32Z,2023-03,Spring,2,2,0.9744933,Eurasian Jackdaw = 0.974; Eurasian Magpie = 0.576
742e62faad54a3f72e89_108_111,742e62faad54a3f72e89,108,111,2023-07-25T06:22:32Z,2023-07,Summer,2,2,0.97363675,Eurasian Green Woodpecker = 0.974; Gray-headed Woodpecker = 0.868
572726b5227955cb9291_186_189,572726b5227955cb9291,186,189,2022-10-04T13:42:09Z,2022-10,Autumn,2,2,0.9730786,Rose-ringed Parakeet = 0.973; Eurasian Wryneck = 0.874
d47c9817d6278eda6271_192_195,d47c9817d6278eda6271,192,195,2023-02-19T11:12:57Z,2023-02,Winter,2,2,0.9729901,Rose-ringed Parakeet = 0.973; Eurasian Wryneck = 0.657
c6670b62e8f1877b2597_252_255,c6670b62e8f1877b2597,252,255,2022-09-06T14:42:56Z,2022-09,Autumn,2,2,0.97202265,Rose-ringed Parakeet = 0.972; Eurasian Wryneck = 0.476
6baffbf10c174e4a9be8_162_165,6baffbf10c174e4a9be8,162,165,2023-03-07T10:41:20Z,2023-03,Spring,2,2,0.9716185,Rose-ringed Parakeet = 0.972; Eurasian Wryneck = 0.458
0d5247d6bf41577cb49d_147_150,0d5247d6bf41577cb49d,147,150,2023-03-18T14:46:41Z,2023-03,Spring,2,2,0.9715568,Eurasian Jackdaw = 0.972; Red-billed Chough = 0.581
b36c5cad7a636483220b_45_48,b36c5cad7a636483220b,45,48,2023-06-03T06:50:06Z,2023-06,Summer,2,2,0.97061175,Eurasian Jackdaw = 0.971; Rook = 0.641
08a591b285a9f6105500_282_285,08a591b285a9f6105500,282,285,2022-11-16T09:54:02Z,2022-11,Autumn,2,2,0.96939564,Rose-ringed Parakeet = 0.969; Eurasian Wryneck = 0.828
e31a4317667879e7c903_258_261,e31a4317667879e7c903,258,261,2023-01-28T15:05:33Z,2023-01,Winter,2,2,0.96929026,Rose-ringed Parakeet = 0.969; Eurasian Wryneck = 0.56
2c694fd0a59cff66b210_183_186,2c694fd0a59cff66b210,183,186,2023-05-09T14:42:40Z,2023-05,Spring,2,2,0.96897495,Eurasian Jackdaw = 0.969; Black Woodpecker = 0.536
8aa5d3955b5f02231dfd_270_273,8aa5d3955b5f02231dfd,270,273,2023-06-12T16:36:06Z,2023-06,Summer,2,2,0.9683851,Red-billed Chough = 0.968; Eurasian Jackdaw = 0.458
f8c16cf7b16a0094ac50_45_48,f8c16cf7b16a0094ac50,45,48,2023-05-18T04:53:22Z,2023-05,Spring,2,2,0.96614224,Ring-necked Pheasant = 0.966; Little Owl = 0.494
738df024788d763d2fc4_18_21,738df024788d763d2fc4,18,21,2022-11-09T13:23:32Z,2022-11,Autumn,2,2,0.9657024,Rose-ringed Parakeet = 0.966; Eurasian Wryneck = 0.751
f0ec72f4f307a4d146b1_87_90,f0ec72f4f307a4d146b1,87,90,2023-04-15T13:15:59Z,2023-04,Spring,2,2,0.96517134,Rose-ringed Parakeet = 0.965; Eurasian Wryneck = 0.588
f12f6ad590d2075250f1_105_108,f12f6ad590d2075250f1,105,108,2023-04-01T09:46:37Z,2023-04,Spring,2,2,0.96474755,Rose-ringed Parakeet = 0.965; Eurasian Wryneck = 0.639
df84014ce7e9448a0515_204_207,df84014ce7e9448a0515,204,207,2023-04-19T07:57:48Z,2023-04,Spring,2,2,0.96461815,Rose-ringed Parakeet = 0.965; Eurasian Wryneck = 0.491
94855321c819d5f0ee68_246_249,94855321c819d5f0ee68,246,249,2023-07-23T21:30:52Z,2023-07,Summer,2,2,0.96444225,Tawny Owl = 0.964; Little Owl = 0.625
4b98abd93da48e057f1f_30_33,4b98abd93da48e057f1f,30,33,2023-04-16T09:21:13Z,2023-04,Spring,2,2,0.9642202,Rose-ringed Parakeet = 0.964; Eurasian Wryneck = 0.632
5157984b546059fdeca0_276_279,5157984b546059fdeca0,276,279,2023-02-19T11:44:36Z,2023-02,Winter,2,2,0.9638772,Eurasian Jackdaw = 0.964; Red-billed Chough = 0.579
1535e65c05f276e31e96_174_177,1535e65c05f276e31e96,174,177,2023-03-27T08:26:39Z,2023-03,Spring,2,2,0.9636518,Eurasian Jackdaw = 0.964; Red-billed Chough = 0.458
42487b73fa7e1a23533a_174_177,42487b73fa7e1a23533a,174,177,2023-01-12T07:24:48Z,2023-01,Winter,2,2,0.9633796,Egyptian Goose = 0.963; Graylag Goose = 0.695
9940bf0fbb14f6e75716_204_207,9940bf0fbb14f6e75716,204,207,2023-06-10T17:24:16Z,2023-06,Summer,2,2,0.96267295,Red-billed Chough = 0.963; Eurasian Jackdaw = 0.519
480abf76fd6948ebb07f_270_273,480abf76fd6948ebb07f,270,273,2023-02-05T10:17:52Z,2023-02,Winter,2,2,0.96224684,Rose-ringed Parakeet = 0.962; Eurasian Wryneck = 0.605
c521c2cc83c38dfb9f69_285_288,c521c2cc83c38dfb9f69,285,288,2022-11-12T07:39:22Z,2022-11,Autumn,2,2,0.96219605,Rose-ringed Parakeet = 0.962; Eurasian Wryneck = 0.773
a01ca436895dfef57fd4_99_102,a01ca436895dfef57fd4,99,102,2022-11-30T10:49:37Z,2022-11,Autumn,2,2,0.9618922,Rose-ringed Parakeet = 0.962; Eurasian Wryneck = 0.481
d6f0f1b44569f093b190_162_165,d6f0f1b44569f093b190,162,165,2023-02-23T06:47:37Z,2023-02,Winter,2,2,0.9617968,Rose-ringed Parakeet = 0.962; Eurasian Wryneck = 0.543
c0080b80728b2d71c108_57_60,c0080b80728b2d71c108,57,60,2023-06-30T05:47:58Z,2023-06,Summer,2,2,0.9594654,Eurasian Jackdaw = 0.959; Red-billed Chough = 0.848
6fa7ba83d10cbbbab9c3_162_165,6fa7ba83d10cbbbab9c3,162,165,2022-09-25T13:19:02Z,2022-09,Autumn,2,2,0.95945203,Rose-ringed Parakeet = 0.959; Eurasian Wryneck = 0.548
250748044a8f96f462cc_27_30,250748044a8f96f462cc,27,30,2023-06-07T13:10:06Z,2023-06,Summer,2,2,0.9593503,Eurasian Jackdaw = 0.959; Red-billed Chough = 0.627
04d6c79d2d887b62d39c_282_285,04d6c79d2d887b62d39c,282,285,2023-05-16T05:16:19Z,2023-05,Spring,2,2,0.9590855,Ring-necked Pheasant = 0.959; Little Owl = 0.581
c994895db12ef51796aa_75_78,c994895db12ef51796aa,75,78,2023-06-24T05:14:32Z,2023-06,Summer,2,2,0.958824,Eurasian Jackdaw = 0.959; Red-billed Chough = 0.592
cabc9570a212705c991b_255_258,cabc9570a212705c991b,255,258,2023-01-10T12:32:28Z,2023-01,Winter,2,2,0.9583397,Rose-ringed Parakeet = 0.958; Eurasian Wryneck = 0.618
7eb2a1553ad49492a89a_159_162,7eb2a1553ad49492a89a,159,162,2023-06-10T17:28:34Z,2023-06,Summer,2,2,0.95777726,Eurasian Jackdaw = 0.958; Black Woodpecker = 0.464
b7d162477a8a47ea97bd_213_216,b7d162477a8a47ea97bd,213,216,2023-05-11T10:12:06Z,2023-05,Spring,2,2,0.9569174,Ring-necked Pheasant = 0.957; Little Owl = 0.498
06cd7199b51f3dc7e453_36_39,06cd7199b51f3dc7e453,36,39,2023-02-19T08:34:07Z,2023-02,Winter,2,2,0.95497006,Rose-ringed Parakeet = 0.955; Eurasian Wryneck = 0.458
f95670d135c407973d5a_24_27,f95670d135c407973d5a,24,27,2024-03-26T04:01:49Z,2024-03,Spring,2,2,0.9545452,Tawny Owl = 0.955; Little Owl = 0.664
18047ba2226c2c10b7aa_0_3,18047ba2226c2c10b7aa,0,3,2023-04-27T14:52:30Z,2023-04,Spring,2,2,0.95445275,Rose-ringed Parakeet = 0.954; Eurasian Wryneck = 0.828
63399f4ffbffffd9a529_270_273,63399f4ffbffffd9a529,270,273,2022-11-06T11:30:56Z,2022-11,Autumn,2,2,0.9528911,Rose-ringed Parakeet = 0.953; Eurasian Wryneck = 0.501
31c481d426edb7a248e4_255_258,31c481d426edb7a248e4,255,258,2023-02-22T09:52:28Z,2023-02,Winter,2,2,0.9528219,Rose-ringed Parakeet = 0.953; Eurasian Wryneck = 0.725
6903c9f62287012a26cb_267_270,6903c9f62287012a26cb,267,270,2023-03-30T09:58:13Z,2023-03,Spring,2,2,0.9522467,Eurasian Jackdaw = 0.952; Red-billed Chough = 0.48
4ecd0c39be26a9868d4f_48_51,4ecd0c39be26a9868d4f,48,51,2023-02-13T10:15:12Z,2023-02,Winter,2,2,0.95208526,Rose-ringed Parakeet = 0.952; Eurasian Wryneck = 0.684
81218359a652c791a45a_123_126,81218359a652c791a45a,123,126,2023-03-01T15:29:34Z,2023-03,Spring,2,2,0.95144695,Eurasian Jackdaw = 0.951; Red-billed Chough = 0.667
2abdc8e218951040388f_12_15,2abdc8e218951040388f,12,15,2023-06-13T13:13:17Z,2023-06,Summer,2,2,0.9511799,Eurasian Jackdaw = 0.951; Red-billed Chough = 0.796
b68c258e9a6e24ad1d0d_168_171,b68c258e9a6e24ad1d0d,168,171,2022-11-12T09:48:28Z,2022-11,Autumn,2,2,0.95105827,Rose-ringed Parakeet = 0.951; Eurasian Wryneck = 0.58
89e0f87942f77ad360e2_24_27,89e0f87942f77ad360e2,24,27,2023-06-12T10:13:59Z,2023-06,Summer,2,2,0.9509105,Eurasian Jackdaw = 0.951; Red-billed Chough = 0.775
ae55e4237b744cc588f0_123_126,ae55e4237b744cc588f0,123,126,2023-07-11T06:49:47Z,2023-07,Summer,2,2,0.9502168,Eurasian Green Woodpecker = 0.95; Gray-headed Woodpecker = 0.714
ae1ea361dd563f580dfc_156_159,ae1ea361dd563f580dfc,156,159,2022-10-18T10:02:35Z,2022-10,Autumn,2,2,0.9494506,Eurasian Jackdaw = 0.949; Eurasian Magpie = 0.46
0a90dbc4acf3c1edd322_285_288,0a90dbc4acf3c1edd322,285,288,2023-05-21T05:36:49Z,2023-05,Spring,2,2,0.94941163,Eurasian Jackdaw = 0.949; Rook = 0.631
823874c9d06024fb449d_75_78,823874c9d06024fb449d,75,78,2023-03-02T07:58:13Z,2023-03,Spring,2,2,0.9492791,Eurasian Wryneck = 0.949; Rose-ringed Parakeet = 0.873
dfaaa0a1f4a10ba9d16c_51_54,dfaaa0a1f4a10ba9d16c,51,54,2023-04-21T19:06:47Z,2023-04,Spring,2,2,0.94911075,Dunnock = 0.949; Eurasian Wren = 0.574
c540d7c051ad93831d44_69_72,c540d7c051ad93831d44,69,72,2023-04-09T09:30:36Z,2023-04,Spring,2,2,0.9489505,Rose-ringed Parakeet = 0.949; Eurasian Wryneck = 0.493
cf85509b49ae59b0c98c_114_117,cf85509b49ae59b0c98c,114,117,2023-02-25T15:06:54Z,2023-02,Winter,2,2,0.9483517,Eurasian Jackdaw = 0.948; Red-billed Chough = 0.76
ca85fec9bc9e5503d327_87_90,ca85fec9bc9e5503d327,87,90,2022-12-27T10:27:22Z,2022-12,Winter,2,2,0.9482698,Eurasian Jackdaw = 0.948; Red-billed Chough = 0.657
a4e24c57cb615834f964_225_228,a4e24c57cb615834f964,225,228,2023-01-12T08:21:05Z,2023-01,Winter,2,2,0.9477829,Long-tailed Tit = 0.948; Common Firecrest = 0.584
9300d95b36f5c58272ea_108_111,9300d95b36f5c58272ea,108,111,2022-10-25T10:23:18Z,2022-10,Autumn,2,2,0.9476424,Rose-ringed Parakeet = 0.948; Eurasian Wryneck = 0.524
c1087f5648aa989f7dc0_297_300,c1087f5648aa989f7dc0,297,300,2022-09-29T09:46:50Z,2022-09,Autumn,2,2,0.94743043,Rose-ringed Parakeet = 0.947; Eurasian Wryneck = 0.743
4e404f8c347fbc2baedb_108_111,4e404f8c347fbc2baedb,108,111,2023-02-19T10:11:05Z,2023-02,Winter,2,2,0.94737494,Rose-ringed Parakeet = 0.947; Eurasian Wryneck = 0.563
1c6fd361971d5311d0b2_48_51,1c6fd361971d5311d0b2,48,51,2023-02-17T13:20:24Z,2023-02,Winter,2,2,0.94734067,Rose-ringed Parakeet = 0.947; Eurasian Wryneck = 0.528
d8d6b555c2a2a496c90d_63_66,d8d6b555c2a2a496c90d,63,66,2022-11-14T13:10:52Z,2022-11,Autumn,2,2,0.9463284,Rose-ringed Parakeet = 0.946; Eurasian Wryneck = 0.71
4090670cee2546539992_120_123,4090670cee2546539992,120,123,2022-12-05T14:06:58Z,2022-12,Winter,2,2,0.94490576,Eurasian Jackdaw = 0.945; Eurasian Green Woodpecker = 0.778
17c02fc15a01d4a30728_213_216,17c02fc15a01d4a30728,213,216,2022-12-22T11:57:50Z,2022-12,Winter,2,2,0.94459146,Eurasian Jackdaw = 0.945; Red-billed Chough = 0.611
40aeb778a6b380ec7ab9_174_177,40aeb778a6b380ec7ab9,174,177,2023-04-16T16:52:12Z,2023-04,Spring,2,2,0.9445047,Eurasian Jackdaw = 0.945; Rook = 0.533
714eb99017fbb862d2d4_72_75,714eb99017fbb862d2d4,72,75,2023-05-04T05:20:42Z,2023-05,Spring,2,2,0.94288844,Eurasian Jackdaw = 0.943; Rook = 0.749
30435e40a6b0b9ef3613_9_12,30435e40a6b0b9ef3613,9,12,2023-05-10T10:51:00Z,2023-05,Spring,2,2,0.9424636,Ring-necked Pheasant = 0.942; Tawny Owl = 0.621
36665f52562d334d857f_48_51,36665f52562d334d857f,48,51,2023-02-12T07:00:31Z,2023-02,Winter,2,2,0.9423639,Egyptian Goose = 0.942; Graylag Goose = 0.742
798db1c6f80433bc3988_138_141,798db1c6f80433bc3988,138,141,2024-03-21T13:17:39Z,2024-03,Spring,2,2,0.9422836,Eurasian Jackdaw = 0.942; Eurasian Green Woodpecker = 0.586
6c68395862f2e4606175_123_126,6c68395862f2e4606175,123,126,2022-09-01T11:28:51Z,2022-09,Autumn,2,2,0.9420888,Eurasian Jackdaw = 0.942; Red-billed Chough = 0.518
026d94867fda4850a0c4_144_147,026d94867fda4850a0c4,144,147,2023-05-06T07:24:09Z,2023-05,Spring,2,2,0.9420331,Eurasian Jackdaw = 0.942; Black Woodpecker = 0.476
bb25a855fcc76db595df_45_48,bb25a855fcc76db595df,45,48,2023-05-07T19:16:23Z,2023-05,Spring,2,2,0.9419849,Eurasian Jackdaw = 0.942; Eurasian Magpie = 0.484
5a0846f6f9a2b029898b_39_42,5a0846f6f9a2b029898b,39,42,2023-05-27T18:27:27Z,2023-05,Spring,2,2,0.9413371,Eurasian Green Woodpecker = 0.941; Iberian Green Woodpecker = 0.47
fb807dbc4eda0d32a54b_192_195,fb807dbc4eda0d32a54b,192,195,2024-03-28T08:49:30Z,2024-03,Spring,2,2,0.9406703,Red Kite = 0.941; Black Kite = 0.709
f2ef56db28b6fb05726a_150_153,f2ef56db28b6fb05726a,150,153,2022-09-18T07:49:42Z,2022-09,Autumn,2,2,0.9405117,Rose-ringed Parakeet = 0.941; Eurasian Wryneck = 0.605
0d9169d0a1f9f8cc53fc_246_249,0d9169d0a1f9f8cc53fc,246,249,2023-06-12T15:30:10Z,2023-06,Summer,2,2,0.93992585,Eurasian Jackdaw = 0.94; Red-billed Chough = 0.805
276adf22a9fc25952b9a_174_177,276adf22a9fc25952b9a,174,177,2023-05-18T06:46:24Z,2023-05,Spring,2,2,0.9396728,Red Kite = 0.94; Common Buzzard = 0.464
7eb4e4f7951a5cee00d5_42_45,7eb4e4f7951a5cee00d5,42,45,2022-10-17T14:34:46Z,2022-10,Autumn,2,2,0.9396019,Red-billed Chough = 0.94; Eurasian Jackdaw = 0.75
922fda68da3e13fd72af_285_288,922fda68da3e13fd72af,285,288,2023-03-02T09:02:12Z,2023-03,Spring,2,2,0.9382961,Rose-ringed Parakeet = 0.938; Eurasian Wryneck = 0.572
9ae51c55cebdd841533d_51_54,9ae51c55cebdd841533d,51,54,2023-02-14T15:07:06Z,2023-02,Winter,2,2,0.93768513,Rose-ringed Parakeet = 0.938; Eurasian Wryneck = 0.658
47d8cf268d6f909d7c55_78_81,47d8cf268d6f909d7c55,78,81,2023-02-04T15:03:55Z,2023-02,Winter,2,2,0.9372894,Rose-ringed Parakeet = 0.937; Eurasian Wryneck = 0.593
31a392b7cf0e42856d5b_297_300,31a392b7cf0e42856d5b,297,300,2023-06-01T11:20:13Z,2023-06,Summer,2,2,0.9371155,Red-billed Chough = 0.937; Eurasian Jackdaw = 0.765
7728f9ab2d29bdef195c_213_216,7728f9ab2d29bdef195c,213,216,2023-08-04T20:03:11Z,2023-08,Summer,2,2,0.9367171,Tawny Owl = 0.937; Little Owl = 0.503
2fe9fe86a3a4c8e023e2_0_3,2fe9fe86a3a4c8e023e2,0,3,2022-10-22T09:16:52Z,2022-10,Autumn,2,2,0.93528473,Rose-ringed Parakeet = 0.935; Eurasian Wryneck = 0.504
a18c1a51194ff7c3e445_156_159,a18c1a51194ff7c3e445,156,159,2023-05-23T03:29:55Z,2023-05,Spring,2,2,0.9352341,Tawny Owl = 0.935; Little Owl = 0.654
ea6fb4ad52e3d328d1c8_78_81,ea6fb4ad52e3d328d1c8,78,81,2024-02-12T13:53:06Z,2024-02,Winter,2,2,0.933946,Eurasian Wren = 0.934; Mistle Thrush = 0.743
57033c4817803d202903_36_39,57033c4817803d202903,36,39,2023-05-13T12:01:15Z,2023-05,Spring,2,2,0.93349135,Ring-necked Pheasant = 0.933; Tawny Owl = 0.476
135728f05f2294ee355b_51_54,135728f05f2294ee355b,51,54,2023-02-09T15:13:49Z,2023-02,Winter,2,2,0.9333108,Eurasian Jackdaw = 0.933; Eurasian Magpie = 0.574
c0b7d84277ffa592d26c_66_69,c0b7d84277ffa592d26c,66,69,2023-05-20T14:34:25Z,2023-05,Spring,2,2,0.9330773,Red Kite = 0.933; Black Kite = 0.682
c967892fe8cef782e5bd_21_24,c967892fe8cef782e5bd,21,24,2023-04-28T06:52:10Z,2023-04,Spring,2,2,0.93265474,Rose-ringed Parakeet = 0.933; Eurasian Wryneck = 0.679
72556637d47f286f8ec2_117_120,72556637d47f286f8ec2,117,120,2023-03-28T14:11:35Z,2023-03,Spring,2,2,0.9313011,Rose-ringed Parakeet = 0.931; Eurasian Wryneck = 0.526
6ea31aa8204c67068368_186_189,6ea31aa8204c67068368,186,189,2023-07-01T17:05:14Z,2023-07,Summer,2,2,0.9306314,Common Buzzard = 0.931; Red Kite = 0.61
1c67a274dd577236def8_270_273,1c67a274dd577236def8,270,273,2023-06-10T16:40:01Z,2023-06,Summer,2,2,0.930279,Red-billed Chough = 0.93; Eurasian Jackdaw = 0.666
fa764676703d1c637e03_0_3,fa764676703d1c637e03,0,3,2022-12-02T11:49:42Z,2022-12,Winter,2,2,0.93025595,Rose-ringed Parakeet = 0.93; Eurasian Wryneck = 0.559
40fdef35de082b7c518a_66_69,40fdef35de082b7c518a,66,69,2023-08-03T04:35:18Z,2023-08,Summer,2,2,0.9297631,Eurasian Green Woodpecker = 0.93; Gray-headed Woodpecker = 0.606
2e715ed9a9dc39361901_3_6,2e715ed9a9dc39361901,3,6,2022-10-18T13:16:36Z,2022-10,Autumn,2,2,0.92883873,Eurasian Green Woodpecker = 0.929; Gray-headed Woodpecker = 0.55
f3301279ecad9657f199_12_15,f3301279ecad9657f199,12,15,2023-05-28T12:02:07Z,2023-05,Spring,2,2,0.9287109,Ring-necked Pheasant = 0.929; Tawny Owl = 0.458
63933767ce29f68b0cad_294_297,63933767ce29f68b0cad,294,297,2023-01-14T10:09:11Z,2023-01,Winter,2,2,0.92868346,Rose-ringed Parakeet = 0.929; Eurasian Wryneck = 0.727
0859bb6eac853e8f2e07_150_153,0859bb6eac853e8f2e07,150,153,2023-06-13T11:09:34Z,2023-06,Summer,2,2,0.92854375,Eurasian Jackdaw = 0.929; Black Woodpecker = 0.509
ab9cfe6745930f5f8de1_75_78,ab9cfe6745930f5f8de1,75,78,2023-03-17T06:43:35Z,2023-03,Spring,2,2,0.92740613,Eurasian Jackdaw = 0.927; Red-billed Chough = 0.727
8aa7bd6d53c9a4448976_93_96,8aa7bd6d53c9a4448976,93,96,2023-03-21T13:04:09Z,2023-03,Spring,2,2,0.926804,Rose-ringed Parakeet = 0.927; Eurasian Wryneck = 0.501
0a9d2bdc3405906f2acf_228_231,0a9d2bdc3405906f2acf,228,231,2023-06-03T20:14:32Z,2023-06,Summer,2,2,0.92656225,Eurasian Jackdaw = 0.927; Red-billed Chough = 0.547
7d2afd8229db0aef560d_27_30,7d2afd8229db0aef560d,27,30,2022-11-07T08:48:45Z,2022-11,Autumn,2,2,0.92597497,Rose-ringed Parakeet = 0.926; Eurasian Wryneck = 0.556
3092607587fe1165de1a_186_189,3092607587fe1165de1a,186,189,2023-05-28T11:19:39Z,2023-05,Spring,2,2,0.92587787,Eurasian Jackdaw = 0.926; Red-billed Chough = 0.668
60e5b69acfca165776f7_6_9,60e5b69acfca165776f7,6,9,2023-05-28T05:03:41Z,2023-05,Spring,2,2,0.92514634,Ring-necked Pheasant = 0.925; Little Owl = 0.498
b8ab8162418bb9c4b43a_144_147,b8ab8162418bb9c4b43a,144,147,2023-06-19T06:40:52Z,2023-06,Summer,2,2,0.9249925,Red Kite = 0.925; Black Kite = 0.517
d3352872ac3b6172d5fc_264_267,d3352872ac3b6172d5fc,264,267,2022-11-26T14:11:37Z,2022-11,Autumn,2,2,0.9246179,Rose-ringed Parakeet = 0.925; Eurasian Wryneck = 0.862
c46a470b352ad22e8356_81_84,c46a470b352ad22e8356,81,84,2023-06-12T12:36:03Z,2023-06,Summer,2,2,0.92396180000000006,Eurasian Jackdaw = 0.924; Red-billed Chough = 0.528
3db1950071eef7015119_213_216,3db1950071eef7015119,213,216,2022-11-13T09:27:05Z,2022-11,Autumn,2,2,0.9238127,Eurasian Wryneck = 0.924; Rose-ringed Parakeet = 0.621
484b47e682b7517bcd82_15_18,484b47e682b7517bcd82,15,18,2023-06-13T13:23:24Z,2023-06,Summer,2,2,0.9235387,Red-billed Chough = 0.924; Eurasian Jackdaw = 0.673
4b2fa184c9a8fb403a77_222_225,4b2fa184c9a8fb403a77,222,225,2022-09-18T17:25:29Z,2022-09,Autumn,2,2,0.9235223,Eurasian Jackdaw = 0.924; Eurasian Magpie = 0.716
a3df88a23b1a5f95a342_207_210,a3df88a23b1a5f95a342,207,210,2023-03-29T08:58:41Z,2023-03,Spring,2,2,0.92346656,Rose-ringed Parakeet = 0.923; Eurasian Wryneck = 0.756
0c6a903954114ca7f475_54_57,0c6a903954114ca7f475,54,57,2023-05-08T05:28:04Z,2023-05,Spring,2,2,0.92203176,Ring-necked Pheasant = 0.922; Little Owl = 0.494
cedbb0b7a03edcc7cae4_186_189,cedbb0b7a03edcc7cae4,186,189,2023-02-21T16:56:41Z,2023-02,Winter,2,2,0.9217822,Eurasian Jackdaw = 0.922; Red-billed Chough = 0.575
c46d72a334729fea7433_3_6,c46d72a334729fea7433,3,6,2023-06-12T17:01:54Z,2023-06,Summer,2,2,0.9214199,Eurasian Jackdaw = 0.921; Red-billed Chough = 0.549
d754e93e5741b596b2b8_120_123,d754e93e5741b596b2b8,120,123,2022-09-12T08:21:07Z,2022-09,Autumn,2,2,0.9210401,Rose-ringed Parakeet = 0.921; Eurasian Wryneck = 0.892
d72d71e3f551a241f7d3_12_15,d72d71e3f551a241f7d3,12,15,2023-04-19T08:04:41Z,2023-04,Spring,2,2,0.92061025,Rose-ringed Parakeet = 0.921; Eurasian Wryneck = 0.499
0c36b73ac033bb1ad76b_111_114,0c36b73ac033bb1ad76b,111,114,2022-01-17T10:16:40Z,2022-01,Winter,2,2,0.9198131,Eurasian Green Woodpecker = 0.92; Osprey = 0.521
123e1e1872e62de87484_3_6,123e1e1872e62de87484,3,6,2023-06-02T10:53:12Z,2023-06,Summer,2,2,0.91972345,Eurasian Wren = 0.92; Goldcrest = 0.469
51c20bcb8006e94fcafc_294_297,51c20bcb8006e94fcafc,294,297,2022-11-21T07:38:29Z,2022-11,Autumn,2,2,0.9196092,Rose-ringed Parakeet = 0.92; Eurasian Wryneck = 0.712
5afb5d12abc55c59fe93_0_3,5afb5d12abc55c59fe93,0,3,2023-05-10T17:13:54Z,2023-05,Spring,2,2,0.9193943,Eurasian Jackdaw = 0.919; Black Woodpecker = 0.571
ffebaee7551cd3d7ab85_96_99,ffebaee7551cd3d7ab85,96,99,2023-04-30T11:41:57Z,2023-04,Spring,2,2,0.91935754,Rose-ringed Parakeet = 0.919; Eurasian Wryneck = 0.568
d4557f5cb161345e9191_60_63,d4557f5cb161345e9191,60,63,2023-04-21T05:35:28Z,2023-04,Spring,2,2,0.91918194,Eurasian Green Woodpecker = 0.919; Gray-headed Woodpecker = 0.46
d5ba777aff87938851d7_69_72,d5ba777aff87938851d7,69,72,2023-03-02T07:48:02Z,2023-03,Spring,2,2,0.9183733,Rose-ringed Parakeet = 0.918; Eurasian Wryneck = 0.523
ffa03de0223ca72ef082_33_36,ffa03de0223ca72ef082,33,36,2023-03-27T13:01:31Z,2023-03,Spring,2,2,0.9177169,Eurasian Jackdaw = 0.918; Red-billed Chough = 0.788
adb3d1ae6a6a05d353d0_0_3,adb3d1ae6a6a05d353d0,0,3,2023-02-04T14:42:28Z,2023-02,Winter,2,2,0.9173576,Rose-ringed Parakeet = 0.917; Yellow-billed Chough = 0.466
71f3bc65f0ba9b227bbd_225_228,71f3bc65f0ba9b227bbd,225,228,2023-01-28T03:29:27Z,2023-01,Winter,2,2,0.9173172,Tawny Owl = 0.917; Little Owl = 0.513
f556ec16954e7d08d4b6_132_135,f556ec16954e7d08d4b6,132,135,2022-09-19T05:51:31Z,2022-09,Autumn,2,2,0.9172063,Eurasian Jackdaw = 0.917; Red-billed Chough = 0.477
1bce76a9809b32c77b85_285_288,1bce76a9809b32c77b85,285,288,2023-07-31T09:46:59Z,2023-07,Summer,2,2,0.9169348,Red Kite = 0.917; Black Kite = 0.574
8d44199424bade5436dc_258_261,8d44199424bade5436dc,258,261,2023-02-28T06:39:23Z,2023-02,Winter,2,2,0.91677773,Rose-ringed Parakeet = 0.917; Eurasian Wryneck = 0.464
abc3e44815f0cd62a7da_18_21,abc3e44815f0cd62a7da,18,21,2024-03-21T07:43:01Z,2024-03,Spring,2,2,0.9160733,Rose-ringed Parakeet = 0.916; Eurasian Wryneck = 0.697
f42de3ebc031b0357546_234_237,f42de3ebc031b0357546,234,237,2023-04-23T04:18:56Z,2023-04,Spring,2,2,0.9153647,Mistle Thrush = 0.915; Eurasian Blackbird = 0.547
2f4e08c502d7034d895b_51_54,2f4e08c502d7034d895b,51,54,2022-10-15T15:19:13Z,2022-10,Autumn,2,2,0.9150367,Rose-ringed Parakeet = 0.915; Eurasian Wryneck = 0.624
89e0f87942f77ad360e2_21_24,89e0f87942f77ad360e2,21,24,2023-06-12T10:13:56Z,2023-06,Summer,2,2,0.9149266,Eurasian Jackdaw = 0.915; Red-billed Chough = 0.505
97281723a5ef869e2100_207_210,97281723a5ef869e2100,207,210,2023-06-12T10:06:57Z,2023-06,Summer,2,2,0.91414183,Eurasian Jackdaw = 0.914; Red-billed Chough = 0.744
3bb69453f96d3a092053_123_126,3bb69453f96d3a092053,123,126,2023-03-06T09:57:20Z,2023-03,Spring,2,2,0.9137507,Eurasian Wryneck = 0.914; Eurasian Hobby = 0.518
fd077ceb66640c562b08_3_6,fd077ceb66640c562b08,3,6,2023-02-04T20:00:04Z,2023-02,Winter,2,2,0.9134746,Tawny Owl = 0.913; Little Owl = 0.601
a5669b2d3c47ddea5b56_186_189,a5669b2d3c47ddea5b56,186,189,2023-05-05T05:35:50Z,2023-05,Spring,2,2,0.9131673,Eurasian Jackdaw = 0.913; Rook = 0.615
0aa7efa3a1f15f0455c8_279_282,0aa7efa3a1f15f0455c8,279,282,2023-03-25T17:16:27Z,2023-03,Spring,2,2,0.9124234,Rose-ringed Parakeet = 0.912; Eurasian Wryneck = 0.571
872dc5b13982fd617cf2_252_255,872dc5b13982fd617cf2,252,255,2023-06-05T12:37:28Z,2023-06,Summer,2,2,0.9121407,Eurasian Jackdaw = 0.912; Red-billed Chough = 0.725
484b47e682b7517bcd82_0_3,484b47e682b7517bcd82,0,3,2023-06-13T13:23:09Z,2023-06,Summer,2,2,0.9117193,Red-billed Chough = 0.912; Eurasian Jackdaw = 0.557
8cb622a7d02ee71206d5_120_123,8cb622a7d02ee71206d5,120,123,2023-05-28T14:09:55Z,2023-05,Spring,2,2,0.91169703,Eurasian Green Woodpecker = 0.912; Gray-headed Woodpecker = 0.495
b61a33a7638a7d388e01_138_141,b61a33a7638a7d388e01,138,141,2024-04-16T16:59:16Z,2024-04,Spring,2,2,0.9116408,Ring-necked Pheasant = 0.912; Little Owl = 0.54
f45b2c190c62e99e0208_219_222,f45b2c190c62e99e0208,219,222,2023-04-17T06:51:21Z,2023-04,Spring,2,2,0.91137165,Eurasian Jackdaw = 0.911; Red-billed Chough = 0.452
b39955b8c643803f33ea_99_102,b39955b8c643803f33ea,99,102,2023-06-10T17:12:27Z,2023-06,Summer,2,2,0.9102298,Red-billed Chough = 0.91; Eurasian Jackdaw = 0.491
a6b548dcbdae41f7733f_204_207,a6b548dcbdae41f7733f,204,207,2023-01-02T01:18:34Z,2023-01,Winter,2,2,0.9094638,Tawny Owl = 0.909; Little Owl = 0.506
13523c4533816c2cfc6c_3_6,13523c4533816c2cfc6c,3,6,2023-11-22T16:07:34Z,2023-11,Autumn,2,2,0.9091612,Eurasian Eagle-Owl = 0.909; Long-eared Owl = 0.591
438a334f02756ceef682_27_30,438a334f02756ceef682,27,30,2023-03-17T16:42:33Z,2023-03,Spring,2,2,0.90894234,Rose-ringed Parakeet = 0.909; Eurasian Wryneck = 0.726
13a4d5b259d67178de79_66_69,13a4d5b259d67178de79,66,69,2022-10-21T07:54:17Z,2022-10,Autumn,2,2,0.9086384,Eurasian Jackdaw = 0.909; Black Woodpecker = 0.553
cf66cff3640f25ae9ef9_0_3,cf66cff3640f25ae9ef9,0,3,2023-03-24T14:42:34Z,2023-03,Spring,2,2,0.90845007,Rose-ringed Parakeet = 0.908; Eurasian Wryneck = 0.648
ce260e5c59618abee3e2_6_9,ce260e5c59618abee3e2,6,9,2023-05-16T17:37:39Z,2023-05,Spring,2,2,0.9078427,Ring-necked Pheasant = 0.908; Tawny Owl = 0.575
825d087d15ca3095a94c_108_111,825d087d15ca3095a94c,108,111,2024-02-02T11:12:47Z,2024-02,Winter,2,2,0.90765566,Eurasian Jackdaw = 0.908; Black Woodpecker = 0.537
e4686badf1ae8270ce08_282_285,e4686badf1ae8270ce08,282,285,2023-06-25T05:21:10Z,2023-06,Summer,2,2,0.9075983,Eurasian Jackdaw = 0.908; Red-billed Chough = 0.568
36ded3f80fefbbc054ee_267_270,36ded3f80fefbbc054ee,267,270,2022-09-22T16:18:00Z,2022-09,Autumn,2,2,0.90724874,Red-billed Chough = 0.907; Eurasian Jackdaw = 0.624
188a0c43647020b24f07_243_246,188a0c43647020b24f07,243,246,2022-11-24T15:20:39Z,2022-11,Autumn,2,2,0.90700656,Rose-ringed Parakeet = 0.907; Eurasian Wryneck = 0.721
42f124f7a420aa03051c_162_165,42f124f7a420aa03051c,162,165,2023-07-25T23:56:52Z,2023-07,Summer,2,2,0.90666896,Tawny Owl = 0.907; Little Owl = 0.815
c8c6b7a32d6a4f6927f7_243_246,c8c6b7a32d6a4f6927f7,243,246,2023-05-11T08:26:46Z,2023-05,Spring,2,2,0.90586156,Ring-necked Pheasant = 0.906; Little Owl = 0.635
bb0fbb8f023a3c69cf46_78_81,bb0fbb8f023a3c69cf46,78,81,2022-10-18T06:39:41Z,2022-10,Autumn,2,2,0.90467316,Eurasian Jackdaw = 0.905; Red-billed Chough = 0.573
d9939a93269464e7995b_141_144,d9939a93269464e7995b,141,144,2023-10-18T06:05:59Z,2023-10,Autumn,2,2,0.9045281,Tawny Owl = 0.905; Northern Lapwing = 0.788
6b4f8ec51002e35a5f0e_237_240,6b4f8ec51002e35a5f0e,237,240,2023-06-28T05:04:24Z,2023-06,Summer,2,2,0.9038211,Eurasian Jackdaw = 0.904; Red-billed Chough = 0.608
8faefa58c71a9ce47296_30_33,8faefa58c71a9ce47296,30,33,2022-11-12T08:35:36Z,2022-11,Autumn,2,2,0.9037147,Eurasian Wryneck = 0.904; Rose-ringed Parakeet = 0.817
82281a04f1a26e404829_9_12,82281a04f1a26e404829,9,12,2022-11-11T14:55:15Z,2022-11,Autumn,2,2,0.90365016,Ring-necked Pheasant = 0.904; Graylag Goose = 0.574
fd654a5993ddf256d933_0_3,fd654a5993ddf256d933,0,3,2023-06-09T05:57:21Z,2023-06,Summer,2,2,0.90332216,Eurasian Jackdaw = 0.903; Eurasian Magpie = 0.563
4c5831a3f588fe9f7d19_3_6,4c5831a3f588fe9f7d19,3,6,2023-02-19T09:13:53Z,2023-02,Winter,2,2,0.9028881,Eurasian Wryneck = 0.903; Rose-ringed Parakeet = 0.52
1fe451ff10e6fb636f84_264_267,1fe451ff10e6fb636f84,264,267,2022-09-14T07:49:19Z,2022-09,Autumn,2,2,0.9025712,European Robin = 0.903; Crested Tit = 0.561
6ddf97fe8ff89fa98fef_147_150,6ddf97fe8ff89fa98fef,147,150,2023-05-22T03:41:44Z,2023-05,Spring,2,2,0.9024511,Ring-necked Pheasant = 0.902; Little Owl = 0.614
d1fda1ba277d386604c3_69_72,d1fda1ba277d386604c3,69,72,2022-01-19T09:33:05Z,2022-01,Winter,2,2,0.9020289,Great Tit = 0.902; Wood Lark = 0.791
2336030ff0370de89cfe_135_138,2336030ff0370de89cfe,135,138,2023-01-09T20:46:23Z,2023-01,Winter,2,2,0.90128785,Long-eared Owl = 0.901; Eurasian Eagle-Owl = 0.726
11af0664122ef3d10623_198_201,11af0664122ef3d10623,198,201,2023-01-21T14:56:56Z,2023-01,Winter,2,2,0.9003762,Eurasian Jackdaw = 0.9; Black Woodpecker = 0.484
7eb2a1553ad49492a89a_270_273,7eb2a1553ad49492a89a,270,273,2023-06-10T17:30:25Z,2023-06,Summer,2,2,0.90031564,Eurasian Jackdaw = 0.9; Red-billed Chough = 0.497
25a2a823a0b72891013a_135_138,25a2a823a0b72891013a,135,138,2023-04-09T07:30:43Z,2023-04,Spring,2,2,0.9000128,Rose-ringed Parakeet = 0.9; Eurasian Wryneck = 0.653
7933702f602555a0bd5b_0_3,7933702f602555a0bd5b,0,3,2023-03-07T11:08:53Z,2023-03,Spring,2,2,0.8998246,Rose-ringed Parakeet = 0.9; Eurasian Wryneck = 0.821
44c782cfedc101e81521_51_54,44c782cfedc101e81521,51,54,2023-04-05T07:06:46Z,2023-04,Spring,2,2,0.89931357,Eurasian Jackdaw = 0.899; Red-billed Chough = 0.505
a3db384eb7a93b3767c9_60_63,a3db384eb7a93b3767c9,60,63,2022-11-30T07:37:26Z,2022-11,Autumn,2,2,0.8989433,Eurasian Jackdaw = 0.899; Red-billed Chough = 0.821
c99a4dbeb9def98c9e39_243_246,c99a4dbeb9def98c9e39,243,246,2022-09-02T11:43:59Z,2022-09,Autumn,2,2,0.89857537,Eurasian Green Woodpecker = 0.899; Gray-headed Woodpecker = 0.559
d47c9817d6278eda6271_144_147,d47c9817d6278eda6271,144,147,2023-02-19T11:12:09Z,2023-02,Winter,2,2,0.8975791,Eurasian Wryneck = 0.898; Rose-ringed Parakeet = 0.701
779c2bb36dbc1946a2c7_255_258,779c2bb36dbc1946a2c7,255,258,2023-02-12T08:54:50Z,2023-02,Winter,2,2,0.8966671,Egyptian Goose = 0.897; Graylag Goose = 0.485
149f4e15a3d402e73088_177_180,149f4e15a3d402e73088,177,180,2023-04-08T13:26:10Z,2023-04,Spring,2,2,0.8966211,Eurasian Jackdaw = 0.897; Red-billed Chough = 0.811
e9316ebe99afddc8d1c3_216_219,e9316ebe99afddc8d1c3,216,219,2023-06-28T05:49:25Z,2023-06,Summer,2,2,0.89645094,Eurasian Jackdaw = 0.896; Eurasian Magpie = 0.558
db9dd9ce18a0a827e124_48_51,db9dd9ce18a0a827e124,48,51,2023-06-02T15:11:00Z,2023-06,Summer,2,2,0.8963062,Red-billed Chough = 0.896; Eurasian Jackdaw = 0.829
b68c258e9a6e24ad1d0d_171_174,b68c258e9a6e24ad1d0d,171,174,2022-11-12T09:48:31Z,2022-11,Autumn,2,2,0.8961843,Rose-ringed Parakeet = 0.896; Eurasian Wryneck = 0.576
90a194ac9bd01eb6acf1_288_291,90a194ac9bd01eb6acf1,288,291,2023-04-17T14:16:02Z,2023-04,Spring,2,2,0.89584255,Rose-ringed Parakeet = 0.896; Eurasian Wryneck = 0.488
0ab0ed31b82b53bfaca7_60_63,0ab0ed31b82b53bfaca7,60,63,2023-05-01T11:29:18Z,2023-05,Spring,2,2,0.89581895,Rose-ringed Parakeet = 0.896; Eurasian Wryneck = 0.797
42e22d58f215cfc1dbed_99_102,42e22d58f215cfc1dbed,99,102,2023-01-30T14:43:54Z,2023-01,Winter,2,2,0.894863,Rose-ringed Parakeet = 0.895; Eurasian Wryneck = 0.744
e651de6553f9e40c2299_168_171,e651de6553f9e40c2299,168,171,2023-05-25T05:52:25Z,2023-05,Spring,2,2,0.8946984,Eurasian Jackdaw = 0.895; Eurasian Magpie = 0.639
4b5e4dacb8221ea8483f_201_204,4b5e4dacb8221ea8483f,201,204,2023-05-25T09:29:41Z,2023-05,Spring,2,2,0.8946058,Eurasian Jackdaw = 0.895; Red-billed Chough = 0.686
d65a8f8e42f442dd98eb_243_246,d65a8f8e42f442dd98eb,243,246,2023-03-24T16:02:13Z,2023-03,Spring,2,2,0.89452344,Red-billed Chough = 0.895; Eurasian Jackdaw = 0.652
a757a938c3ef68305c0a_276_279,a757a938c3ef68305c0a,276,279,2023-06-14T03:46:21Z,2023-06,Summer,2,2,0.89449906,Eurasian Magpie = 0.894; Eurasian Jackdaw = 0.532
bcd9c32bd2e903a8b9f7_138_141,bcd9c32bd2e903a8b9f7,138,141,2023-06-12T10:00:46Z,2023-06,Summer,2,2,0.8935222,Red-billed Chough = 0.894; Eurasian Jackdaw = 0.865
12c8b06024f97ea8793f_42_45,12c8b06024f97ea8793f,42,45,2023-04-21T07:15:58Z,2023-04,Spring,2,2,0.89340127,Eurasian Jackdaw = 0.893; Red-billed Chough = 0.467
1c67a274dd577236def8_252_255,1c67a274dd577236def8,252,255,2023-06-10T16:39:43Z,2023-06,Summer,2,2,0.89197433,Red-billed Chough = 0.892; Eurasian Jackdaw = 0.579
f8564c2d81ff34b1f392_210_213,f8564c2d81ff34b1f392,210,213,2022-09-22T07:37:56Z,2022-09,Autumn,2,2,0.89138037,Eurasian Eagle-Owl = 0.891; Long-eared Owl = 0.583
4660e63c11aca3113cc0_234_237,4660e63c11aca3113cc0,234,237,2022-11-26T09:49:02Z,2022-11,Autumn,2,2,0.8911033,Rose-ringed Parakeet = 0.891; Eurasian Wryneck = 0.751
f9ca9819982820e1e932_120_123,f9ca9819982820e1e932,120,123,2022-11-30T10:39:53Z,2022-11,Autumn,2,2,0.8899159,Eurasian Wryneck = 0.89; Rose-ringed Parakeet = 0.694
9487530103b193ab04df_84_87,9487530103b193ab04df,84,87,2024-03-18T06:54:24Z,2024-03,Spring,2,2,0.88967586,Red-billed Chough = 0.89; Eurasian Jackdaw = 0.834
8ed666188aea0f1e1fd8_111_114,8ed666188aea0f1e1fd8,111,114,2022-11-26T10:17:14Z,2022-11,Autumn,2,2,0.8893021,Rose-ringed Parakeet = 0.889; Eurasian Wryneck = 0.519
d593a4b59a7c6c5b96e1_258_261,d593a4b59a7c6c5b96e1,258,261,2023-05-18T10:34:36Z,2023-05,Spring,2,2,0.88875824,Eurasian Jackdaw = 0.889; Red-billed Chough = 0.459
49de5cc276e9047004d0_204_207,49de5cc276e9047004d0,204,207,2023-02-12T09:14:09Z,2023-02,Winter,2,2,0.88833165,Red-billed Chough = 0.888; Eurasian Jackdaw = 0.608
f01c0143ceaf3e0fdd0b_174_177,f01c0143ceaf3e0fdd0b,174,177,2023-05-10T08:17:30Z,2023-05,Spring,2,2,0.8881405,Carrion Crow = 0.888; Hooded Crow = 0.839
e434ac8fbd6aeb618921_24_27,e434ac8fbd6aeb618921,24,27,2022-10-13T11:20:47Z,2022-10,Autumn,2,2,0.8880353,Rose-ringed Parakeet = 0.888; Eurasian Wryneck = 0.503
b9b60b95d6eda0a2c8a0_138_141,b9b60b95d6eda0a2c8a0,138,141,2023-05-17T06:07:26Z,2023-05,Spring,2,2,0.8879554,Rose-ringed Parakeet = 0.888; Eurasian Wryneck = 0.494
eec69198e83a2c1000b0_90_93,eec69198e83a2c1000b0,90,93,2022-10-16T07:59:23Z,2022-10,Autumn,2,2,0.8861031,Eurasian Jackdaw = 0.886; Red-billed Chough = 0.562
3051f808dbdabc4f37b0_30_33,3051f808dbdabc4f37b0,30,33,2023-05-10T06:04:04Z,2023-05,Spring,2,2,0.88539124,Red-billed Chough = 0.885; Eurasian Jackdaw = 0.502
23c9cfb0b20511704e0b_84_87,23c9cfb0b20511704e0b,84,87,2023-03-28T07:53:02Z,2023-03,Spring,2,2,0.88502353,Rose-ringed Parakeet = 0.885; Eurasian Wryneck = 0.76
164368faa4257578d43f_30_33,164368faa4257578d43f,30,33,2023-05-14T15:51:02Z,2023-05,Spring,2,2,0.8849416,Eurasian Jackdaw = 0.885; Rook = 0.761
231ef4192d734f0103d0_123_126,231ef4192d734f0103d0,123,126,2023-03-27T15:09:01Z,2023-03,Spring,2,2,0.8846087,Eurasian Jackdaw = 0.885; Red-billed Chough = 0.732
445777b9d8fb6f820e77_39_42,445777b9d8fb6f820e77,39,42,2023-03-28T10:43:38Z,2023-03,Spring,2,2,0.88458294,Rose-ringed Parakeet = 0.885; Eurasian Wryneck = 0.459
0728aef2ac1524f8f3a9_228_231,0728aef2ac1524f8f3a9,228,231,2023-03-16T13:41:24Z,2023-03,Spring,2,2,0.88431764,Eurasian Jackdaw = 0.884; Black Woodpecker = 0.508
67d0d901e51b49f1b55a_276_279,67d0d901e51b49f1b55a,276,279,2023-06-18T00:55:41Z,2023-06,Summer,2,2,0.88396084,Tawny Owl = 0.884; Little Owl = 0.843
1d4902ac02a97e55d6f0_0_3,1d4902ac02a97e55d6f0,0,3,2023-06-14T19:04:06Z,2023-06,Summer,2,2,0.88392234,Spotted Flycatcher = 0.884; Mediterranean Flycatcher = 0.672
68ed0ca40370265ae772_297_300,68ed0ca40370265ae772,297,300,2023-06-12T11:08:56Z,2023-06,Summer,2,2,0.8835679,Red-billed Chough = 0.884; Eurasian Jackdaw = 0.648
20c658f4f4b7c79f50e2_183_186,20c658f4f4b7c79f50e2,183,186,2022-11-11T09:45:40Z,2022-11,Autumn,2,2,0.88356730000000006,Rose-ringed Parakeet = 0.884; Eurasian Wryneck = 0.569
07c7e0cae6a1e5a951e7_189_192,07c7e0cae6a1e5a951e7,189,192,2023-03-20T16:29:17Z,2023-03,Spring,2,2,0.88291144,Eurasian Jackdaw = 0.883; Red-billed Chough = 0.808
e651de6553f9e40c2299_249_252,e651de6553f9e40c2299,249,252,2023-05-25T05:53:46Z,2023-05,Spring,2,2,0.88264316,Eurasian Jackdaw = 0.883; Red-billed Chough = 0.616
b6a1cea78859798a1a71_33_36,b6a1cea78859798a1a71,33,36,2023-05-16T13:31:08Z,2023-05,Spring,2,2,0.88232625,Ring-necked Pheasant = 0.882; Tawny Owl = 0.466
0d9169d0a1f9f8cc53fc_243_246,0d9169d0a1f9f8cc53fc,243,246,2023-06-12T15:30:07Z,2023-06,Summer,2,2,0.88189906,Eurasian Jackdaw = 0.882; Red-billed Chough = 0.642
91f5ab7b0e66b97c0279_192_195,91f5ab7b0e66b97c0279,192,195,2022-11-09T17:38:26Z,2022-11,Autumn,2,2,0.8816586,Long-eared Owl = 0.882; Eurasian Eagle-Owl = 0.596
d1fda1ba277d386604c3_42_45,d1fda1ba277d386604c3,42,45,2022-01-19T09:32:38Z,2022-01,Winter,2,2,0.88165146,Great Tit = 0.882; Wood Lark = 0.585
c9a85e1da489e18ed538_282_285,c9a85e1da489e18ed538,282,285,2023-03-02T07:41:30Z,2023-03,Spring,2,2,0.8814964,Eurasian Wryneck = 0.881; Rose-ringed Parakeet = 0.746
9f670ca0db9041b74eec_60_63,9f670ca0db9041b74eec,60,63,2022-10-12T14:45:00Z,2022-10,Autumn,2,2,0.88137054,Eurasian Magpie = 0.881; Eurasian Jackdaw = 0.511
31a5b7ae7d68653c9e5c_93_96,31a5b7ae7d68653c9e5c,93,96,2023-06-10T16:21:56Z,2023-06,Summer,2,2,0.88081896,Red-billed Chough = 0.881; Eurasian Jackdaw = 0.801
24c92ec439752d7b6a8f_153_156,24c92ec439752d7b6a8f,153,156,2024-04-16T16:04:04Z,2024-04,Spring,2,2,0.88047993,Ring-necked Pheasant = 0.88; Little Owl = 0.844
4b9e0fb6d3c039937466_213_216,4b9e0fb6d3c039937466,213,216,2022-11-07T07:31:13Z,2022-11,Autumn,2,2,0.88040096,Eurasian Jackdaw = 0.88; Red-billed Chough = 0.505
055ce90024b5566f0bbc_150_153,055ce90024b5566f0bbc,150,153,2023-02-10T14:44:46Z,2023-02,Winter,2,2,0.8792641,Carrion Crow = 0.879; Hooded Crow = 0.762
46f8bf918960f21acd96_54_57,46f8bf918960f21acd96,54,57,2022-11-19T15:32:10Z,2022-11,Autumn,2,2,0.87863463,Rose-ringed Parakeet = 0.879; Eurasian Wryneck = 0.776
3f818086cecdaeabf4bf_150_153,3f818086cecdaeabf4bf,150,153,2023-03-26T11:04:22Z,2023-03,Spring,2,2,0.87858826,Rose-ringed Parakeet = 0.879; Eurasian Wryneck = 0.825
df422c57d4421398a058_24_27,df422c57d4421398a058,24,27,2023-06-07T09:58:31Z,2023-06,Summer,2,2,0.87831885,Eurasian Jackdaw = 0.878; Eurasian Magpie = 0.506
29dc10eb8f5ebae45248_18_21,29dc10eb8f5ebae45248,18,21,2023-05-20T08:40:49Z,2023-05,Spring,2,2,0.8778485,Eurasian Jackdaw = 0.878; Eurasian Green Woodpecker = 0.644
bfb7594fe1a31e417764_117_120,bfb7594fe1a31e417764,117,120,2022-10-04T14:51:34Z,2022-10,Autumn,2,2,0.87784785,Eurasian Jackdaw = 0.878; Red-billed Chough = 0.589
0496dccb8f08dad20fbe_237_240,0496dccb8f08dad20fbe,237,240,2023-05-09T04:13:34Z,2023-05,Spring,2,2,0.8775525,Eurasian Jackdaw = 0.878; Red-billed Chough = 0.574
fd47defe568168c46696_279_282,fd47defe568168c46696,279,282,2023-06-10T16:04:53Z,2023-06,Summer,2,2,0.8774529,Eurasian Jackdaw = 0.877; Red-billed Chough = 0.569
790e7c4d2166cd72b69e_45_48,790e7c4d2166cd72b69e,45,48,2024-04-08T04:40:38Z,2024-04,Spring,2,2,0.876691,Ring-necked Pheasant = 0.877; Little Owl = 0.481
01fead7be2332458c51d_183_186,01fead7be2332458c51d,183,186,2022-09-08T09:20:24Z,2022-09,Autumn,2,2,0.8752124,Eurasian Magpie = 0.875; Eurasian Jackdaw = 0.818
a5ec1214533baebbdec3_222_225,a5ec1214533baebbdec3,222,225,2023-07-04T10:41:54Z,2023-07,Summer,2,2,0.8748577,Dunnock = 0.875; Common Kingfisher = 0.626
1826f7087b1413e5725a_114_117,1826f7087b1413e5725a,114,117,2023-06-13T13:50:15Z,2023-06,Summer,2,2,0.87425774,Eurasian Jackdaw = 0.874; Red-billed Chough = 0.675
e071b8cc0745d8c71d58_198_201,e071b8cc0745d8c71d58,198,201,2022-11-04T08:10:39Z,2022-11,Autumn,2,2,0.8741141,Eurasian Wryneck = 0.874; Rose-ringed Parakeet = 0.812
c5547ff3ce70dc5fee59_225_228,c5547ff3ce70dc5fee59,225,228,2023-06-10T16:09:01Z,2023-06,Summer,2,2,0.873197,Eurasian Jackdaw = 0.873; Red-billed Chough = 0.54
667f10001e6ee7fab26e_156_159,667f10001e6ee7fab26e,156,159,2023-04-30T14:34:19Z,2023-04,Spring,2,2,0.8731434,Rose-ringed Parakeet = 0.873; Eurasian Wryneck = 0.667
2a33c3283514532ea7fd_123_126,2a33c3283514532ea7fd,123,126,2024-04-10T07:59:44Z,2024-04,Spring,2,2,0.8730611,Eurasian Green Woodpecker = 0.873; Black Woodpecker = 0.488
750ac7358ba8607b7ce7_114_117,750ac7358ba8607b7ce7,114,117,2023-03-02T07:28:37Z,2023-03,Spring,2,2,0.8718832,Eurasian Wryneck = 0.872; Rose-ringed Parakeet = 0.627
e72995ad09e12eb4aae0_15_18,e72995ad09e12eb4aae0,15,18,2023-02-01T09:15:59Z,2023-02,Winter,2,2,0.8717803,Eurasian Eagle-Owl = 0.872; Long-eared Owl = 0.801
d66301a132049920d101_198_201,d66301a132049920d101,198,201,2023-02-21T14:25:40Z,2023-02,Winter,2,2,0.87141365,Rose-ringed Parakeet = 0.871; Eurasian Wryneck = 0.483
f01c0143ceaf3e0fdd0b_153_156,f01c0143ceaf3e0fdd0b,153,156,2023-05-10T08:17:09Z,2023-05,Spring,2,2,0.87010336,Hooded Crow = 0.87; Carrion Crow = 0.634
4ea4ec467de03488e7da_96_99,4ea4ec467de03488e7da,96,99,2023-02-13T09:25:36Z,2023-02,Winter,2,2,0.869359,Rose-ringed Parakeet = 0.869; Eurasian Wryneck = 0.461
89e01d71eda2f2af6aa7_159_162,89e01d71eda2f2af6aa7,159,162,2022-11-05T10:39:13Z,2022-11,Autumn,2,2,0.86897415,Red-billed Chough = 0.869; Eurasian Jackdaw = 0.505
560eea017add6f906e28_39_42,560eea017add6f906e28,39,42,2023-06-03T05:49:31Z,2023-06,Summer,2,2,0.8688074,Eurasian Jackdaw = 0.869; Black Woodpecker = 0.538
a79fb7d48d76a567c567_120_123,a79fb7d48d76a567c567,120,123,2022-10-25T08:22:32Z,2022-10,Autumn,2,2,0.86858517,Eurasian Wryneck = 0.869; Rose-ringed Parakeet = 0.467
8e4f9a4a3f8c97a870fa_255_258,8e4f9a4a3f8c97a870fa,255,258,2023-04-03T10:20:35Z,2023-04,Spring,2,2,0.868103,Hooded Crow = 0.868; Carrion Crow = 0.493
fddb0cfaed910721ed42_174_177,fddb0cfaed910721ed42,174,177,2022-09-02T14:44:17Z,2022-09,Autumn,2,2,0.86803585,Eurasian Jackdaw = 0.868; Eurasian Moorhen = 0.639
af7feb96ee17c18bd4da_126_129,af7feb96ee17c18bd4da,126,129,2024-03-20T01:22:04Z,2024-03,Spring,2,2,0.86732835,Tawny Owl = 0.867; Little Owl = 0.552
c493221b5bf1675d1c1b_60_63,c493221b5bf1675d1c1b,60,63,2024-03-13T11:30:39Z,2024-03,Spring,2,2,0.86703414,Eurasian Blue Tit = 0.867; Common Sandpiper = 0.57
9789fe7020b08fb5d3e6_264_267,9789fe7020b08fb5d3e6,264,267,2023-04-14T15:36:59Z,2023-04,Spring,2,2,0.86701465,Eurasian Wryneck = 0.867; Rose-ringed Parakeet = 0.86
eb1899e4f6d59398f583_192_195,eb1899e4f6d59398f583,192,195,2023-03-02T07:34:58Z,2023-03,Spring,2,2,0.866743,Rose-ringed Parakeet = 0.867; Eurasian Wryneck = 0.505
39b6d0fe4b7a44bcede4_0_3,39b6d0fe4b7a44bcede4,0,3,2022-12-10T15:10:48Z,2022-12,Winter,2,2,0.86549014,Rose-ringed Parakeet = 0.865; Eurasian Wryneck = 0.634
4f169478ddace8cd189e_45_48,4f169478ddace8cd189e,45,48,2022-09-06T10:52:41Z,2022-09,Autumn,2,2,0.865366,Red-billed Chough = 0.865; Eurasian Jackdaw = 0.531
a520c16efb2ecdb9cd0c_114_117,a520c16efb2ecdb9cd0c,114,117,2023-05-16T13:52:39Z,2023-05,Spring,2,2,0.86525506,Ring-necked Pheasant = 0.865; Little Owl = 0.512
c116a4648774baf5e5dd_12_15,c116a4648774baf5e5dd,12,15,2023-05-04T14:34:07Z,2023-05,Spring,2,2,0.8641284,Rose-ringed Parakeet = 0.864; Eurasian Wryneck = 0.551
127eee3b0129e44ab9dc_87_90,127eee3b0129e44ab9dc,87,90,2022-10-29T07:25:14Z,2022-10,Autumn,2,2,0.8638058,Eurasian Jackdaw = 0.864; Red-billed Chough = 0.835
d5ba777aff87938851d7_135_138,d5ba777aff87938851d7,135,138,2023-03-02T07:49:08Z,2023-03,Spring,2,2,0.8637236,Eurasian Wryneck = 0.864; Rose-ringed Parakeet = 0.507
de83e6d4f106c41c6e83_36_39,de83e6d4f106c41c6e83,36,39,2023-04-07T06:27:27Z,2023-04,Spring,2,2,0.8626136,Eurasian Magpie = 0.863; Eurasian Jackdaw = 0.471
3d4662169903afc49d24_237_240,3d4662169903afc49d24,237,240,2022-09-24T07:34:28Z,2022-09,Autumn,2,2,0.86200213,Rose-ringed Parakeet = 0.862; Eurasian Wryneck = 0.633
266ec0a0627d243d2620_78_81,266ec0a0627d243d2620,78,81,2023-03-20T05:52:22Z,2023-03,Spring,2,2,0.86157924,Hooded Crow = 0.862; Carrion Crow = 0.585
59a886c350acfa82bfa5_111_114,59a886c350acfa82bfa5,111,114,2023-03-14T08:56:07Z,2023-03,Spring,2,2,0.8614372,Mistle Thrush = 0.861; Common Greenshank = 0.564
20f1f734d4c6f641660b_57_60,20f1f734d4c6f641660b,57,60,2022-09-12T08:09:59Z,2022-09,Autumn,2,2,0.8605424,Eurasian Wryneck = 0.861; Rose-ringed Parakeet = 0.769
da03f280cec757801d7e_0_3,da03f280cec757801d7e,0,3,2023-04-09T08:39:03Z,2023-04,Spring,2,2,0.8602892,Rose-ringed Parakeet = 0.86; Eurasian Wryneck = 0.582
a7b8de617322110ba028_6_9,a7b8de617322110ba028,6,9,2022-09-22T06:59:15Z,2022-09,Autumn,2,2,0.8596855,Eurasian Jackdaw = 0.86; Eurasian Magpie = 0.521
d1fda1ba277d386604c3_63_66,d1fda1ba277d386604c3,63,66,2022-01-19T09:32:59Z,2022-01,Winter,2,2,0.85881466,Great Tit = 0.859; Wood Lark = 0.703
be16fc5eabae232614a7_108_111,be16fc5eabae232614a7,108,111,2023-06-10T17:32:45Z,2023-06,Summer,2,2,0.858495,Red-billed Chough = 0.858; Eurasian Jackdaw = 0.829
17e5e326a22b16e35f88_12_15,17e5e326a22b16e35f88,12,15,2023-08-03T09:11:38Z,2023-08,Summer,2,2,0.85830766,Eurasian Green Woodpecker = 0.858; Gray-headed Woodpecker = 0.506
8e232d12edd7eef8d61c_135_138,8e232d12edd7eef8d61c,135,138,2022-09-30T21:37:56Z,2022-09,Autumn,2,2,0.8578213,Eurasian Eagle-Owl = 0.858; Long-eared Owl = 0.513
3edb8fa14bbda1baebb4_78_81,3edb8fa14bbda1baebb4,78,81,2023-05-07T05:05:07Z,2023-05,Spring,2,2,0.85766834,Eurasian Jackdaw = 0.858; Red-billed Chough = 0.583
955c8797f72dd46a2e9a_90_93,955c8797f72dd46a2e9a,90,93,2023-02-18T14:54:54Z,2023-02,Winter,2,2,0.85591924,Rose-ringed Parakeet = 0.856; Eurasian Wryneck = 0.683
1aee5ebabf9d79e5629a_132_135,1aee5ebabf9d79e5629a,132,135,2023-02-19T12:32:36Z,2023-02,Winter,2,2,0.8555645,Rose-ringed Parakeet = 0.856; Eurasian Wryneck = 0.668
ecb3d77a7044e4b7f59b_276_279,ecb3d77a7044e4b7f59b,276,279,2022-11-30T13:59:03Z,2022-11,Autumn,2,2,0.85407066,Ring-necked Pheasant = 0.854; Egyptian Goose = 0.689
6dab0248ffb4e50d30da_180_183,6dab0248ffb4e50d30da,180,183,2024-04-01T14:10:43Z,2024-04,Spring,2,2,0.85405767,Dunnock = 0.854; European Stonechat = 0.502
9c3b4bfaaca7810e85db_42_45,9c3b4bfaaca7810e85db,42,45,2024-04-01T07:30:15Z,2024-04,Spring,2,2,0.85294473,Red Kite = 0.853; Common Buzzard = 0.7
ef087f2f0ec1ca068fec_264_267,ef087f2f0ec1ca068fec,264,267,2023-05-13T12:15:08Z,2023-05,Spring,2,2,0.85292476,Ring-necked Pheasant = 0.853; Little Owl = 0.575
db2b9bcb7784cc067512_270_273,db2b9bcb7784cc067512,270,273,2023-03-29T10:25:25Z,2023-03,Spring,2,2,0.85264623,Eurasian Jackdaw = 0.853; Eurasian Magpie = 0.724
a00a248596dcccf6131e_108_111,a00a248596dcccf6131e,108,111,2023-01-06T09:46:49Z,2023-01,Winter,2,2,0.8522067,Rose-ringed Parakeet = 0.852; Eurasian Wryneck = 0.747
6f194854b28b1f701236_168_171,6f194854b28b1f701236,168,171,2022-10-12T07:13:10Z,2022-10,Autumn,2,2,0.85200644,Eurasian Jackdaw = 0.852; Eurasian Magpie = 0.795
08c9418128a2a3ee628b_138_141,08c9418128a2a3ee628b,138,141,2022-11-12T10:08:07Z,2022-11,Autumn,2,2,0.8518893,Rose-ringed Parakeet = 0.852; Eurasian Wryneck = 0.657
3e9a3be5a516f04674d9_27_30,3e9a3be5a516f04674d9,27,30,2022-09-11T09:52:15Z,2022-09,Autumn,2,2,0.8516818,Eurasian Jackdaw = 0.852; Red-billed Chough = 0.505
9eb5a3881cd1c7a27754_57_60,9eb5a3881cd1c7a27754,57,60,2023-06-25T22:20:35Z,2023-06,Summer,2,2,0.8496316,Eurasian Eagle-Owl = 0.85; Long-eared Owl = 0.471
58b1865e182c023db045_225_228,58b1865e182c023db045,225,228,2022-10-03T16:00:51Z,2022-10,Autumn,2,2,0.84938097,Eurasian Jackdaw = 0.849; Red-billed Chough = 0.706
0d9169d0a1f9f8cc53fc_252_255,0d9169d0a1f9f8cc53fc,252,255,2023-06-12T15:30:16Z,2023-06,Summer,2,2,0.8490435,Eurasian Jackdaw = 0.849; Red-billed Chough = 0.529
527416a1135686331fef_246_249,527416a1135686331fef,246,249,2023-07-26T01:29:00Z,2023-07,Summer,2,2,0.8484402,Little Owl = 0.848; Tawny Owl = 0.802
0bd523fc7c3119d92322_21_24,0bd523fc7c3119d92322,21,24,2024-03-14T13:54:18Z,2024-03,Spring,2,2,0.8481541,Red Kite = 0.848; Black Kite = 0.56
6fd2ba4c0d7a577075c8_42_45,6fd2ba4c0d7a577075c8,42,45,2023-02-14T07:03:06Z,2023-02,Winter,2,2,0.84808826,Rose-ringed Parakeet = 0.848; Eurasian Wryneck = 0.59
58c341a9b9a4de5f0137_243_246,58c341a9b9a4de5f0137,243,246,2022-10-23T10:19:25Z,2022-10,Autumn,2,2,0.84765464,Eurasian Jackdaw = 0.848; Red-billed Chough = 0.494
9c291dad0000aa3aa5fb_24_27,9c291dad0000aa3aa5fb,24,27,2022-10-15T08:20:25Z,2022-10,Autumn,2,2,0.84703654,Eurasian Wryneck = 0.847; Rose-ringed Parakeet = 0.563
f8df6eb5808bd5fad924_30_33,f8df6eb5808bd5fad924,30,33,2023-03-23T08:01:45Z,2023-03,Spring,2,2,0.8468994,Eurasian Jackdaw = 0.847; Red-billed Chough = 0.544
80225bc56b36b9b97e92_168_171,80225bc56b36b9b97e92,168,171,2024-04-17T11:25:11Z,2024-04,Spring,2,2,0.84621686,Ring-necked Pheasant = 0.846; Little Owl = 0.611
983b55efed4b0e962f2d_129_132,983b55efed4b0e962f2d,129,132,2023-03-29T16:41:06Z,2023-03,Spring,2,2,0.84605104,Eurasian Green Woodpecker = 0.846; Eurasian Curlew = 0.583
88495201ab1658d408b5_69_72,88495201ab1658d408b5,69,72,2023-03-16T08:06:05Z,2023-03,Spring,2,2,0.8456432,Eurasian Blue Tit = 0.846; Eurasian Treecreeper = 0.564
9fc6148e184a1585d2e2_276_279,9fc6148e184a1585d2e2,276,279,2023-06-27T06:52:52Z,2023-06,Summer,2,2,0.84553,Red-billed Chough = 0.846; Eurasian Jackdaw = 0.556
29b128516d9f3bb7602b_162_165,29b128516d9f3bb7602b,162,165,2023-02-21T10:38:16Z,2023-02,Winter,2,2,0.8439597,Eurasian Jackdaw = 0.844; Red-billed Chough = 0.691
df8df534540c467f312c_51_54,df8df534540c467f312c,51,54,2023-02-18T11:52:47Z,2023-02,Winter,2,2,0.84384173,Eurasian Jackdaw = 0.844; Red-billed Chough = 0.466
05e8da3054926c2b02a2_192_195,05e8da3054926c2b02a2,192,195,2023-02-03T07:34:11Z,2023-02,Winter,2,2,0.84376425,Eurasian Green Woodpecker = 0.844; Gray-headed Woodpecker = 0.481
ca85fec9bc9e5503d327_90_93,ca85fec9bc9e5503d327,90,93,2022-12-27T10:27:25Z,2022-12,Winter,2,2,0.84334993,Eurasian Jackdaw = 0.843; Red-billed Chough = 0.674
71b3f1a33668c68a965f_144_147,71b3f1a33668c68a965f,144,147,2023-05-22T17:28:16Z,2023-05,Spring,2,2,0.84292006,Ring-necked Pheasant = 0.843; Little Owl = 0.541
d66b516610032fa3a87b_210_213,d66b516610032fa3a87b,210,213,2022-11-11T07:19:57Z,2022-11,Autumn,2,2,0.842917,Eurasian Green Woodpecker = 0.843; Gray-headed Woodpecker = 0.593
4a54b8c30a4985036f2e_282_285,4a54b8c30a4985036f2e,282,285,2022-12-25T15:54:56Z,2022-12,Winter,2,2,0.841596,Carrion Crow = 0.842; Hooded Crow = 0.503
954194685d35ab068389_0_3,954194685d35ab068389,0,3,2023-06-12T15:15:59Z,2023-06,Summer,2,2,0.84110796,Eurasian Jackdaw = 0.841; Red-billed Chough = 0.615
d25b8c801596ec7de261_90_93,d25b8c801596ec7de261,90,93,2023-04-14T05:24:14Z,2023-04,Spring,2,2,0.8396457,Eurasian Jackdaw = 0.84; Red-billed Chough = 0.457
80b77b11107cfef26720_135_138,80b77b11107cfef26720,135,138,2023-04-20T04:23:05Z,2023-04,Spring,2,2,0.8392366,Eurasian Blue Tit = 0.839; European Robin = 0.671
a6b616580abf6736bb57_135_138,a6b616580abf6736bb57,135,138,2022-02-07T08:15:12Z,2022-02,Winter,2,2,0.8392105,Wood Lark = 0.839; Ortolan Bunting = 0.714
72befedc0e217c87fe5c_96_99,72befedc0e217c87fe5c,96,99,2023-03-21T09:47:36Z,2023-03,Spring,2,2,0.8384695,Eurasian Jackdaw = 0.838; Eurasian Magpie = 0.788
9db7d1e43322ff49fdc4_180_183,9db7d1e43322ff49fdc4,180,183,2023-03-18T07:38:47Z,2023-03,Spring,2,2,0.83842933,Eurasian Jackdaw = 0.838; Red-billed Chough = 0.463
647a045693f43f5da652_252_255,647a045693f43f5da652,252,255,2023-04-08T09:50:41Z,2023-04,Spring,2,2,0.8383589,Rose-ringed Parakeet = 0.838; Eurasian Wryneck = 0.57
b8a77b7534e690d10748_228_231,b8a77b7534e690d10748,228,231,2023-02-14T14:54:56Z,2023-02,Winter,2,2,0.83821326,Rose-ringed Parakeet = 0.838; Eurasian Jackdaw = 0.519
87cd2302078766d2541a_207_210,87cd2302078766d2541a,207,210,2022-10-06T14:49:10Z,2022-10,Autumn,2,2,0.8381169,Eurasian Wryneck = 0.838; Rose-ringed Parakeet = 0.629
7308578d8cf559761df5_195_198,7308578d8cf559761df5,195,198,2023-05-17T03:47:16Z,2023-05,Spring,2,2,0.83789104,Carrion Crow = 0.838; Hooded Crow = 0.555
fdfe25289c6db46e18df_39_42,fdfe25289c6db46e18df,39,42,2023-06-06T12:21:52Z,2023-06,Summer,2,2,0.83780116,Eurasian Jackdaw = 0.838; Eurasian Magpie = 0.696
c5668c3d7dce9a0e23fe_129_132,c5668c3d7dce9a0e23fe,129,132,2023-03-25T17:24:02Z,2023-03,Spring,2,2,0.8374298,Eurasian Green Woodpecker = 0.837; Gray-headed Woodpecker = 0.497
0577ae7ed7d8ef304b0e_69_72,0577ae7ed7d8ef304b0e,69,72,2023-06-22T10:30:48Z,2023-06,Summer,2,2,0.83697844,Eurasian Three-toed Woodpecker = 0.837; Black Woodpecker = 0.684
f101d40f66b8106c103f_252_255,f101d40f66b8106c103f,252,255,2022-11-30T14:44:01Z,2022-11,Autumn,2,2,0.835093,Rose-ringed Parakeet = 0.835; Eurasian Wryneck = 0.544
1c67a274dd577236def8_273_276,1c67a274dd577236def8,273,276,2023-06-10T16:40:04Z,2023-06,Summer,2,2,0.8350213,Red-billed Chough = 0.835; Eurasian Jackdaw = 0.686
9f73aa3f9c3096927b69_294_297,9f73aa3f9c3096927b69,294,297,2024-02-29T21:17:53Z,2024-02,Winter,2,2,0.83479244,Long-eared Owl = 0.835; Eurasian Eagle-Owl = 0.457
5040e1618da7be3c935b_219_222,5040e1618da7be3c935b,219,222,2022-09-14T12:05:37Z,2022-09,Autumn,2,2,0.83460546,Carrion Crow = 0.835; Hooded Crow = 0.48
72ccb6f6dcdd1ae85d4a_207_210,72ccb6f6dcdd1ae85d4a,207,210,2023-06-28T10:31:31Z,2023-06,Summer,2,2,0.8341568,Eurasian Jackdaw = 0.834; Red-billed Chough = 0.796
00b16344bdce0a7a572e_111_114,00b16344bdce0a7a572e,111,114,2023-06-04T07:24:33Z,2023-06,Summer,2,2,0.83415,Red Kite = 0.834; Common Buzzard = 0.495
7308578d8cf559761df5_138_141,7308578d8cf559761df5,138,141,2023-05-17T03:46:19Z,2023-05,Spring,2,2,0.834143,Carrion Crow = 0.834; Hooded Crow = 0.653
a30fb04d41a06e13d65d_3_6,a30fb04d41a06e13d65d,3,6,2023-05-13T08:49:11Z,2023-05,Spring,2,2,0.8339688,Eurasian Jackdaw = 0.834; Red-billed Chough = 0.699
10045746c50c2505019b_297_300,10045746c50c2505019b,297,300,2022-09-25T07:13:19Z,2022-09,Autumn,2,2,0.8338868,Eurasian Magpie = 0.834; Eurasian Jackdaw = 0.826
6d6f89d229d981021353_270_273,6d6f89d229d981021353,270,273,2023-06-12T09:37:46Z,2023-06,Summer,2,2,0.83350456,Red-billed Chough = 0.834; Eurasian Jackdaw = 0.452
6add101fe5b5439ce817_117_120,6add101fe5b5439ce817,117,120,2023-06-12T09:25:08Z,2023-06,Summer,2,2,0.8329123,Eurasian Jackdaw = 0.833; Black Woodpecker = 0.584
5fbbc2476e8a6032787d_36_39,5fbbc2476e8a6032787d,36,39,2022-01-01T08:35:27Z,2022-01,Winter,2,2,0.83276165,Long-tailed Tit = 0.833; Common Firecrest = 0.545
a9b4371a92acd7e10e5f_162_165,a9b4371a92acd7e10e5f,162,165,2023-06-29T05:06:14Z,2023-06,Summer,2,2,0.83269453,Red-billed Chough = 0.833; Eurasian Jackdaw = 0.757
6c6aaa477e7ea12697de_204_207,6c6aaa477e7ea12697de,204,207,2023-06-25T13:03:34Z,2023-06,Summer,2,2,0.83248705,Red Kite = 0.832; Black Kite = 0.493
28de9b97984f612b3a33_258_261,28de9b97984f612b3a33,258,261,2022-09-01T16:18:23Z,2022-09,Autumn,2,2,0.832115,Eurasian Green Woodpecker = 0.832; Eurasian Jackdaw = 0.736
6dd08f03a29af2da7b84_0_3,6dd08f03a29af2da7b84,0,3,2023-06-12T12:49:50Z,2023-06,Summer,2,2,0.8320043,Eurasian Jackdaw = 0.832; Red-billed Chough = 0.488
bd2f4fe551fd5b941c66_15_18,bd2f4fe551fd5b941c66,15,18,2023-06-06T16:53:39Z,2023-06,Summer,2,2,0.83190787,Eurasian Jackdaw = 0.832; Red-billed Chough = 0.536
139386cc9644e92019ef_225_228,139386cc9644e92019ef,225,228,2023-10-20T21:41:05Z,2023-10,Autumn,2,2,0.8310654,Tawny Owl = 0.831; Little Owl = 0.466
89dd4375220df529de31_96_99,89dd4375220df529de31,96,99,2024-02-13T16:27:39Z,2024-02,Winter,2,2,0.8305977,Carrion Crow = 0.831; Hooded Crow = 0.683
c4f82fc5265c4699bdc9_180_183,c4f82fc5265c4699bdc9,180,183,2023-01-09T09:36:46Z,2023-01,Winter,2,2,0.83057606,Eurasian Eagle-Owl = 0.831; Long-eared Owl = 0.477
d695ff9eb19b8a3d66dc_153_156,d695ff9eb19b8a3d66dc,153,156,2022-09-19T09:58:50Z,2022-09,Autumn,2,2,0.82989544,Rose-ringed Parakeet = 0.83; Eurasian Wryneck = 0.675
3b6c48a78301e59cb306_132_135,3b6c48a78301e59cb306,132,135,2023-07-20T21:39:46Z,2023-07,Summer,2,2,0.82983255,Tawny Owl = 0.83; Northern Goshawk = 0.452
ce3f5db221405914b082_207_210,ce3f5db221405914b082,207,210,2023-02-11T20:56:44Z,2023-02,Winter,2,2,0.8297563,Boreal Owl = 0.83; Tawny Owl = 0.682
779c2bb36dbc1946a2c7_258_261,779c2bb36dbc1946a2c7,258,261,2023-02-12T08:54:53Z,2023-02,Winter,2,2,0.8295683,Egyptian Goose = 0.83; Graylag Goose = 0.776
d26468f391ac931c814c_165_168,d26468f391ac931c814c,165,168,2023-03-07T06:29:24Z,2023-03,Spring,2,2,0.82896936,Eurasian Jackdaw = 0.829; Eurasian Magpie = 0.502
c27683302ec3942eef33_117_120,c27683302ec3942eef33,117,120,2023-04-12T06:03:56Z,2023-04,Spring,2,2,0.827258,Eurasian Eagle-Owl = 0.827; Long-eared Owl = 0.636
c1a753fb73220c22faa8_51_54,c1a753fb73220c22faa8,51,54,2022-09-20T17:38:54Z,2022-09,Autumn,2,2,0.8272572,Eurasian Jackdaw = 0.827; Red-billed Chough = 0.729
2aad24bde3dc8223bcb6_63_66,2aad24bde3dc8223bcb6,63,66,2023-07-15T16:56:01Z,2023-07,Summer,2,2,0.82718664,Eurasian Green Woodpecker = 0.827; Gray-headed Woodpecker = 0.695
57c24383cff82229c766_96_99,57c24383cff82229c766,96,99,2023-04-19T07:20:43Z,2023-04,Spring,2,2,0.8262481,Rose-ringed Parakeet = 0.826; Eurasian Wryneck = 0.562
80f77185156b30921708_120_123,80f77185156b30921708,120,123,2023-05-07T10:23:21Z,2023-05,Spring,2,2,0.82571876,Hooded Crow = 0.826; Carrion Crow = 0.681
e6e7eb86214b1ee2fd02_75_78,e6e7eb86214b1ee2fd02,75,78,2023-11-29T07:04:39Z,2023-11,Autumn,2,2,0.825277,Tawny Owl = 0.825; Little Owl = 0.501
d88648046d9e65047281_60_63,d88648046d9e65047281,60,63,2023-07-11T08:44:40Z,2023-07,Summer,2,2,0.8251033,Eurasian Eagle-Owl = 0.825; Long-eared Owl = 0.656
32027369711b2f506c5b_177_180,32027369711b2f506c5b,177,180,2023-02-19T10:57:35Z,2023-02,Winter,2,2,0.8248016,Rose-ringed Parakeet = 0.825; Eurasian Wryneck = 0.542
4478b5b13db3e92f6464_18_21,4478b5b13db3e92f6464,18,21,2023-04-28T09:48:31Z,2023-04,Spring,2,2,0.82409716,Rose-ringed Parakeet = 0.824; Eurasian Wryneck = 0.558
bfc6a73a13cf5b2103ed_297_300,bfc6a73a13cf5b2103ed,297,300,2023-05-18T05:37:53Z,2023-05,Spring,2,2,0.8230443,Eurasian Jackdaw = 0.823; Eurasian Magpie = 0.618
aea12aaa2ffe2d36568e_48_51,aea12aaa2ffe2d36568e,48,51,2023-06-15T21:08:58Z,2023-06,Summer,2,2,0.8224791,Little Owl = 0.822; Tawny Owl = 0.57
8ea9fb3eb5a31c2f1391_243_246,8ea9fb3eb5a31c2f1391,243,246,2023-04-08T11:06:08Z,2023-04,Spring,2,2,0.822313,Eurasian Jackdaw = 0.822; Red-billed Chough = 0.503
d47a1b57f6f76370554b_135_138,d47a1b57f6f76370554b,135,138,2023-05-05T08:06:11Z,2023-05,Spring,2,2,0.8215496,Rose-ringed Parakeet = 0.822; Eurasian Wryneck = 0.494
dbad4fe4ac326024f302_198_201,dbad4fe4ac326024f302,198,201,2023-06-12T09:46:39Z,2023-06,Summer,2,2,0.8213398,Red-billed Chough = 0.821; Eurasian Jackdaw = 0.639
3e6f45f022528b1fdc9e_63_66,3e6f45f022528b1fdc9e,63,66,2023-06-10T09:07:58Z,2023-06,Summer,2,2,0.82072055,Black Woodpecker = 0.821; Eurasian Jackdaw = 0.507
dd70d89f300dd0f3ec04_9_12,dd70d89f300dd0f3ec04,9,12,2022-01-01T20:25:41Z,2022-01,Winter,2,2,0.82035685,Eurasian Three-toed Woodpecker = 0.82; Black Woodpecker = 0.46
f992ae003480fe2d7c5a_135_138,f992ae003480fe2d7c5a,135,138,2023-05-07T09:53:22Z,2023-05,Spring,2,2,0.8197627,Ring-necked Pheasant = 0.82; Little Owl = 0.543
657fde96d0354df47aea_51_54,657fde96d0354df47aea,51,54,2024-04-03T05:00:25Z,2024-04,Spring,2,2,0.8197208,Mandarin Duck = 0.82; Green-winged Teal = 0.509
00b16344bdce0a7a572e_99_102,00b16344bdce0a7a572e,99,102,2023-06-04T07:24:21Z,2023-06,Summer,2,2,0.819341,Red Kite = 0.819; Common Buzzard = 0.524
3f0fc851a6073f21b25e_213_216,3f0fc851a6073f21b25e,213,216,2023-03-04T11:23:19Z,2023-03,Spring,2,2,0.81875294,Eurasian Jackdaw = 0.819; Red-billed Chough = 0.816
379b534308d8dcaec6fc_213_216,379b534308d8dcaec6fc,213,216,2023-07-10T06:28:04Z,2023-07,Summer,2,2,0.81844485,Eurasian Jackdaw = 0.818; Red-billed Chough = 0.538
90d054b62d53142f86bf_171_174,90d054b62d53142f86bf,171,174,2022-09-08T15:38:13Z,2022-09,Autumn,2,2,0.8177576,Eurasian Eagle-Owl = 0.818; Long-eared Owl = 0.487
7554dad7c983ff146e35_225_228,7554dad7c983ff146e35,225,228,2023-03-21T09:09:26Z,2023-03,Spring,2,2,0.81693923,Red-billed Chough = 0.817; Eurasian Magpie = 0.544
f3cbf9b1aabe34befcd4_279_282,f3cbf9b1aabe34befcd4,279,282,2022-12-02T12:49:48Z,2022-12,Winter,2,2,0.81688756,Rose-ringed Parakeet = 0.817; Eurasian Wryneck = 0.634
8569015d562a3ecc2242_111_114,8569015d562a3ecc2242,111,114,2023-02-22T15:47:57Z,2023-02,Winter,2,2,0.816614,Rose-ringed Parakeet = 0.817; Eurasian Wryneck = 0.495
f6639027b8107600c4de_156_159,f6639027b8107600c4de,156,159,2023-03-03T12:14:43Z,2023-03,Spring,2,2,0.8156418,Eurasian Wryneck = 0.816; Rose-ringed Parakeet = 0.719
f665c0e4385924368668_255_258,f665c0e4385924368668,255,258,2023-02-11T11:33:02Z,2023-02,Winter,2,2,0.81526893,Egyptian Goose = 0.815; Common Raven = 0.478
8178e79519ace83166ba_21_24,8178e79519ace83166ba,21,24,2024-01-04T10:04:59Z,2024-01,Winter,2,2,0.81482923,Eurasian Eagle-Owl = 0.815; Long-eared Owl = 0.625
a3763581fbf18859f088_288_291,a3763581fbf18859f088,288,291,2021-12-26T14:31:50Z,2021-12,Winter,2,2,0.81434715,Carrion Crow = 0.814; Hooded Crow = 0.753
b3478806f9dcc1cabe43_132_135,b3478806f9dcc1cabe43,132,135,2022-09-24T07:27:41Z,2022-09,Autumn,2,2,0.8137085,Eurasian Wryneck = 0.814; Rose-ringed Parakeet = 0.724
ea6fb4ad52e3d328d1c8_66_69,ea6fb4ad52e3d328d1c8,66,69,2024-02-12T13:52:54Z,2024-02,Winter,2,2,0.81285006,Eurasian Wren = 0.813; Mistle Thrush = 0.562
cbc7cd462ffff4db48f7_198_201,cbc7cd462ffff4db48f7,198,201,2023-06-12T07:55:46Z,2023-06,Summer,2,2,0.81253797,Red-billed Chough = 0.813; Eurasian Jackdaw = 0.458
ab5cac3d4a18bfe603e4_33_36,ab5cac3d4a18bfe603e4,33,36,2023-06-30T06:32:56Z,2023-06,Summer,2,2,0.81240344,Eurasian Jackdaw = 0.812; Red-billed Chough = 0.522
f3cbf9b1aabe34befcd4_174_177,f3cbf9b1aabe34befcd4,174,177,2022-12-02T12:48:03Z,2022-12,Winter,2,2,0.8122758,Rose-ringed Parakeet = 0.812; Eurasian Wryneck = 0.552
141e934da42de8464f54_78_81,141e934da42de8464f54,78,81,2023-06-14T14:48:21Z,2023-06,Summer,2,2,0.81219393,Red-billed Chough = 0.812; Eurasian Jackdaw = 0.801
cc7a7e2fee82e16fd783_24_27,cc7a7e2fee82e16fd783,24,27,2023-06-12T15:21:26Z,2023-06,Summer,2,2,0.812155,Eurasian Jackdaw = 0.812; Red-billed Chough = 0.483
e8fd3e9f32c2dd5fdb7d_195_198,e8fd3e9f32c2dd5fdb7d,195,198,2021-12-31T11:16:20Z,2021-12,Winter,2,2,0.81190073,Eurasian Eagle-Owl = 0.812; Long-eared Owl = 0.683
4775c8b8b29f90a07779_69_72,4775c8b8b29f90a07779,69,72,2023-01-31T13:10:44Z,2023-01,Winter,2,2,0.8117338,Common Buzzard = 0.812; Red Kite = 0.667
b8a91cfb072ef24c89e3_204_207,b8a91cfb072ef24c89e3,204,207,2022-10-20T09:34:20Z,2022-10,Autumn,2,2,0.8116089,Eurasian Eagle-Owl = 0.812; Long-eared Owl = 0.459
00f983670e7bd0de4c55_267_270,00f983670e7bd0de4c55,267,270,2023-04-16T07:14:08Z,2023-04,Spring,2,2,0.8112922,European Robin = 0.811; Eurasian Blue Tit = 0.451
8aa5d3955b5f02231dfd_162_165,8aa5d3955b5f02231dfd,162,165,2023-06-12T16:34:18Z,2023-06,Summer,2,2,0.81052154,Eurasian Jackdaw = 0.811; Black Woodpecker = 0.529
fabf31759bb6476fb810_48_51,fabf31759bb6476fb810,48,51,2023-04-07T07:07:58Z,2023-04,Spring,2,2,0.8096772,Rose-ringed Parakeet = 0.81; Eurasian Wryneck = 0.551
d1fda1ba277d386604c3_60_63,d1fda1ba277d386604c3,60,63,2022-01-19T09:32:56Z,2022-01,Winter,2,2,0.80934787,Great Tit = 0.809; Wood Lark = 0.595
5d75a360dff49f0f6050_63_66,5d75a360dff49f0f6050,63,66,2023-04-23T11:39:37Z,2023-04,Spring,2,2,0.8092655,Coal Tit = 0.809; Great Tit = 0.692
ce3f5db221405914b082_93_96,ce3f5db221405914b082,93,96,2023-02-11T20:54:50Z,2023-02,Winter,2,2,0.8089016,Tawny Owl = 0.809; Little Owl = 0.688
e9570337b874f86ca6ca_51_54,e9570337b874f86ca6ca,51,54,2023-07-03T07:24:27Z,2023-07,Summer,2,2,0.8087857,Carrion Crow = 0.809; Hooded Crow = 0.582
45ea0dc4bd59ffd82388_27_30,45ea0dc4bd59ffd82388,27,30,2022-09-16T04:30:00Z,2022-09,Autumn,2,2,0.8086598,Tawny Owl = 0.809; Northern Lapwing = 0.686
2bd704ed61a8d4662fc1_225_228,2bd704ed61a8d4662fc1,225,228,2022-01-17T16:26:29Z,2022-01,Winter,2,2,0.8063444,Herring Gull = 0.806; European Storm-Petrel = 0.504
b59f1e70ffa19b3f9edb_264_267,b59f1e70ffa19b3f9edb,264,267,2023-06-20T14:04:34Z,2023-06,Summer,2,2,0.8063057,Red Kite = 0.806; Common Buzzard = 0.509
0083c060394eaa6c8a70_159_162,0083c060394eaa6c8a70,159,162,2022-12-24T13:00:39Z,2022-12,Winter,2,2,0.8061695,Eurasian Jackdaw = 0.806; Red-billed Chough = 0.78
f01c0143ceaf3e0fdd0b_138_141,f01c0143ceaf3e0fdd0b,138,141,2023-05-10T08:16:54Z,2023-05,Spring,2,2,0.80594313,Hooded Crow = 0.806; Carrion Crow = 0.577
4823226cae9d95658748_147_150,4823226cae9d95658748,147,150,2022-10-05T21:08:09Z,2022-10,Autumn,2,2,0.80580926,Eurasian Eagle-Owl = 0.806; Long-eared Owl = 0.479
b8c95628dec201cccfd0_138_141,b8c95628dec201cccfd0,138,141,2022-01-18T07:18:42Z,2022-01,Winter,2,2,0.804192,Carrion Crow = 0.804; Hooded Crow = 0.657
89dd4375220df529de31_90_93,89dd4375220df529de31,90,93,2024-02-13T16:27:33Z,2024-02,Winter,2,2,0.8038543,Carrion Crow = 0.804; Hooded Crow = 0.592
e5ee3edb5f556391b97e_264_267,e5ee3edb5f556391b97e,264,267,2024-04-02T20:58:32Z,2024-04,Spring,2,2,0.80331576,Long-eared Owl = 0.803; Eurasian Eagle-Owl = 0.673
d5ba777aff87938851d7_72_75,d5ba777aff87938851d7,72,75,2023-03-02T07:48:05Z,2023-03,Spring,2,2,0.8032371,Rose-ringed Parakeet = 0.803; Eurasian Wryneck = 0.665
f121a8760034104dcb68_24_27,f121a8760034104dcb68,24,27,2022-11-16T13:11:20Z,2022-11,Autumn,2,2,0.8030619,Rose-ringed Parakeet = 0.803; Eurasian Wryneck = 0.473
d49c9b28bcf9a5e6f4c5_219_222,d49c9b28bcf9a5e6f4c5,219,222,2023-02-14T16:35:35Z,2023-02,Winter,2,2,0.80222374,Eurasian Wryneck = 0.802; Rose-ringed Parakeet = 0.572
60bd24840c7c0992900f_168_171,60bd24840c7c0992900f,168,171,2023-01-10T06:38:13Z,2023-01,Winter,2,2,0.8022101,Eurasian Eagle-Owl = 0.802; Long-eared Owl = 0.691
8f0e041d94f194e3c4a2_18_21,8f0e041d94f194e3c4a2,18,21,2023-03-27T17:38:28Z,2023-03,Spring,2,2,0.80218637,Canada Goose = 0.802; Ruddy Shelduck = 0.627
3239477f1df0b2fc60c0_207_210,3239477f1df0b2fc60c0,207,210,2023-12-16T20:08:00Z,2023-12,Winter,2,2,0.8009711,Eurasian Eagle-Owl = 0.801; Long-eared Owl = 0.588
e64236ae23eb25323dce_171_174,e64236ae23eb25323dce,171,174,2023-04-10T16:38:52Z,2023-04,Spring,2,2,0.8004786,Eurasian Eagle-Owl = 0.8; Long-eared Owl = 0.546
bd135042336e4c6cf890_48_51,bd135042336e4c6cf890,48,51,2022-01-18T08:32:48Z,2022-01,Winter,2,2,0.8001961,Carrion Crow = 0.8; Hooded Crow = 0.675
34af912be1114f46675b_114_117,34af912be1114f46675b,114,117,2023-03-10T02:35:52Z,2023-03,Spring,2,2,0.80002713,Boreal Owl = 0.8; Tawny Owl = 0.508
19fa3259e18a69d3aeb4_216_219,19fa3259e18a69d3aeb4,216,219,2022-11-09T06:18:25Z,2022-11,Autumn,2,2,0.7996149,Eurasian Eagle-Owl = 0.8; Long-eared Owl = 0.529
4f899562bd7101174c14_3_6,4f899562bd7101174c14,3,6,2022-11-12T02:07:03Z,2022-11,Autumn,2,2,0.7992433,Tawny Owl = 0.799; Little Owl = 0.594
9650d094e68746be2cbd_225_228,9650d094e68746be2cbd,225,228,2022-11-10T07:02:02Z,2022-11,Autumn,2,2,0.7987313,Eurasian Green Woodpecker = 0.799; Gray-headed Woodpecker = 0.632
7a37f4140a2e04c291ef_129_132,7a37f4140a2e04c291ef,129,132,2023-04-08T05:21:31Z,2023-04,Spring,2,2,0.7986433,Eurasian Jackdaw = 0.799; Eurasian Magpie = 0.546
40046de6c12698fe058b_99_102,40046de6c12698fe058b,99,102,2023-03-29T05:35:16Z,2023-03,Spring,2,2,0.79857606,Red-billed Chough = 0.799; Eurasian Jackdaw = 0.51
00f983670e7bd0de4c55_183_186,00f983670e7bd0de4c55,183,186,2023-04-16T07:12:44Z,2023-04,Spring,2,2,0.79828024,Eurasian Wryneck = 0.798; Rose-ringed Parakeet = 0.76
32e844dda8b1450747fd_111_114,32e844dda8b1450747fd,111,114,2023-04-15T10:35:06Z,2023-04,Spring,2,2,0.7981105,Eurasian Blue Tit = 0.798; Great Tit = 0.583
5381fa3eab93cb3db5a8_264_267,5381fa3eab93cb3db5a8,264,267,2023-03-04T16:41:42Z,2023-03,Spring,2,2,0.79800713,Yellow-billed Chough = 0.798; Rose-ringed Parakeet = 0.663
ee7e2a92c1d2407b52b1_282_285,ee7e2a92c1d2407b52b1,282,285,2023-02-19T14:41:06Z,2023-02,Winter,2,2,0.7977274,Rose-ringed Parakeet = 0.798; Eurasian Wryneck = 0.556
9caa8eb2e89f19cd20b0_153_156,9caa8eb2e89f19cd20b0,153,156,2022-11-21T23:28:45Z,2022-11,Autumn,2,2,0.7975824,Eurasian Eagle-Owl = 0.798; Long-eared Owl = 0.796
5954e7f0273f82286e68_69_72,5954e7f0273f82286e68,69,72,2023-02-11T16:12:11Z,2023-02,Winter,2,2,0.7974123,Eurasian Hobby = 0.797; Common Tern = 0.455
ac9c2aee0aeaf317187f_0_3,ac9c2aee0aeaf317187f,0,3,2022-09-23T13:35:24Z,2022-09,Autumn,2,2,0.7973052,Eurasian Jackdaw = 0.797; Red-billed Chough = 0.533
2be5e6af8a8e3f44aeff_291_294,2be5e6af8a8e3f44aeff,291,294,2023-05-19T08:52:23Z,2023-05,Spring,2,2,0.79724526,Eurasian Jackdaw = 0.797; Eurasian Magpie = 0.497
0b20d1d780d34ae602c2_168_171,0b20d1d780d34ae602c2,168,171,2022-08-31T05:53:54Z,2022-08,Summer,2,2,0.79714036,Eurasian Jackdaw = 0.797; Red-billed Chough = 0.617
67e2aa8be480a767331a_249_252,67e2aa8be480a767331a,249,252,2023-04-06T17:33:08Z,2023-04,Spring,2,2,0.7969538,Red-billed Chough = 0.797; Eurasian Jackdaw = 0.545
2ea68dcef0ed93464792_171_174,2ea68dcef0ed93464792,171,174,2023-05-19T16:59:17Z,2023-05,Spring,2,2,0.79681736,Carrion Crow = 0.797; Hooded Crow = 0.463
90b49179849ba46ebd29_273_276,90b49179849ba46ebd29,273,276,2022-12-21T15:37:27Z,2022-12,Winter,2,2,0.7967579,Eurasian Wryneck = 0.797; Rose-ringed Parakeet = 0.747
a7915d590e2d006c391a_231_234,a7915d590e2d006c391a,231,234,2023-05-20T12:00:56Z,2023-05,Spring,2,2,0.7964664,Ring-necked Pheasant = 0.796; Little Owl = 0.695
1bce76a9809b32c77b85_288_291,1bce76a9809b32c77b85,288,291,2023-07-31T09:47:02Z,2023-07,Summer,2,2,0.7963071,Red Kite = 0.796; Black Kite = 0.543
1736bb084a898154144c_222_225,1736bb084a898154144c,222,225,2023-05-18T14:35:55Z,2023-05,Spring,2,2,0.79615533,Ring-necked Pheasant = 0.796; Little Owl = 0.515
0f9c3affcd8b947a2ebe_159_162,0f9c3affcd8b947a2ebe,159,162,2021-12-26T14:19:36Z,2021-12,Winter,2,2,0.7958014,Hooded Crow = 0.796; Carrion Crow = 0.577
1acc3d45e4da44746e93_78_81,1acc3d45e4da44746e93,78,81,2022-08-27T17:44:05Z,2022-08,Summer,2,2,0.7951441,Eurasian Jackdaw = 0.795; Red-billed Chough = 0.495
690652ad9e3639861cfa_243_246,690652ad9e3639861cfa,243,246,2023-05-16T18:26:58Z,2023-05,Spring,2,2,0.79425204,Eurasian Jackdaw = 0.794; Eurasian Magpie = 0.45
26b1e294c33ed24fd63e_39_42,26b1e294c33ed24fd63e,39,42,2023-02-21T15:43:40Z,2023-02,Winter,2,2,0.7940401,Carrion Crow = 0.794; Hooded Crow = 0.695
742e62faad54a3f72e89_105_108,742e62faad54a3f72e89,105,108,2023-07-25T06:22:29Z,2023-07,Summer,2,2,0.79370505,Eurasian Green Woodpecker = 0.794; Gray-headed Woodpecker = 0.671
1f2080f669ecd4d0101c_0_3,1f2080f669ecd4d0101c,0,3,2023-06-05T13:48:52Z,2023-06,Summer,2,2,0.7936431,Eurasian Jackdaw = 0.794; Red-billed Chough = 0.487
398c30c236851a2380bf_69_72,398c30c236851a2380bf,69,72,2024-04-10T12:00:46Z,2024-04,Spring,2,2,0.7936272,Eurasian Magpie = 0.794; Eurasian Jackdaw = 0.57
76e5c6e04b711517f44c_186_189,76e5c6e04b711517f44c,186,189,2023-05-14T06:49:17Z,2023-05,Spring,2,2,0.7935102,Carrion Crow = 0.794; Hooded Crow = 0.472
bb19a765d786d991131b_21_24,bb19a765d786d991131b,21,24,2023-06-16T12:12:17Z,2023-06,Summer,2,2,0.7934885,Eurasian Jackdaw = 0.793; Red-billed Chough = 0.552
4827b13d63753b640215_219_222,4827b13d63753b640215,219,222,2023-04-18T06:24:10Z,2023-04,Spring,2,2,0.7928911,Rose-ringed Parakeet = 0.793; Eurasian Wryneck = 0.482
168ad38a6bc86c0ec608_252_255,168ad38a6bc86c0ec608,252,255,2024-02-01T11:27:15Z,2024-02,Winter,2,2,0.7927744,Hooded Crow = 0.793; Carrion Crow = 0.617
14954db30d72c1f9fff7_66_69,14954db30d72c1f9fff7,66,69,2023-06-10T16:31:34Z,2023-06,Summer,2,2,0.7923262,Eurasian Jackdaw = 0.792; Red-billed Chough = 0.456
1aaf687fb4e3882df63e_279_282,1aaf687fb4e3882df63e,279,282,2022-11-11T12:08:23Z,2022-11,Autumn,2,2,0.79172605,Long-tailed Tit = 0.792; Common Firecrest = 0.551
3e48a587b995fd55642c_168_171,3e48a587b995fd55642c,168,171,2022-09-15T15:09:22Z,2022-09,Autumn,2,2,0.79136163,Red-billed Chough = 0.791; Eurasian Jackdaw = 0.581
a302ecc19190c1acf06b_147_150,a302ecc19190c1acf06b,147,150,2023-06-05T07:23:13Z,2023-06,Summer,2,2,0.7901631,Eurasian Jackdaw = 0.79; Red-billed Chough = 0.536
f87ec827d53bdf5bbeb4_297_300,f87ec827d53bdf5bbeb4,297,300,2023-03-30T07:12:24Z,2023-03,Spring,2,2,0.7900114,Eurasian Jackdaw = 0.79; Red-billed Chough = 0.571
2ea68dcef0ed93464792_168_171,2ea68dcef0ed93464792,168,171,2023-05-19T16:59:14Z,2023-05,Spring,2,2,0.7898449,Carrion Crow = 0.79; Hooded Crow = 0.461
2764dfe47801c7fb55e8_180_183,2764dfe47801c7fb55e8,180,183,2023-02-16T08:07:03Z,2023-02,Winter,2,2,0.78977627,Eurasian Blue Tit = 0.79; Great Tit = 0.517
55613ad4850918e5d5c8_219_222,55613ad4850918e5d5c8,219,222,2023-03-21T05:37:39Z,2023-03,Spring,2,2,0.7895492,Mistle Thrush = 0.79; Eurasian Blackbird = 0.508
6956adb12184b40153ea_195_198,6956adb12184b40153ea,195,198,2022-11-12T05:46:58Z,2022-11,Autumn,2,2,0.7890689,Manx Shearwater = 0.789; Tawny Owl = 0.529
b7387b862e18fca11606_60_63,b7387b862e18fca11606,60,63,2023-03-16T16:29:57Z,2023-03,Spring,2,2,0.7885487,Carrion Crow = 0.789; Hooded Crow = 0.487
a5b99302ef2d81fdc6b2_108_111,a5b99302ef2d81fdc6b2,108,111,2022-12-27T07:36:21Z,2022-12,Winter,2,2,0.7881416,Barn Swallow = 0.788; Eurasian Blackbird = 0.545
f4d3c667c87e45863d2a_87_90,f4d3c667c87e45863d2a,87,90,2023-02-22T15:52:35Z,2023-02,Winter,2,2,0.78803456,Eurasian Hobby = 0.788; Eurasian Wryneck = 0.678
23790474a15ca6e04942_153_156,23790474a15ca6e04942,153,156,2022-12-26T12:16:19Z,2022-12,Winter,2,2,0.78788304,Red-billed Chough = 0.788; Eurasian Jackdaw = 0.577
1c98a3790b5939ceeb0c_198_201,1c98a3790b5939ceeb0c,198,201,2024-03-01T04:47:52Z,2024-03,Spring,2,2,0.7878462,Tawny Owl = 0.788; Little Owl = 0.494
847c43201a188a728acb_168_171,847c43201a188a728acb,168,171,2023-06-18T11:05:20Z,2023-06,Summer,2,2,0.7874458,Ring-necked Pheasant = 0.787; Graylag Goose = 0.51
8004153cd1c9aed60e4d_156_159,8004153cd1c9aed60e4d,156,159,2024-03-19T08:49:39Z,2024-03,Spring,2,2,0.7871678,Eurasian Magpie = 0.787; Eurasian Jackdaw = 0.684
0dda50796861019db3df_195_198,0dda50796861019db3df,195,198,2023-05-07T07:33:14Z,2023-05,Spring,2,2,0.787161,Carrion Crow = 0.787; Hooded Crow = 0.758
79186cdf1e0bf961b981_159_162,79186cdf1e0bf961b981,159,162,2023-06-27T07:41:19Z,2023-06,Summer,2,2,0.7870382,Common Buzzard = 0.787; Eurasian Jackdaw = 0.458
2eb3fa89f89d2659a8e1_282_285,2eb3fa89f89d2659a8e1,282,285,2023-03-17T17:42:14Z,2023-03,Spring,2,2,0.78699404,Eurasian Jackdaw = 0.787; Red-billed Chough = 0.526
d61774e1362271e3ba0e_12_15,d61774e1362271e3ba0e,12,15,2023-11-23T11:38:37Z,2023-11,Autumn,2,2,0.78661007,Eurasian Wren = 0.787; Spectacled Warbler = 0.597
14c6eb087be5ebf831c8_273_276,14c6eb087be5ebf831c8,273,276,2023-03-21T05:58:42Z,2023-03,Spring,2,2,0.78643936,Red-billed Chough = 0.786; Eurasian Jackdaw = 0.772
5e91cd513edfa03ed4e7_72_75,5e91cd513edfa03ed4e7,72,75,2023-07-22T09:49:18Z,2023-07,Summer,2,2,0.7862563,Common Kingfisher = 0.786; Dunnock = 0.603
168c73080486588d0517_276_279,168c73080486588d0517,276,279,2023-05-17T15:39:18Z,2023-05,Spring,2,2,0.7861278,Eurasian Magpie = 0.786; Eurasian Jackdaw = 0.504
1ae0e4030d27d1f22709_213_216,1ae0e4030d27d1f22709,213,216,2021-12-26T13:04:54Z,2021-12,Winter,2,2,0.78488064,Eurasian Jackdaw = 0.785; Red-billed Chough = 0.471
f32f22fdefa4a201c3c4_78_81,f32f22fdefa4a201c3c4,78,81,2023-04-17T06:28:51Z,2023-04,Spring,2,2,0.7847458,Eurasian Green Woodpecker = 0.785; Gray-headed Woodpecker = 0.769
b15957f062ff6d948e9b_294_297,b15957f062ff6d948e9b,294,297,2023-05-06T07:16:35Z,2023-05,Spring,2,2,0.78365386,Carrion Crow = 0.784; Hooded Crow = 0.5
f92d13567954378e3310_63_66,f92d13567954378e3310,63,66,2022-09-04T16:04:19Z,2022-09,Autumn,2,2,0.7832521,Eurasian Jackdaw = 0.783; Eurasian Magpie = 0.662
dfc41fab8ca9c34c54df_282_285,dfc41fab8ca9c34c54df,282,285,2023-04-22T07:12:56Z,2023-04,Spring,2,2,0.78282535,Rose-ringed Parakeet = 0.783; Eurasian Wryneck = 0.701
7f9113b860e543edfdd6_291_294,7f9113b860e543edfdd6,291,294,2023-08-06T09:35:35Z,2023-08,Summer,2,2,0.78177744,Eurasian Thick-knee = 0.782; European Honey-buzzard = 0.473
0ff6b4a5e68cee08008c_204_207,0ff6b4a5e68cee08008c,204,207,2023-07-12T07:59:49Z,2023-07,Summer,2,2,0.7816985,Eurasian Jackdaw = 0.782; Red-billed Chough = 0.725
10a1c1cf1e8f94798c89_84_87,10a1c1cf1e8f94798c89,84,87,2023-06-12T14:06:50Z,2023-06,Summer,2,2,0.7814857,Red-billed Chough = 0.781; Eurasian Jackdaw = 0.511
5eb59cc7d2ff00ae7d22_255_258,5eb59cc7d2ff00ae7d22,255,258,2022-12-21T16:07:24Z,2022-12,Winter,2,2,0.78136826,Carrion Crow = 0.781; Hooded Crow = 0.498
3ffb139af8b01a0a1210_153_156,3ffb139af8b01a0a1210,153,156,2023-04-29T04:31:20Z,2023-04,Spring,2,2,0.7811611,Red-billed Chough = 0.781; Eurasian Jackdaw = 0.697
a99f8885939c0029d78a_204_207,a99f8885939c0029d78a,204,207,2023-11-10T22:27:33Z,2023-11,Autumn,2,2,0.7810631,Little Owl = 0.781; Little Ringed Plover = 0.531
9bc56fa8742100bb2ed4_153_156,9bc56fa8742100bb2ed4,153,156,2023-08-03T22:10:10Z,2023-08,Summer,2,2,0.7806376,Tawny Owl = 0.781; Little Owl = 0.687
5642c194b811d41bb22e_135_138,5642c194b811d41bb22e,135,138,2024-03-14T07:33:09Z,2024-03,Spring,2,2,0.7801029,Common Sandpiper = 0.78; Eurasian Blue Tit = 0.707
67b67a78cdfd229fdeb2_117_120,67b67a78cdfd229fdeb2,117,120,2022-09-13T12:41:12Z,2022-09,Autumn,2,2,0.7800037,Eurasian Hobby = 0.78; Eurasian Wryneck = 0.528
42b9ac85a3ff2eeffe8d_81_84,42b9ac85a3ff2eeffe8d,81,84,2023-05-21T08:04:37Z,2023-05,Spring,2,2,0.7798973,Eurasian Jackdaw = 0.78; Red-billed Chough = 0.709
e682d5490ab4b7e471ce_60_63,e682d5490ab4b7e471ce,60,63,2024-03-17T11:02:53Z,2024-03,Spring,2,2,0.77949363,Eurasian Jackdaw = 0.779; Red-billed Chough = 0.634
e237f1f30fade168d2e6_177_180,e237f1f30fade168d2e6,177,180,2023-06-11T10:38:38Z,2023-06,Summer,2,2,0.7789076,Eurasian Jackdaw = 0.779; Red-billed Chough = 0.624
f071bc611f09bf384dd5_123_126,f071bc611f09bf384dd5,123,126,2023-03-25T14:22:29Z,2023-03,Spring,2,2,0.7787093,Eurasian Wryneck = 0.779; Eurasian Hobby = 0.454
569fe8a72aa1be51bee2_294_297,569fe8a72aa1be51bee2,294,297,2023-05-13T09:14:11Z,2023-05,Spring,2,2,0.77768075,Red-billed Chough = 0.778; Eurasian Jackdaw = 0.489
6b1e688c2c759486e9b6_150_153,6b1e688c2c759486e9b6,150,153,2023-04-18T07:28:33Z,2023-04,Spring,2,2,0.7753722,Dunnock = 0.775; Eurasian Wren = 0.604
b4a89df0e31b3b6e3c3e_48_51,b4a89df0e31b3b6e3c3e,48,51,2023-03-04T10:10:01Z,2023-03,Spring,2,2,0.77442074,Rose-ringed Parakeet = 0.774; Eurasian Wryneck = 0.456
7d382c42be9b993897cd_159_162,7d382c42be9b993897cd,159,162,2023-06-04T09:16:14Z,2023-06,Summer,2,2,0.77411824,Eurasian Jackdaw = 0.774; Red-billed Chough = 0.505
57fce317d0c7bf1e39d1_216_219,57fce317d0c7bf1e39d1,216,219,2023-04-30T14:45:24Z,2023-04,Spring,2,2,0.77384424,Rose-ringed Parakeet = 0.774; Eurasian Wryneck = 0.676
9fbaee905c74538fe00e_291_294,9fbaee905c74538fe00e,291,294,2023-01-27T14:47:53Z,2023-01,Winter,2,2,0.77363867,Rose-ringed Parakeet = 0.774; Eurasian Wryneck = 0.53
a11f125e175ec7ddc972_45_48,a11f125e175ec7ddc972,45,48,2022-09-04T05:39:03Z,2022-09,Autumn,2,2,0.7725827,Short-toed Treecreeper = 0.773; Coal Tit = 0.657
892f067b34e17eaa9a0a_9_12,892f067b34e17eaa9a0a,9,12,2022-12-01T12:32:04Z,2022-12,Winter,2,2,0.7725643,Rose-ringed Parakeet = 0.773; Eurasian Wryneck = 0.696
9ce27d74e7187af244b9_75_78,9ce27d74e7187af244b9,75,78,2023-03-18T10:13:17Z,2023-03,Spring,2,2,0.7725612,Rose-ringed Parakeet = 0.773; Great Bittern = 0.457
9bdd255d29de95abee13_15_18,9bdd255d29de95abee13,15,18,2022-10-12T10:07:02Z,2022-10,Autumn,2,2,0.7723643,Eurasian Jackdaw = 0.772; Black Woodpecker = 0.47
5f317961229f2ce41976_282_285,5f317961229f2ce41976,282,285,2023-11-05T20:15:54Z,2023-11,Autumn,2,2,0.7720943,Eurasian Eagle-Owl = 0.772; Long-eared Owl = 0.581
3ffef63ebaaa65608bed_252_255,3ffef63ebaaa65608bed,252,255,2022-09-28T06:11:20Z,2022-09,Autumn,2,2,0.7707547,Rose-ringed Parakeet = 0.771; Eurasian Wryneck = 0.711
1393e153c7ebf17d99ed_177_180,1393e153c7ebf17d99ed,177,180,2023-03-04T11:58:00Z,2023-03,Spring,2,2,0.7705652,Rose-ringed Parakeet = 0.771; Eurasian Wryneck = 0.535
6b72c2637aa189529599_99_102,6b72c2637aa189529599,99,102,2023-06-16T09:57:30Z,2023-06,Summer,2,2,0.77049506,Eurasian Wren = 0.77; Goldcrest = 0.599
ba909fb14050822559ef_207_210,ba909fb14050822559ef,207,210,2022-11-15T14:57:07Z,2022-11,Autumn,2,2,0.77025473,Long-tailed Tit = 0.77; Common Firecrest = 0.472
77e6399842ac65e02a39_18_21,77e6399842ac65e02a39,18,21,2024-04-17T06:30:22Z,2024-04,Spring,2,2,0.76991266,Ring-necked Pheasant = 0.77; Little Owl = 0.519
a4d3bb53c0913e5a0f78_216_219,a4d3bb53c0913e5a0f78,216,219,2024-03-31T05:47:46Z,2024-03,Spring,2,2,0.7697574,Eurasian Blue Tit = 0.77; Common Sandpiper = 0.453
8a940159256ca024e87f_33_36,8a940159256ca024e87f,33,36,2023-02-04T07:39:39Z,2023-02,Winter,2,2,0.76916546,Eurasian Green Woodpecker = 0.769; Gray-headed Woodpecker = 0.53
5088abf148bf53e5fd4f_105_108,5088abf148bf53e5fd4f,105,108,2023-11-07T08:38:32Z,2023-11,Autumn,2,2,0.76913446,Long-eared Owl = 0.769; Eurasian Eagle-Owl = 0.598
862c92aeb1ea0db773b5_51_54,862c92aeb1ea0db773b5,51,54,2023-04-16T15:39:35Z,2023-04,Spring,2,2,0.76773775,Eurasian Jackdaw = 0.768; Red-billed Chough = 0.568
3efd424969f85a3e81a5_270_273,3efd424969f85a3e81a5,270,273,2024-03-31T05:53:42Z,2024-03,Spring,2,2,0.76768094,Gray-headed Woodpecker = 0.768; Eurasian Green Woodpecker = 0.453
ee8efe6d83de349c650b_243_246,ee8efe6d83de349c650b,243,246,2023-11-03T07:07:49Z,2023-11,Autumn,2,2,0.76749384,Red Kite = 0.767; Black Kite = 0.651
6d7bf9c05ad69a84426f_276_279,6d7bf9c05ad69a84426f,276,279,2023-04-05T18:00:42Z,2023-04,Spring,2,2,0.76671547,Coal Tit = 0.767; Great Tit = 0.575
4925bcc1727099d2cc49_156_159,4925bcc1727099d2cc49,156,159,2023-03-22T09:31:30Z,2023-03,Spring,2,2,0.7660471,Eurasian Jackdaw = 0.766; Red-billed Chough = 0.506
f01c0143ceaf3e0fdd0b_150_153,f01c0143ceaf3e0fdd0b,150,153,2023-05-10T08:17:06Z,2023-05,Spring,2,2,0.765866,Hooded Crow = 0.766; Carrion Crow = 0.588
408478e0bf48e123ca23_21_24,408478e0bf48e123ca23,21,24,2023-05-20T04:33:54Z,2023-05,Spring,2,2,0.765785,Carrion Crow = 0.766; Hooded Crow = 0.501
a3f9a2ee9672c4f1e3bc_114_117,a3f9a2ee9672c4f1e3bc,114,117,2022-12-04T11:12:24Z,2022-12,Winter,2,2,0.7650495,Eurasian Wren = 0.765; Red-breasted Flycatcher = 0.53
c2921c5e9ec0ef695b15_273_276,c2921c5e9ec0ef695b15,273,276,2023-06-12T09:57:59Z,2023-06,Summer,2,2,0.76449615,Eurasian Jackdaw = 0.764; Red-billed Chough = 0.555
43ef3c0659db38937502_90_93,43ef3c0659db38937502,90,93,2022-01-30T16:49:11Z,2022-01,Winter,2,2,0.7643459,Boreal Owl = 0.764; Tawny Owl = 0.516
c65a3a3c4e5eac15a4f3_138_141,c65a3a3c4e5eac15a4f3,138,141,2022-01-26T23:05:41Z,2022-01,Winter,2,2,0.7638417,Little Owl = 0.764; Common Crane = 0.49
9cea28ce8c9005748bc5_159_162,9cea28ce8c9005748bc5,159,162,2023-11-07T06:38:28Z,2023-11,Autumn,2,2,0.7633552,Eurasian Eagle-Owl = 0.763; Long-eared Owl = 0.544
54f0fbd938acd262843c_9_12,54f0fbd938acd262843c,9,12,2022-09-25T03:16:40Z,2022-09,Autumn,2,2,0.7630963,Little Owl = 0.763; Tawny Owl = 0.638
73338a6792292e394e7f_174_177,73338a6792292e394e7f,174,177,2022-01-17T15:20:07Z,2022-01,Winter,2,2,0.7628531,Carrion Crow = 0.763; Hooded Crow = 0.597
bcd9c32bd2e903a8b9f7_51_54,bcd9c32bd2e903a8b9f7,51,54,2023-06-12T09:59:19Z,2023-06,Summer,2,2,0.762677,Eurasian Jackdaw = 0.763; Red-billed Chough = 0.565
0f9c3affcd8b947a2ebe_162_165,0f9c3affcd8b947a2ebe,162,165,2021-12-26T14:19:39Z,2021-12,Winter,2,2,0.7625706,Hooded Crow = 0.763; Carrion Crow = 0.629
54d5c37bcc1d2545ab54_210_213,54d5c37bcc1d2545ab54,210,213,2023-02-24T15:05:24Z,2023-02,Winter,2,2,0.762426,Eurasian Wryneck = 0.762; Rose-ringed Parakeet = 0.749
53b715553052e037f589_276_279,53b715553052e037f589,276,279,2023-06-12T15:10:30Z,2023-06,Summer,2,2,0.7622013,Eurasian Jackdaw = 0.762; Red-billed Chough = 0.663
43e2dd25beee36938d50_105_108,43e2dd25beee36938d50,105,108,2023-11-07T13:05:40Z,2023-11,Autumn,2,2,0.76190513,Long-eared Owl = 0.762; Eurasian Eagle-Owl = 0.691
454c31e02e05bbccf723_204_207,454c31e02e05bbccf723,204,207,2022-12-09T07:47:37Z,2022-12,Winter,2,2,0.76185125,Gray-headed Woodpecker = 0.762; Eurasian Green Woodpecker = 0.647
a3da97dcb4bb67386cec_84_87,a3da97dcb4bb67386cec,84,87,2023-06-17T16:13:20Z,2023-06,Summer,2,2,0.7614303,Eurasian Jackdaw = 0.761; Red-billed Chough = 0.591
398c3673bdc72c50df70_15_18,398c3673bdc72c50df70,15,18,2023-02-16T10:00:13Z,2023-02,Winter,2,2,0.76136017,Eurasian Jackdaw = 0.761; Red-billed Chough = 0.59
1c8fa04f46a1ef192be4_189_192,1c8fa04f46a1ef192be4,189,192,2022-01-03T10:25:05Z,2022-01,Winter,2,2,0.7611779,Red-billed Chough = 0.761; Eurasian Jackdaw = 0.51
67009dd90eeeb072d92d_81_84,67009dd90eeeb072d92d,81,84,2023-04-08T12:29:07Z,2023-04,Spring,2,2,0.7611363,Rose-ringed Parakeet = 0.761; Eurasian Wryneck = 0.625
3f0e2b9250722c34eb11_69_72,3f0e2b9250722c34eb11,69,72,2023-03-26T15:04:56Z,2023-03,Spring,2,2,0.761132,Eurasian Jackdaw = 0.761; Eurasian Magpie = 0.453
7fc9a2e143fc6fa16173_246_249,7fc9a2e143fc6fa16173,246,249,2022-09-29T14:03:03Z,2022-09,Autumn,2,2,0.7611274,Eurasian Jackdaw = 0.761; Red-billed Chough = 0.615
d48911ca5ce375dd7359_213_216,d48911ca5ce375dd7359,213,216,2024-03-17T13:06:24Z,2024-03,Spring,2,2,0.7608563,Ring-necked Pheasant = 0.761; Little Owl = 0.569
a3da97dcb4bb67386cec_87_90,a3da97dcb4bb67386cec,87,90,2023-06-17T16:13:23Z,2023-06,Summer,2,2,0.7604002,Eurasian Jackdaw = 0.76; Eurasian Magpie = 0.45
10c26fe37f48e7d18674_9_12,10c26fe37f48e7d18674,9,12,2023-05-20T03:43:18Z,2023-05,Spring,2,2,0.7601226,Carrion Crow = 0.76; Hooded Crow = 0.533
41665e29376db80a4997_75_78,41665e29376db80a4997,75,78,2024-04-11T11:08:32Z,2024-04,Spring,2,2,0.7597838,Little Owl = 0.76; Ring-necked Pheasant = 0.693
a0b81f97a213207f9da4_228_231,a0b81f97a213207f9da4,228,231,2023-10-31T06:28:01Z,2023-10,Autumn,2,2,0.75970554,Peregrine Falcon = 0.76; Tawny Owl = 0.523
d9a2b1dc2f9c1121dd65_15_18,d9a2b1dc2f9c1121dd65,15,18,2023-04-01T13:36:57Z,2023-04,Spring,2,2,0.7582555,Rose-ringed Parakeet = 0.758; Eurasian Wryneck = 0.683
d7701f817c367943f7ab_9_12,d7701f817c367943f7ab,9,12,2023-05-14T17:01:14Z,2023-05,Spring,2,2,0.75817627,Eurasian Jackdaw = 0.758; Red-billed Chough = 0.476
b4e8d881b4e1b3a1a394_186_189,b4e8d881b4e1b3a1a394,186,189,2022-10-25T06:47:52Z,2022-10,Autumn,2,2,0.75800514,Gray-headed Woodpecker = 0.758; Eurasian Green Woodpecker = 0.716
de8f0afc1d75e84db716_78_81,de8f0afc1d75e84db716,78,81,2024-02-12T19:45:54Z,2024-02,Winter,2,2,0.7577491,Long-eared Owl = 0.758; Eurasian Eagle-Owl = 0.747
f576c3aae797832a1715_105_108,f576c3aae797832a1715,105,108,2023-04-06T07:15:49Z,2023-04,Spring,2,2,0.75768393,Eurasian Jackdaw = 0.758; Eurasian Magpie = 0.578
4a62821b5db7c965c00c_30_33,4a62821b5db7c965c00c,30,33,2023-02-04T22:21:38Z,2023-02,Winter,2,2,0.7576319,Long-eared Owl = 0.758; Eurasian Eagle-Owl = 0.699
4dfec1bd8ff729cacf44_273_276,4dfec1bd8ff729cacf44,273,276,2022-12-05T07:11:11Z,2022-12,Winter,2,2,0.7575663,Tawny Owl = 0.758; Little Owl = 0.505
86022e587a57e0dd8877_201_204,86022e587a57e0dd8877,201,204,2023-03-11T18:02:49Z,2023-03,Spring,2,2,0.7572092,Eurasian Wren = 0.757; Rock Bunting = 0.473
efd9cafc904f4925708f_261_264,efd9cafc904f4925708f,261,264,2023-05-09T04:24:03Z,2023-05,Spring,2,2,0.7571081,Eurasian Jackdaw = 0.757; Red-billed Chough = 0.542
c1a8b9bf12f58225b1b4_132_135,c1a8b9bf12f58225b1b4,132,135,2023-05-17T17:37:51Z,2023-05,Spring,2,2,0.7568966,Eurasian Jackdaw = 0.757; Eurasian Magpie = 0.682
df83cc933fb133580d2c_114_117,df83cc933fb133580d2c,114,117,2023-06-04T04:08:01Z,2023-06,Summer,2,2,0.75678736,Ring-necked Pheasant = 0.757; Little Owl = 0.59
dfa54bf5f8a0583c59eb_291_294,dfa54bf5f8a0583c59eb,291,294,2022-10-29T09:49:46Z,2022-10,Autumn,2,2,0.75653386,Rose-ringed Parakeet = 0.757; Eurasian Wryneck = 0.741
8ec8854a6842bb0bf799_216_219,8ec8854a6842bb0bf799,216,219,2023-04-01T08:53:02Z,2023-04,Spring,2,2,0.75608295,Rose-ringed Parakeet = 0.756; Eurasian Wryneck = 0.54
c4ab8b7a523c106929fe_0_3,c4ab8b7a523c106929fe,0,3,2022-09-29T09:46:56Z,2022-09,Autumn,2,2,0.75598073,Rose-ringed Parakeet = 0.756; Eurasian Wryneck = 0.545
8d209a56170007ba5d0a_243_246,8d209a56170007ba5d0a,243,246,2023-02-28T07:49:42Z,2023-02,Winter,2,2,0.7559254,Rose-ringed Parakeet = 0.756; Eurasian Wryneck = 0.49
bf133da9a7b33934121f_177_180,bf133da9a7b33934121f,177,180,2023-05-14T06:39:03Z,2023-05,Spring,2,2,0.7558211,Carrion Crow = 0.756; Hooded Crow = 0.503
9bc56fa8742100bb2ed4_159_162,9bc56fa8742100bb2ed4,159,162,2023-08-03T22:10:16Z,2023-08,Summer,2,2,0.75570095,Tawny Owl = 0.756; Little Owl = 0.533
892f067b34e17eaa9a0a_99_102,892f067b34e17eaa9a0a,99,102,2022-12-01T12:33:34Z,2022-12,Winter,2,2,0.7551388,Rose-ringed Parakeet = 0.755; Eurasian Wryneck = 0.568
0af33c98c28011f0a7ae_153_156,0af33c98c28011f0a7ae,153,156,2023-03-17T05:34:19Z,2023-03,Spring,2,2,0.754979,Eurasian Blue Tit = 0.755; Eurasian Treecreeper = 0.626
33c4698154e8e2ec0628_216_219,33c4698154e8e2ec0628,216,219,2023-03-04T08:16:53Z,2023-03,Spring,2,2,0.7544929,Rose-ringed Parakeet = 0.754; Eurasian Wryneck = 0.738
50fa70ce52c828156961_204_207,50fa70ce52c828156961,204,207,2022-02-04T11:33:48Z,2022-02,Winter,2,2,0.75395733,Eurasian Three-toed Woodpecker = 0.754; Black Woodpecker = 0.664
0da059a6bc9e64959b2f_75_78,0da059a6bc9e64959b2f,75,78,2022-09-20T08:19:50Z,2022-09,Autumn,2,2,0.75388116,Carrion Crow = 0.754; Hooded Crow = 0.451
7460c3034717e4551a15_264_267,7460c3034717e4551a15,264,267,2024-03-01T10:31:43Z,2024-03,Spring,2,2,0.75383615,Black Woodpecker = 0.754; Eurasian Jackdaw = 0.514
c99a4dbeb9def98c9e39_246_249,c99a4dbeb9def98c9e39,246,249,2022-09-02T11:44:02Z,2022-09,Autumn,2,2,0.75370693,Eurasian Green Woodpecker = 0.754; Gray-headed Woodpecker = 0.45
f119477bd025a148d624_288_291,f119477bd025a148d624,288,291,2022-09-09T19:09:53Z,2022-09,Autumn,2,2,0.75297225,Eurasian Eagle-Owl = 0.753; Long-eared Owl = 0.625
690652ad9e3639861cfa_81_84,690652ad9e3639861cfa,81,84,2023-05-16T18:24:16Z,2023-05,Spring,2,2,0.7528801,Eurasian Jackdaw = 0.753; Eurasian Magpie = 0.723
c2fa5aefa5491b08f0fe_0_3,c2fa5aefa5491b08f0fe,0,3,2023-02-19T09:23:55Z,2023-02,Winter,2,2,0.7523716,Rose-ringed Parakeet = 0.752; Eurasian Wryneck = 0.553
40f742a63000432b1373_189_192,40f742a63000432b1373,189,192,2023-01-07T11:57:15Z,2023-01,Winter,2,2,0.75209296,Common Firecrest = 0.752; Goldcrest = 0.453
379b534308d8dcaec6fc_249_252,379b534308d8dcaec6fc,249,252,2023-07-10T06:28:40Z,2023-07,Summer,2,2,0.75186646,Eurasian Jackdaw = 0.752; Red-billed Chough = 0.662
a17c48044ce06ae444bf_195_198,a17c48044ce06ae444bf,195,198,2022-11-25T20:35:27Z,2022-11,Autumn,2,2,0.7514758,Ring-necked Pheasant = 0.751; Little Owl = 0.518
eb6c4bbc967dab43bdad_147_150,eb6c4bbc967dab43bdad,147,150,2022-01-01T22:18:52Z,2022-01,Winter,2,2,0.7511187,Eurasian Eagle-Owl = 0.751; Long-eared Owl = 0.636
c5c057553e58714156da_141_144,c5c057553e58714156da,141,144,2023-06-27T08:01:11Z,2023-06,Summer,2,2,0.7508678,Eurasian Jackdaw = 0.751; Red-billed Chough = 0.641
60b036b38410b3ea3160_192_195,60b036b38410b3ea3160,192,195,2022-12-21T07:57:27Z,2022-12,Winter,2,2,0.7506025,Eurasian Jackdaw = 0.751; Red-billed Chough = 0.587
8191f779b690387ace04_0_3,8191f779b690387ace04,0,3,2023-04-23T08:22:00Z,2023-04,Spring,2,2,0.7495096,European Robin = 0.75; Hawfinch = 0.468
4ead1fa6cad6cc4fb37f_183_186,4ead1fa6cad6cc4fb37f,183,186,2023-06-05T11:05:35Z,2023-06,Summer,2,2,0.74933076,Red-billed Chough = 0.749; Eurasian Jackdaw = 0.492
d80e6d82b119687a2caa_186_189,d80e6d82b119687a2caa,186,189,2024-03-30T16:14:10Z,2024-03,Spring,2,2,0.749291,Long-eared Owl = 0.749; Eurasian Eagle-Owl = 0.658
57a8e1b7d47d504c88b8_84_87,57a8e1b7d47d504c88b8,84,87,2023-01-09T20:10:15Z,2023-01,Winter,2,2,0.74847335,Eurasian Eagle-Owl = 0.748; Long-eared Owl = 0.536
aeeee6634ebe4e61c352_0_3,aeeee6634ebe4e61c352,0,3,2022-09-02T13:05:37Z,2022-09,Autumn,2,2,0.74776536,Long-tailed Tit = 0.748; Common Firecrest = 0.603
9c329e5d39700c56d4eb_78_81,9c329e5d39700c56d4eb,78,81,2023-01-11T10:21:34Z,2023-01,Winter,2,2,0.7473857,Rose-ringed Parakeet = 0.747; Eurasian Wryneck = 0.735
57205ef958a75e463ddf_210_213,57205ef958a75e463ddf,210,213,2023-12-24T00:25:11Z,2023-12,Winter,2,2,0.74688023,Tawny Owl = 0.747; Northern Goshawk = 0.525
ad1593a22b45c45425e7_42_45,ad1593a22b45c45425e7,42,45,2022-10-27T12:50:58Z,2022-10,Autumn,2,2,0.74679446,Eurasian Magpie = 0.747; Eurasian Jackdaw = 0.719
49639c6bf514ca81af90_33_36,49639c6bf514ca81af90,33,36,2023-06-12T17:07:26Z,2023-06,Summer,2,2,0.745004,Red-billed Chough = 0.745; Eurasian Jackdaw = 0.518
b32db80c5ecbbc88f5c0_18_21,b32db80c5ecbbc88f5c0,18,21,2022-11-23T07:20:01Z,2022-11,Autumn,2,2,0.7435016,Graylag Goose = 0.744; Egyptian Goose = 0.531
f01c0143ceaf3e0fdd0b_141_144,f01c0143ceaf3e0fdd0b,141,144,2023-05-10T08:16:57Z,2023-05,Spring,2,2,0.74337214,Hooded Crow = 0.743; Carrion Crow = 0.579
936e3ce5e520dca282df_18_21,936e3ce5e520dca282df,18,21,2022-09-29T07:51:18Z,2022-09,Autumn,2,2,0.7431588,Rose-ringed Parakeet = 0.743; Eurasian Wryneck = 0.487
18fc61a0ac46cbda96c2_237_240,18fc61a0ac46cbda96c2,237,240,2024-04-17T11:06:10Z,2024-04,Spring,2,2,0.74261624,Eurasian Wren = 0.743; European Goldfinch = 0.527
76f3450a3d6663a5ff01_297_300,76f3450a3d6663a5ff01,297,300,2023-04-30T15:06:54Z,2023-04,Spring,2,2,0.74258107,Black Kite = 0.743; Red Kite = 0.731
4b9e0fb6d3c039937466_204_207,4b9e0fb6d3c039937466,204,207,2022-11-07T07:31:04Z,2022-11,Autumn,2,2,0.74242806,Eurasian Jackdaw = 0.742; Red-billed Chough = 0.655
8ed666188aea0f1e1fd8_27_30,8ed666188aea0f1e1fd8,27,30,2022-11-26T10:15:50Z,2022-11,Autumn,2,2,0.7415804,Eurasian Wryneck = 0.742; Rose-ringed Parakeet = 0.579
0978b69b095d4dada6c9_162_165,0978b69b095d4dada6c9,162,165,2023-06-12T15:38:51Z,2023-06,Summer,2,2,0.74150485,Eurasian Jackdaw = 0.742; Red-billed Chough = 0.497
49dc01b433e6667c4085_213_216,49dc01b433e6667c4085,213,216,2022-09-27T09:39:16Z,2022-09,Autumn,2,2,0.7410473,Red-billed Chough = 0.741; Eurasian Jackdaw = 0.638
4616d64648ff1c6d5348_150_153,4616d64648ff1c6d5348,150,153,2024-04-10T09:51:04Z,2024-04,Spring,2,2,0.74062973,Little Owl = 0.741; Common Crane = 0.653
9ea6b9d03609d7bf41b8_186_189,9ea6b9d03609d7bf41b8,186,189,2023-05-09T09:25:12Z,2023-05,Spring,2,2,0.7399003,Red Kite = 0.74; Common Buzzard = 0.565
34871843bada23c14115_267_270,34871843bada23c14115,267,270,2023-02-14T14:50:32Z,2023-02,Winter,2,2,0.739848,Eurasian Jackdaw = 0.74; Rose-ringed Parakeet = 0.461
c3a1430e6b5b579460e7_3_6,c3a1430e6b5b579460e7,3,6,2024-02-16T17:15:49Z,2024-02,Winter,2,2,0.7396588,Eurasian Eagle-Owl = 0.74; Ural Owl = 0.473
a80afa6c25d2d4114153_195_198,a80afa6c25d2d4114153,195,198,2022-10-08T12:59:10Z,2022-10,Autumn,2,2,0.7395693,Red Kite = 0.74; Common Buzzard = 0.649
420403e1da822e1aa34f_264_267,420403e1da822e1aa34f,264,267,2023-02-12T06:54:02Z,2023-02,Winter,2,2,0.73947805,Lesser Spotted Woodpecker = 0.739; Great Spotted Woodpecker = 0.516
cbbebed99249b6a519c1_120_123,cbbebed99249b6a519c1,120,123,2023-01-15T11:30:06Z,2023-01,Winter,2,2,0.7393288,Eurasian Wryneck = 0.739; Rose-ringed Parakeet = 0.572
da2c8f7c5bbdafeaa95c_72_75,da2c8f7c5bbdafeaa95c,72,75,2023-03-20T17:02:37Z,2023-03,Spring,2,2,0.73921573,Rose-ringed Parakeet = 0.739; Eurasian Wryneck = 0.508
4a8abd1e94643a9d7e38_144_147,4a8abd1e94643a9d7e38,144,147,2023-10-27T14:02:50Z,2023-10,Autumn,2,2,0.73920804,Eurasian Wren = 0.739; Mistle Thrush = 0.646
55b5befb39bcba1b6b98_93_96,55b5befb39bcba1b6b98,93,96,2023-04-30T13:57:59Z,2023-04,Spring,2,2,0.73894525,Eurasian Jackdaw = 0.739; Eurasian Magpie = 0.45
3f818086cecdaeabf4bf_48_51,3f818086cecdaeabf4bf,48,51,2023-03-26T11:02:40Z,2023-03,Spring,2,2,0.7381818,Red-billed Chough = 0.738; Eurasian Jackdaw = 0.711
6ae28f97987390b806ad_36_39,6ae28f97987390b806ad,36,39,2023-02-19T07:28:36Z,2023-02,Winter,2,2,0.7368048,Carrion Crow = 0.737; Hooded Crow = 0.538
cbc7cd462ffff4db48f7_159_162,cbc7cd462ffff4db48f7,159,162,2023-06-12T07:55:07Z,2023-06,Summer,2,2,0.7367953,Red-billed Chough = 0.737; Eurasian Jackdaw = 0.561
f121a8760034104dcb68_81_84,f121a8760034104dcb68,81,84,2022-11-16T13:12:17Z,2022-11,Autumn,2,2,0.7366839,Rose-ringed Parakeet = 0.737; Eurasian Wryneck = 0.718
280458439936f9206e58_174_177,280458439936f9206e58,174,177,2023-03-29T03:00:16Z,2023-03,Spring,2,2,0.7364875,Little Owl = 0.736; Tawny Owl = 0.627
0f6a0ecdbfd11360afcc_267_270,0f6a0ecdbfd11360afcc,267,270,2023-06-24T05:53:01Z,2023-06,Summer,2,2,0.7355304,Eurasian Green Woodpecker = 0.736; Iberian Green Woodpecker = 0.726
47071e40523a2f59a22f_111_114,47071e40523a2f59a22f,111,114,2022-11-28T11:54:08Z,2022-11,Autumn,2,2,0.7351918,Eurasian Jackdaw = 0.735; Red-billed Chough = 0.535
129b36d02f568741940f_51_54,129b36d02f568741940f,51,54,2023-04-29T11:27:57Z,2023-04,Spring,2,2,0.73415565,Red-billed Chough = 0.734; Eurasian Jackdaw = 0.68
2aaf8bf35176bae85c3f_84_87,2aaf8bf35176bae85c3f,84,87,2023-07-26T09:41:49Z,2023-07,Summer,2,2,0.7335943,Eurasian Jackdaw = 0.734; Red-billed Chough = 0.514
b72ed26c032c0b7ea0a4_36_39,b72ed26c032c0b7ea0a4,36,39,2022-09-05T16:42:18Z,2022-09,Autumn,2,2,0.73269266,Eurasian Jackdaw = 0.733; Eurasian Magpie = 0.519
33f6e59054a229a80736_150_153,33f6e59054a229a80736,150,153,2023-04-23T11:36:02Z,2023-04,Spring,2,2,0.73209584,Eurasian Wryneck = 0.732; Rose-ringed Parakeet = 0.466
9925dbad271ba828dc6a_105_108,9925dbad271ba828dc6a,105,108,2023-02-19T17:04:19Z,2023-02,Winter,2,2,0.73199236,Eurasian Jackdaw = 0.732; Eurasian Magpie = 0.546
9c3b4bfaaca7810e85db_24_27,9c3b4bfaaca7810e85db,24,27,2024-04-01T07:29:57Z,2024-04,Spring,2,2,0.73198354,Red Kite = 0.732; Black Kite = 0.472
39bd0bb8ec0d8c07f056_216_219,39bd0bb8ec0d8c07f056,216,219,2022-10-12T08:09:25Z,2022-10,Autumn,2,2,0.7315883,Eurasian Jackdaw = 0.732; Red-billed Chough = 0.591
98f8f5933369f52514f0_177_180,98f8f5933369f52514f0,177,180,2023-04-23T15:43:26Z,2023-04,Spring,2,2,0.73158026,Red-billed Chough = 0.732; Eurasian Jackdaw = 0.485
823874c9d06024fb449d_72_75,823874c9d06024fb449d,72,75,2023-03-02T07:58:10Z,2023-03,Spring,2,2,0.7296191,Eurasian Wryneck = 0.73; Rose-ringed Parakeet = 0.5
1d35701702dcb48504cb_39_42,1d35701702dcb48504cb,39,42,2023-10-24T15:27:31Z,2023-10,Autumn,2,2,0.7290558,Eurasian Jackdaw = 0.729; Eurasian Magpie = 0.628
a563649daeeb2e6171a9_246_249,a563649daeeb2e6171a9,246,249,2022-11-25T20:06:03Z,2022-11,Autumn,2,2,0.7287019,Eurasian Eagle-Owl = 0.729; Ural Owl = 0.541
5620e19ecc586c1684c4_297_300,5620e19ecc586c1684c4,297,300,2023-04-01T07:13:34Z,2023-04,Spring,2,2,0.728486,Red-billed Chough = 0.728; Eurasian Jackdaw = 0.516
1d7e09a20dea1b9284f5_210_213,1d7e09a20dea1b9284f5,210,213,2022-11-25T22:36:40Z,2022-11,Autumn,2,2,0.72810996,Eurasian Eagle-Owl = 0.728; Long-eared Owl = 0.48
ab4346023a8e51c6bec4_279_282,ab4346023a8e51c6bec4,279,282,2022-10-04T05:49:56Z,2022-10,Autumn,2,2,0.72792107,Carrion Crow = 0.728; Hooded Crow = 0.483
c0450eb7ff7e91507df1_9_12,c0450eb7ff7e91507df1,9,12,2023-04-21T04:54:17Z,2023-04,Spring,2,2,0.72758913,Eurasian Blue Tit = 0.728; Great Tit = 0.531
f7d35aa3f22582b2e48d_63_66,f7d35aa3f22582b2e48d,63,66,2023-03-13T14:45:03Z,2023-03,Spring,2,2,0.7271281,Rose-ringed Parakeet = 0.727; Eurasian Wryneck = 0.453
e0256cd8f8fa8840e500_9_12,e0256cd8f8fa8840e500,9,12,2023-05-25T17:55:33Z,2023-05,Spring,2,2,0.72692543,Ring-necked Pheasant = 0.727; Tawny Owl = 0.519
c16208d8f0bfd0e8f768_228_231,c16208d8f0bfd0e8f768,228,231,2023-04-23T10:16:41Z,2023-04,Spring,2,2,0.72679144,Eurasian Magpie = 0.727; Ring Ouzel = 0.579
4efc155b55da5f2f9313_39_42,4efc155b55da5f2f9313,39,42,2022-08-29T06:29:14Z,2022-08,Summer,2,2,0.7267103,Red-billed Chough = 0.727; Eurasian Jackdaw = 0.562
a18c1a51194ff7c3e445_174_177,a18c1a51194ff7c3e445,174,177,2023-05-23T03:30:13Z,2023-05,Spring,2,2,0.725954,Tawny Owl = 0.726; Little Owl = 0.579
1626f9d243bd22ad3c78_36_39,1626f9d243bd22ad3c78,36,39,2024-04-14T10:33:17Z,2024-04,Spring,2,2,0.72588605,Hooded Crow = 0.726; Carrion Crow = 0.459
058ee0a04c5c962d228c_240_243,058ee0a04c5c962d228c,240,243,2023-08-02T16:35:45Z,2023-08,Summer,2,2,0.7256557,Eurasian Eagle-Owl = 0.726; Long-eared Owl = 0.64
b257693afd0354926c75_291_294,b257693afd0354926c75,291,294,2023-05-20T03:42:57Z,2023-05,Spring,2,2,0.7245209,Carrion Crow = 0.725; Hooded Crow = 0.636
5650ca3903b4eff987dd_156_159,5650ca3903b4eff987dd,156,159,2023-04-01T09:17:14Z,2023-04,Spring,2,2,0.72428167,Red-billed Chough = 0.724; Eurasian Jackdaw = 0.514
9da359e3b8966aca6e80_273_276,9da359e3b8966aca6e80,273,276,2023-04-26T16:04:35Z,2023-04,Spring,2,2,0.7229654,Eurasian Jackdaw = 0.723; Eurasian Magpie = 0.569
c521c2cc83c38dfb9f69_96_99,c521c2cc83c38dfb9f69,96,99,2022-11-12T07:36:13Z,2022-11,Autumn,2,2,0.7228368,Red-billed Chough = 0.723; Eurasian Jackdaw = 0.537
cd347d590c9af065042e_276_279,cd347d590c9af065042e,276,279,2023-03-20T06:41:01Z,2023-03,Spring,2,2,0.7227349,Eurasian Magpie = 0.723; Eurasian Jackdaw = 0.584
c9ee8988faa38d326444_174_177,c9ee8988faa38d326444,174,177,2023-05-22T18:24:13Z,2023-05,Spring,2,2,0.7226033,Tawny Owl = 0.723; Ring-necked Pheasant = 0.647
f6685fa404a7a7f3261b_0_3,f6685fa404a7a7f3261b,0,3,2023-06-05T06:55:33Z,2023-06,Summer,2,2,0.7225777,Eurasian Magpie = 0.723; Eurasian Jackdaw = 0.584
c9b584fd3bfa877a9ef6_0_3,c9b584fd3bfa877a9ef6,0,3,2022-10-24T19:37:54Z,2022-10,Autumn,2,2,0.72202015,Eurasian Eagle-Owl = 0.722; Long-eared Owl = 0.524
cfc721eb2bd38a6f5f5c_168_171,cfc721eb2bd38a6f5f5c,168,171,2022-01-03T17:43:14Z,2022-01,Winter,2,2,0.7218349,Eurasian Eagle-Owl = 0.722; Ural Owl = 0.592
be8d0c65eebc04a16910_15_18,be8d0c65eebc04a16910,15,18,2022-01-30T08:03:44Z,2022-01,Winter,2,2,0.72149444,Carrion Crow = 0.721; Hooded Crow = 0.532
fa17d9d703a40fb7a759_36_39,fa17d9d703a40fb7a759,36,39,2022-09-06T06:30:27Z,2022-09,Autumn,2,2,0.7208346,Eurasian Jackdaw = 0.721; Red-billed Chough = 0.656
f413a057c3e15fa455ff_66_69,f413a057c3e15fa455ff,66,69,2023-04-29T11:48:22Z,2023-04,Spring,2,2,0.72042704,Eurasian Jackdaw = 0.72; Black Woodpecker = 0.485
2ab519a1f1165a47668e_12_15,2ab519a1f1165a47668e,12,15,2024-03-20T11:11:33Z,2024-03,Spring,2,2,0.7195327,Eurasian Green Woodpecker = 0.72; Gray-headed Woodpecker = 0.619
82e3581e834220cf3239_282_285,82e3581e834220cf3239,282,285,2023-04-30T04:01:22Z,2023-04,Spring,2,2,0.7193743,Eurasian Blackbird = 0.719; Mistle Thrush = 0.511
73e284f13da12fc01c7c_69_72,73e284f13da12fc01c7c,69,72,2023-04-24T06:45:29Z,2023-04,Spring,2,2,0.71900505,Carrion Crow = 0.719; Hooded Crow = 0.461
f01c0143ceaf3e0fdd0b_132_135,f01c0143ceaf3e0fdd0b,132,135,2023-05-10T08:16:48Z,2023-05,Spring,2,2,0.7188623,Hooded Crow = 0.719; Carrion Crow = 0.645
1408acdbfc06d13f066c_132_135,1408acdbfc06d13f066c,132,135,2023-04-14T04:49:39Z,2023-04,Spring,2,2,0.71860284,Rock Bunting = 0.719; Eurasian Blue Tit = 0.606
a389be42745f77ca2337_267_270,a389be42745f77ca2337,267,270,2023-05-11T12:44:13Z,2023-05,Spring,2,2,0.71837753,European Robin = 0.718; Wood Warbler = 0.544
74fcbc1e8e6a851fea20_105_108,74fcbc1e8e6a851fea20,105,108,2022-01-10T15:54:22Z,2022-01,Winter,2,2,0.7178691,Hooded Crow = 0.718; Carrion Crow = 0.626
93386ef2a40bfd87e4a0_285_288,93386ef2a40bfd87e4a0,285,288,2023-03-05T10:47:15Z,2023-03,Spring,2,2,0.7174783,Rose-ringed Parakeet = 0.717; Eurasian Wryneck = 0.473
62c823f8573017713c7c_156_159,62c823f8573017713c7c,156,159,2023-04-01T23:54:14Z,2023-04,Spring,2,2,0.7174229,Mandarin Duck = 0.717; Green-winged Teal = 0.627
a078793aabe1c9bc418d_39_42,a078793aabe1c9bc418d,39,42,2022-02-09T08:45:01Z,2022-02,Winter,2,2,0.7174142,Great Tit = 0.717; Eurasian Blue Tit = 0.621
d4f9ca3b0d99383edeb0_243_246,d4f9ca3b0d99383edeb0,243,246,2024-04-01T06:43:12Z,2024-04,Spring,2,2,0.7172984,Carrion Crow = 0.717; Hooded Crow = 0.451
a4a7a94ca8cb5cffd3f7_111_114,a4a7a94ca8cb5cffd3f7,111,114,2023-04-25T06:29:10Z,2023-04,Spring,2,2,0.7172029,Ring-necked Pheasant = 0.717; Little Owl = 0.458
fcb277f3d882c5c6ace0_144_147,fcb277f3d882c5c6ace0,144,147,2022-01-25T17:21:04Z,2022-01,Winter,2,2,0.7168929,Tawny Owl = 0.717; Boreal Owl = 0.638
28c79dc7d5081efc34d4_75_78,28c79dc7d5081efc34d4,75,78,2022-09-10T07:08:40Z,2022-09,Autumn,2,2,0.7167361,Long-eared Owl = 0.717; Eurasian Eagle-Owl = 0.682
59e6673b167d5f51169f_66_69,59e6673b167d5f51169f,66,69,2022-10-23T13:07:50Z,2022-10,Autumn,2,2,0.7166231,Eurasian Jackdaw = 0.717; Black Woodpecker = 0.593
4de37678327520038c0c_153_156,4de37678327520038c0c,153,156,2023-06-05T07:18:16Z,2023-06,Summer,2,2,0.71647835,Eurasian Jackdaw = 0.716; Red-billed Chough = 0.577
5e5e0c7e34c53f93b0f2_237_240,5e5e0c7e34c53f93b0f2,237,240,2022-08-30T17:42:40Z,2022-08,Summer,2,2,0.71595925,Eurasian Wryneck = 0.716; Rose-ringed Parakeet = 0.663
5e75da71c4be555a2008_165_168,5e75da71c4be555a2008,165,168,2023-02-11T09:30:34Z,2023-02,Winter,2,2,0.71578526,Carrion Crow = 0.716; Hooded Crow = 0.524
24161ff9f9c4a740d1d3_15_18,24161ff9f9c4a740d1d3,15,18,2023-06-13T18:20:47Z,2023-06,Summer,2,2,0.7156093,Boreal Owl = 0.716; Tawny Owl = 0.524
168ad38a6bc86c0ec608_255_258,168ad38a6bc86c0ec608,255,258,2024-02-01T11:27:18Z,2024-02,Winter,2,2,0.7147634,Hooded Crow = 0.715; Carrion Crow = 0.677
c53c576823c9b7c32d55_39_42,c53c576823c9b7c32d55,39,42,2022-10-31T12:32:58Z,2022-10,Autumn,2,2,0.7147184,Carrion Crow = 0.715; Hooded Crow = 0.627
237f947bae8f6902db33_21_24,237f947bae8f6902db33,21,24,2023-05-08T09:09:17Z,2023-05,Spring,2,2,0.71447814,Eurasian Magpie = 0.714; Eurasian Jackdaw = 0.6
3e9a3be5a516f04674d9_279_282,3e9a3be5a516f04674d9,279,282,2022-09-11T09:56:27Z,2022-09,Autumn,2,2,0.7141149,Rose-ringed Parakeet = 0.714; Eurasian Wryneck = 0.507
d02a891ac5db7f10cf40_66_69,d02a891ac5db7f10cf40,66,69,2023-05-22T12:09:26Z,2023-05,Spring,2,2,0.7131454,Red-billed Chough = 0.713; Eurasian Jackdaw = 0.498
89dd4375220df529de31_93_96,89dd4375220df529de31,93,96,2024-02-13T16:27:36Z,2024-02,Winter,2,2,0.71309745,Carrion Crow = 0.713; Hooded Crow = 0.614
3bd4a20cd745a6d88573_69_72,3bd4a20cd745a6d88573,69,72,2023-02-17T14:41:23Z,2023-02,Winter,2,2,0.71284837,Rose-ringed Parakeet = 0.713; Eurasian Wryneck = 0.494
5cab1faf9fb04ef60f00_243_246,5cab1faf9fb04ef60f00,243,246,2022-10-13T10:23:57Z,2022-10,Autumn,2,2,0.7123931,Carrion Crow = 0.712; Hooded Crow = 0.487
74fcbc1e8e6a851fea20_102_105,74fcbc1e8e6a851fea20,102,105,2022-01-10T15:54:19Z,2022-01,Winter,2,2,0.7123368,Hooded Crow = 0.712; Carrion Crow = 0.63
5ea1e0bfcbc1a787dcc7_0_3,5ea1e0bfcbc1a787dcc7,0,3,2023-06-12T13:04:57Z,2023-06,Summer,2,2,0.7120395,Eurasian Jackdaw = 0.712; Red-billed Chough = 0.546
5d01179786fa8a7b4641_90_93,5d01179786fa8a7b4641,90,93,2023-06-15T03:06:01Z,2023-06,Summer,2,2,0.7119176,Little Owl = 0.712; Tawny Owl = 0.599
ed81f427502b1d749084_189_192,ed81f427502b1d749084,189,192,2024-03-22T17:53:45Z,2024-03,Spring,2,2,0.71134573,Gray-headed Woodpecker = 0.711; Eurasian Green Woodpecker = 0.624
2e2088d4b222f8ae30ec_48_51,2e2088d4b222f8ae30ec,48,51,2023-06-24T09:05:56Z,2023-06,Summer,2,2,0.71062523,Black Woodpecker = 0.711; Eurasian Three-toed Woodpecker = 0.583
458392a23b9c2035e5c1_255_258,458392a23b9c2035e5c1,255,258,2023-10-22T06:45:32Z,2023-10,Autumn,2,2,0.7099232,Carrion Crow = 0.71; Hooded Crow = 0.489
c8eb152f11d6e4f60fff_12_15,c8eb152f11d6e4f60fff,12,15,2024-04-12T17:53:47Z,2024-04,Spring,2,2,0.7097362,Little Owl = 0.71; Ring-necked Pheasant = 0.5
d529f22a1b41a6f8373a_201_204,d529f22a1b41a6f8373a,201,204,2022-01-12T08:57:36Z,2022-01,Winter,2,2,0.708931,Eurasian Jackdaw = 0.709; Red-billed Chough = 0.462
71e1ac225ee1562e85a7_144_147,71e1ac225ee1562e85a7,144,147,2023-03-23T13:46:23Z,2023-03,Spring,2,2,0.7082255,Eurasian Eagle-Owl = 0.708; Long-eared Owl = 0.623
81d1deb4e14804bc118e_174_177,81d1deb4e14804bc118e,174,177,2023-05-18T11:13:31Z,2023-05,Spring,2,2,0.708205,Ring-necked Pheasant = 0.708; Little Owl = 0.464
ce35a969f035d3914d3c_192_195,ce35a969f035d3914d3c,192,195,2022-11-29T08:16:50Z,2022-11,Autumn,2,2,0.70774686,Eurasian Jackdaw = 0.708; Red-billed Chough = 0.511
0979a6360ef1ac437cc1_24_27,0979a6360ef1ac437cc1,24,27,2023-06-24T08:55:27Z,2023-06,Summer,2,2,0.706929,Red Kite = 0.707; Common Buzzard = 0.696
1a22c5081aeccd347f9c_30_33,1a22c5081aeccd347f9c,30,33,2023-06-10T16:56:10Z,2023-06,Summer,2,2,0.7067385,Red-billed Chough = 0.707; Eurasian Jackdaw = 0.528
20f1f734d4c6f641660b_54_57,20f1f734d4c6f641660b,54,57,2022-09-12T08:09:56Z,2022-09,Autumn,2,2,0.70663327,Eurasian Wryneck = 0.707; Rose-ringed Parakeet = 0.501
9a3ede788dc6b9d8b7b9_78_81,9a3ede788dc6b9d8b7b9,78,81,2022-11-14T11:05:07Z,2022-11,Autumn,2,2,0.7065556,Bearded Reedling = 0.707; Great Spotted Woodpecker = 0.485
af26b3ebaf39ca8cffec_117_120,af26b3ebaf39ca8cffec,117,120,2024-04-11T06:42:06Z,2024-04,Spring,2,2,0.7065087,Carrion Crow = 0.707; Hooded Crow = 0.501
46575a15bbd3edfc034b_246_249,46575a15bbd3edfc034b,246,249,2023-01-26T19:49:42Z,2023-01,Winter,2,2,0.70626366,Tawny Owl = 0.706; Little Owl = 0.629
2b516240942c63482739_210_213,2b516240942c63482739,210,213,2023-03-31T14:47:42Z,2023-03,Spring,2,2,0.7062077,Eurasian Wren = 0.706; Great Tit = 0.508
c975c1234885668364b7_237_240,c975c1234885668364b7,237,240,2022-10-08T13:04:54Z,2022-10,Autumn,2,2,0.706203,Eurasian Jackdaw = 0.706; Eurasian Magpie = 0.454
2ae664e39b1c2ee61356_15_18,2ae664e39b1c2ee61356,15,18,2023-04-24T05:44:06Z,2023-04,Spring,2,2,0.7059559,Hooded Crow = 0.706; Carrion Crow = 0.68
0e56533ab3f490b3ef3a_33_36,0e56533ab3f490b3ef3a,33,36,2024-04-13T15:07:22Z,2024-04,Spring,2,2,0.70544404,Eurasian Blue Tit = 0.705; Great Tit = 0.455
f337e1e28352ebfa0f64_6_9,f337e1e28352ebfa0f64,6,9,2023-05-11T05:51:37Z,2023-05,Spring,2,2,0.7050791,Eurasian Blue Tit = 0.705; Gray Wagtail = 0.677
d8214f4a28c510c5c528_294_297,d8214f4a28c510c5c528,294,297,2022-10-28T10:37:10Z,2022-10,Autumn,2,2,0.7050344,Long-eared Owl = 0.705; Eurasian Eagle-Owl = 0.495
af26b3ebaf39ca8cffec_225_228,af26b3ebaf39ca8cffec,225,228,2024-04-11T06:43:54Z,2024-04,Spring,2,2,0.705034,Carrion Crow = 0.705; Hooded Crow = 0.636
39dbc883158de157bcd2_252_255,39dbc883158de157bcd2,252,255,2023-02-19T08:47:48Z,2023-02,Winter,2,2,0.70371574,Rose-ringed Parakeet = 0.704; Eurasian Wryneck = 0.633
35bf4010c8f1b3217f95_213_216,35bf4010c8f1b3217f95,213,216,2022-09-06T07:33:53Z,2022-09,Autumn,2,2,0.7028228,Eurasian Blue Tit = 0.703; European Robin = 0.526
ba1d8ada86b072d0b6a4_21_24,ba1d8ada86b072d0b6a4,21,24,2023-04-11T04:33:37Z,2023-04,Spring,2,2,0.70208204,Cirl Bunting = 0.702; White-winged Crossbill = 0.507
e04877378dc66be800b2_51_54,e04877378dc66be800b2,51,54,2023-06-09T05:33:00Z,2023-06,Summer,2,2,0.7009693,Black Woodpecker = 0.701; Eurasian Jackdaw = 0.657
06daeaeb363ca894e38f_87_90,06daeaeb363ca894e38f,87,90,2023-02-18T12:28:40Z,2023-02,Winter,2,2,0.7007998,Rose-ringed Parakeet = 0.701; Eurasian Wryneck = 0.487
d0a01453ad935e31e2de_141_144,d0a01453ad935e31e2de,141,144,2023-05-09T04:27:05Z,2023-05,Spring,2,2,0.7006718,Eurasian Jackdaw = 0.701; Red-billed Chough = 0.684
5cab1faf9fb04ef60f00_255_258,5cab1faf9fb04ef60f00,255,258,2022-10-13T10:24:09Z,2022-10,Autumn,2,2,0.7004475,Carrion Crow = 0.7; Hooded Crow = 0.476
1e6433ec92074f04ff4c_12_15,1e6433ec92074f04ff4c,12,15,2023-04-10T05:05:41Z,2023-04,Spring,2,2,0.70031583,Eurasian Wren = 0.7; Eurasian Blue Tit = 0.458
e7446909ef91b3566f81_3_6,e7446909ef91b3566f81,3,6,2023-04-20T04:10:48Z,2023-04,Spring,2,2,0.6996994,European Robin = 0.7; Eurasian Blue Tit = 0.573
69f36a997ea93513146b_246_249,69f36a997ea93513146b,246,249,2023-06-21T04:22:46Z,2023-06,Summer,2,2,0.69940627,Red-billed Chough = 0.699; Eurasian Jackdaw = 0.655
95d0a94bb7e512511257_228_231,95d0a94bb7e512511257,228,231,2023-04-25T17:56:35Z,2023-04,Spring,2,2,0.699124,Eurasian Wryneck = 0.699; Rose-ringed Parakeet = 0.507
60b96e8e612483fb0a7c_48_51,60b96e8e612483fb0a7c,48,51,2023-07-22T18:58:17Z,2023-07,Summer,2,2,0.6975729,Dunnock = 0.698; Common Kingfisher = 0.66
7aa55162dcd63842ead5_78_81,7aa55162dcd63842ead5,78,81,2023-03-21T16:30:32Z,2023-03,Spring,2,2,0.6969399,Eurasian Green Woodpecker = 0.697; Osprey = 0.454
925634c7b74f7cdd3018_51_54,925634c7b74f7cdd3018,51,54,2023-06-19T12:42:13Z,2023-06,Summer,2,2,0.6967617,Red-billed Chough = 0.697; Eurasian Jackdaw = 0.691
5792fffb67ad495e3e57_225_228,5792fffb67ad495e3e57,225,228,2023-05-17T12:06:46Z,2023-05,Spring,2,2,0.69672245,Ring-necked Pheasant = 0.697; Tawny Owl = 0.529
0346c4b5d8eb02909816_189_192,0346c4b5d8eb02909816,189,192,2023-02-27T17:40:27Z,2023-02,Winter,2,2,0.69619167,Long-tailed Tit = 0.696; Common Firecrest = 0.669
a7d879fdcf7601ae42d2_27_30,a7d879fdcf7601ae42d2,27,30,2023-05-06T07:17:10Z,2023-05,Spring,2,2,0.6948765,Carrion Crow = 0.695; Hooded Crow = 0.51
eed95a52312f6df29d0e_144_147,eed95a52312f6df29d0e,144,147,2023-10-28T06:07:05Z,2023-10,Autumn,2,2,0.6948363,Eurasian Eagle-Owl = 0.695; Long-eared Owl = 0.587
98f449ef3cccdc52811a_204_207,98f449ef3cccdc52811a,204,207,2022-10-23T09:58:37Z,2022-10,Autumn,2,2,0.694393,Carrion Crow = 0.694; Hooded Crow = 0.514
fb260f4c571594bb2119_282_285,fb260f4c571594bb2119,282,285,2023-06-03T16:08:27Z,2023-06,Summer,2,2,0.6941287,Eurasian Jackdaw = 0.694; Black Woodpecker = 0.643
e26a62bc013c2e0ed39d_126_129,e26a62bc013c2e0ed39d,126,129,2022-09-11T15:11:26Z,2022-09,Autumn,2,2,0.69399816,Eurasian Jackdaw = 0.694; Eurasian Magpie = 0.475
dbf831648b41793c3827_264_267,dbf831648b41793c3827,264,267,2023-01-03T08:20:26Z,2023-01,Winter,2,2,0.6938653,Eurasian Blue Tit = 0.694; Gray Wagtail = 0.519
31a5b7ae7d68653c9e5c_0_3,31a5b7ae7d68653c9e5c,0,3,2023-06-10T16:20:23Z,2023-06,Summer,2,2,0.6937479,Eurasian Jackdaw = 0.694; Red-billed Chough = 0.647
32827d1434778fd68383_105_108,32827d1434778fd68383,105,108,2023-06-11T13:48:59Z,2023-06,Summer,2,2,0.6933601,Eurasian Jackdaw = 0.693; Red-billed Chough = 0.521
0f6a0ecdbfd11360afcc_240_243,0f6a0ecdbfd11360afcc,240,243,2023-06-24T05:52:34Z,2023-06,Summer,2,2,0.6932598,Iberian Green Woodpecker = 0.693; Eurasian Green Woodpecker = 0.58
cf5ec76850ed8df69c6d_60_63,cf5ec76850ed8df69c6d,60,63,2024-01-09T13:32:25Z,2024-01,Winter,2,2,0.69323575,Red-breasted Flycatcher = 0.693; Eurasian Wren = 0.682
e4fb6631a4be95c1554b_264_267,e4fb6631a4be95c1554b,264,267,2023-06-01T08:08:08Z,2023-06,Summer,2,2,0.69294983,Red-billed Chough = 0.693; Eurasian Jackdaw = 0.462
2e2088d4b222f8ae30ec_39_42,2e2088d4b222f8ae30ec,39,42,2023-06-24T09:05:47Z,2023-06,Summer,2,2,0.69290274,Black Woodpecker = 0.693; Eurasian Three-toed Woodpecker = 0.474
fc8817739abc8da03df0_165_168,fc8817739abc8da03df0,165,168,2023-03-19T18:21:44Z,2023-03,Spring,2,2,0.6926492,Eurasian Eagle-Owl = 0.693; Long-eared Owl = 0.487
8fd07749b565ff19c14c_51_54,8fd07749b565ff19c14c,51,54,2022-10-28T08:17:02Z,2022-10,Autumn,2,2,0.69244385,Barn Swallow = 0.692; Eurasian Blackbird = 0.576
b3c4835bd40a363a0941_168_171,b3c4835bd40a363a0941,168,171,2023-05-01T04:07:33Z,2023-05,Spring,2,2,0.69223803,Mistle Thrush = 0.692; Eurasian Blackbird = 0.493
e04dc549ef4d7a6dc8c1_0_3,e04dc549ef4d7a6dc8c1,0,3,2023-03-18T09:46:50Z,2023-03,Spring,2,2,0.69203365,Ring-necked Pheasant = 0.692; Egyptian Goose = 0.651
d04bf63c0dd55184e8df_27_30,d04bf63c0dd55184e8df,27,30,2023-04-21T08:46:26Z,2023-04,Spring,2,2,0.69172674,Eurasian Wren = 0.692; Dunnock = 0.654
6687cef3a62f836cef49_258_261,6687cef3a62f836cef49,258,261,2023-06-05T14:03:15Z,2023-06,Summer,2,2,0.69165117,Red-billed Chough = 0.692; Eurasian Jackdaw = 0.677
e04877378dc66be800b2_48_51,e04877378dc66be800b2,48,51,2023-06-09T05:32:57Z,2023-06,Summer,2,2,0.6914692,Eurasian Jackdaw = 0.691; Red-billed Chough = 0.685
413f19a34d16eb22189f_114_117,413f19a34d16eb22189f,114,117,2023-05-22T16:17:12Z,2023-05,Spring,2,2,0.6913871,Eurasian Magpie = 0.691; Eurasian Jackdaw = 0.536
be2a2c3544cb63912bda_81_84,be2a2c3544cb63912bda,81,84,2023-02-12T09:57:28Z,2023-02,Winter,2,2,0.691012,Common Firecrest = 0.691; Goldcrest = 0.468
d9f4dd13127a7be4f478_90_93,d9f4dd13127a7be4f478,90,93,2023-03-01T05:54:26Z,2023-03,Spring,2,2,0.69068044,Boreal Owl = 0.691; Tawny Owl = 0.486
4f957a82c021884308b9_246_249,4f957a82c021884308b9,246,249,2023-11-05T16:48:39Z,2023-11,Autumn,2,2,0.6903381,Eurasian Eagle-Owl = 0.69; Long-eared Owl = 0.592
cf64977c4f21719729e8_33_36,cf64977c4f21719729e8,33,36,2022-11-30T15:10:36Z,2022-11,Autumn,2,2,0.6902502,Eurasian Jay = 0.69; Rose-ringed Parakeet = 0.505
d56537b18aa28a07673f_18_21,d56537b18aa28a07673f,18,21,2023-04-24T06:34:33Z,2023-04,Spring,2,2,0.6900317,Dunnock = 0.69; Eurasian Wren = 0.488
d587fc9c82036ca9348c_237_240,d587fc9c82036ca9348c,237,240,2023-05-02T06:58:07Z,2023-05,Spring,2,2,0.6900272,Common Grasshopper-Warbler = 0.69; Spectacled Warbler = 0.479
9adfe0867c467f21e2bd_69_72,9adfe0867c467f21e2bd,69,72,2023-04-27T19:45:59Z,2023-04,Spring,2,2,0.6899309,Mistle Thrush = 0.69; Eurasian Wren = 0.605
49749f653109ee8190e3_27_30,49749f653109ee8190e3,27,30,2023-04-28T04:51:18Z,2023-04,Spring,2,2,0.68976516,Mistle Thrush = 0.69; Eurasian Wren = 0.524
fff6670a52ae531611e5_39_42,fff6670a52ae531611e5,39,42,2023-04-29T07:51:02Z,2023-04,Spring,2,2,0.68971527,Red-billed Chough = 0.69; Eurasian Jackdaw = 0.565
5462e8eb1aa834fbd579_129_132,5462e8eb1aa834fbd579,129,132,2023-03-16T16:05:54Z,2023-03,Spring,2,2,0.68954825,Eurasian Wryneck = 0.69; Rose-ringed Parakeet = 0.649
c5547ff3ce70dc5fee59_159_162,c5547ff3ce70dc5fee59,159,162,2023-06-10T16:07:55Z,2023-06,Summer,2,2,0.6891769,Eurasian Jackdaw = 0.689; Red-billed Chough = 0.548
5129ca5cab5d4ec39f17_156_159,5129ca5cab5d4ec39f17,156,159,2023-06-12T17:54:51Z,2023-06,Summer,2,2,0.6890275,Eurasian Jackdaw = 0.689; Eurasian Magpie = 0.578
2095214e2237b58b8522_249_252,2095214e2237b58b8522,249,252,2022-01-26T15:13:46Z,2022-01,Winter,2,2,0.6886131,Eurasian Magpie = 0.689; Eurasian Jackdaw = 0.663
97c7351ed6e89c3b3e1f_186_189,97c7351ed6e89c3b3e1f,186,189,2024-02-13T07:50:01Z,2024-02,Winter,2,2,0.6883035,Carrion Crow = 0.688; Hooded Crow = 0.46
d651ad942b12aac9d2b3_276_279,d651ad942b12aac9d2b3,276,279,2023-05-08T05:51:55Z,2023-05,Spring,2,2,0.68809247,Black Woodpecker = 0.688; Eurasian Jackdaw = 0.49
4fbd9f9ae9c5332d0a65_183_186,4fbd9f9ae9c5332d0a65,183,186,2022-09-22T09:33:24Z,2022-09,Autumn,2,2,0.687961,Eurasian Jackdaw = 0.688; Red-billed Chough = 0.609
7308578d8cf559761df5_297_300,7308578d8cf559761df5,297,300,2023-05-17T03:48:58Z,2023-05,Spring,2,2,0.6871025,Carrion Crow = 0.687; Hooded Crow = 0.595
83cc86f6e756ff2fb9c4_192_195,83cc86f6e756ff2fb9c4,192,195,2023-08-03T09:49:55Z,2023-08,Summer,2,2,0.68685454,Common Buzzard = 0.687; European Honey-buzzard = 0.596
efbb1c8c57db0374a036_192_195,efbb1c8c57db0374a036,192,195,2023-04-08T04:52:19Z,2023-04,Spring,2,2,0.6866939,Eurasian Blackbird = 0.687; Mistle Thrush = 0.559
2de81bf82f69dbaa6933_39_42,2de81bf82f69dbaa6933,39,42,2023-03-23T07:06:28Z,2023-03,Spring,2,2,0.6865883,Gray Wagtail = 0.687; Eurasian Blue Tit = 0.533
00f983670e7bd0de4c55_195_198,00f983670e7bd0de4c55,195,198,2023-04-16T07:12:56Z,2023-04,Spring,2,2,0.6861738,Dunnock = 0.686; Eurasian Wren = 0.528
9ea0261832b7e3f8c7a2_69_72,9ea0261832b7e3f8c7a2,69,72,2023-06-12T11:35:23Z,2023-06,Summer,2,2,0.68605447,Eurasian Jackdaw = 0.686; Red-billed Chough = 0.518
63286145fae60d106fe6_195_198,63286145fae60d106fe6,195,198,2023-05-06T12:47:36Z,2023-05,Spring,2,2,0.685387,Carrion Crow = 0.685; Hooded Crow = 0.552
1aaf687fb4e3882df63e_294_297,1aaf687fb4e3882df63e,294,297,2022-11-11T12:08:38Z,2022-11,Autumn,2,2,0.6847253,Long-tailed Tit = 0.685; Common Firecrest = 0.531
a4dea6bfa3223c58b9a2_246_249,a4dea6bfa3223c58b9a2,246,249,2023-10-23T16:02:52Z,2023-10,Autumn,2,2,0.6834305,Eurasian Jackdaw = 0.683; Black Woodpecker = 0.663
cc38eeed8b0d714cc6a4_279_282,cc38eeed8b0d714cc6a4,279,282,2023-03-15T14:24:32Z,2023-03,Spring,2,2,0.6829943,Eurasian Jackdaw = 0.683; Red-billed Chough = 0.465
ca8ab6147a87253784c3_267_270,ca8ab6147a87253784c3,267,270,2023-04-28T14:14:46Z,2023-04,Spring,2,2,0.6828475,Hooded Crow = 0.683; Carrion Crow = 0.631
c0268c4edaebbc9784e4_6_9,c0268c4edaebbc9784e4,6,9,2022-09-09T17:14:18Z,2022-09,Autumn,2,2,0.6822561,Rose-ringed Parakeet = 0.682; Eurasian Wryneck = 0.522
cdeeac92d1a47d879e2f_180_183,cdeeac92d1a47d879e2f,180,183,2023-06-29T09:08:27Z,2023-06,Summer,2,2,0.6819484,Red-billed Chough = 0.682; Eurasian Jackdaw = 0.479
f337e1e28352ebfa0f64_144_147,f337e1e28352ebfa0f64,144,147,2023-05-11T05:53:55Z,2023-05,Spring,2,2,0.681554,Eurasian Blue Tit = 0.682; Gray Wagtail = 0.595
1bee30c6c4355e80806f_33_36,1bee30c6c4355e80806f,33,36,2023-05-12T18:11:06Z,2023-05,Spring,2,2,0.68149614,Eurasian Magpie = 0.681; Eurasian Jackdaw = 0.617
6a89ec45d270418db614_255_258,6a89ec45d270418db614,255,258,2022-09-14T00:44:14Z,2022-09,Autumn,2,2,0.68060225,Boreal Owl = 0.681; Tawny Owl = 0.641
610d0d0375d8aa104fd6_12_15,610d0d0375d8aa104fd6,12,15,2023-06-12T14:00:35Z,2023-06,Summer,2,2,0.68046516,Red-billed Chough = 0.68; Eurasian Jackdaw = 0.635
25a021aa7891809ce946_18_21,25a021aa7891809ce946,18,21,2023-06-11T12:26:52Z,2023-06,Summer,2,2,0.6798931,Red-billed Chough = 0.68; Eurasian Jackdaw = 0.563
22eed7c3022c25cf0f42_33_36,22eed7c3022c25cf0f42,33,36,2024-04-04T00:49:37Z,2024-04,Spring,2,2,0.67932045,Tawny Owl = 0.679; Little Owl = 0.596
59e97eb69dd4f72e02b4_159_162,59e97eb69dd4f72e02b4,159,162,2024-03-03T07:29:40Z,2024-03,Spring,2,2,0.6792334,Hooded Crow = 0.679; Carrion Crow = 0.542
3f6fa05ebde0022a74ba_243_246,3f6fa05ebde0022a74ba,243,246,2023-03-18T17:04:22Z,2023-03,Spring,2,2,0.6790491,Rose-ringed Parakeet = 0.679; Eurasian Wryneck = 0.661
f01c0143ceaf3e0fdd0b_180_183,f01c0143ceaf3e0fdd0b,180,183,2023-05-10T08:17:36Z,2023-05,Spring,2,2,0.6788255,Carrion Crow = 0.679; Hooded Crow = 0.54
abac0daf57a345063a8f_210_213,abac0daf57a345063a8f,210,213,2022-10-06T20:06:44Z,2022-10,Autumn,2,2,0.67876697,Eurasian Eagle-Owl = 0.679; Long-eared Owl = 0.534
08457c97702b2de79f29_90_93,08457c97702b2de79f29,90,93,2022-09-20T11:16:29Z,2022-09,Autumn,2,2,0.6787172,Tawny Owl = 0.679; Little Owl = 0.56
6eb682d4666fef7f06ce_276_279,6eb682d4666fef7f06ce,276,279,2023-12-18T15:39:42Z,2023-12,Winter,2,2,0.67774373,Carrion Crow = 0.678; Hooded Crow = 0.482
c7b9218333825c87cf43_36_39,c7b9218333825c87cf43,36,39,2023-11-29T18:09:19Z,2023-11,Autumn,2,2,0.67769533,Tawny Owl = 0.678; Little Owl = 0.592
5b67f133669c229da41f_291_294,5b67f133669c229da41f,291,294,2023-03-25T14:05:07Z,2023-03,Spring,2,2,0.6774064,Eurasian Wryneck = 0.677; Rose-ringed Parakeet = 0.57
fcebda7ca8491660c138_39_42,fcebda7ca8491660c138,39,42,2023-06-12T04:16:23Z,2023-06,Summer,2,2,0.6772042,Common Firecrest = 0.677; Eurasian Wren = 0.555
35566c36f795956515ad_222_225,35566c36f795956515ad,222,225,2022-09-14T16:37:50Z,2022-09,Autumn,2,2,0.67689216,Eurasian Eagle-Owl = 0.677; Long-eared Owl = 0.501
434928bbc34cf7c51b2a_30_33,434928bbc34cf7c51b2a,30,33,2022-08-31T19:58:21Z,2022-08,Summer,2,2,0.67687863,Graylag Goose = 0.677; Egyptian Goose = 0.458
b88908f6ca34a44e6dd5_138_141,b88908f6ca34a44e6dd5,138,141,2022-02-11T15:57:37Z,2022-02,Winter,2,2,0.6768307,Rose-ringed Parakeet = 0.677; Eurasian Wryneck = 0.506
8ee3adbd93e2ca703a3d_15_18,8ee3adbd93e2ca703a3d,15,18,2022-09-02T16:47:38Z,2022-09,Autumn,2,2,0.67682016,Rose-ringed Parakeet = 0.677; Eurasian Wryneck = 0.548
6c4035564b997e6eb8b9_201_204,6c4035564b997e6eb8b9,201,204,2023-05-05T17:01:32Z,2023-05,Spring,2,2,0.6765827,Red Kite = 0.677; Common Buzzard = 0.474
21d4f7c61ac8bee56431_249_252,21d4f7c61ac8bee56431,249,252,2024-03-28T07:44:55Z,2024-03,Spring,2,2,0.67600256,Dunnock = 0.676; European Stonechat = 0.673
25b15662fdf472862664_69_72,25b15662fdf472862664,69,72,2023-01-26T16:10:02Z,2023-01,Winter,2,2,0.6758826,Rose-ringed Parakeet = 0.676; Eurasian Wryneck = 0.556
ce88567657b1bd35ce14_117_120,ce88567657b1bd35ce14,117,120,2023-01-11T07:30:51Z,2023-01,Winter,2,2,0.67568386,Hooded Crow = 0.676; Carrion Crow = 0.618
c5547ff3ce70dc5fee59_177_180,c5547ff3ce70dc5fee59,177,180,2023-06-10T16:08:13Z,2023-06,Summer,2,2,0.6756581,Eurasian Jackdaw = 0.676; Red-billed Chough = 0.51
e1144741ad7c4b8aacfc_288_291,e1144741ad7c4b8aacfc,288,291,2023-02-22T09:42:57Z,2023-02,Winter,2,2,0.6756418,Spotted Crake = 0.676; Eurasian Nuthatch = 0.583
c994895db12ef51796aa_24_27,c994895db12ef51796aa,24,27,2023-06-24T05:13:41Z,2023-06,Summer,2,2,0.6750594,Eurasian Jackdaw = 0.675; Red-billed Chough = 0.662
05cc0f96be2511aec663_42_45,05cc0f96be2511aec663,42,45,2022-09-08T16:11:21Z,2022-09,Autumn,2,2,0.6748621,Eurasian Jackdaw = 0.675; Red-billed Chough = 0.639
bb9f3265a352c374445c_216_219,bb9f3265a352c374445c,216,219,2023-05-07T07:43:40Z,2023-05,Spring,2,2,0.67461795,Hooded Crow = 0.675; Carrion Crow = 0.553
3b9342b12ae0dcb94421_273_276,3b9342b12ae0dcb94421,273,276,2024-04-11T10:56:42Z,2024-04,Spring,2,2,0.67443556,Eurasian Blue Tit = 0.674; Eurasian Wren = 0.55
373655e43704e1959ebd_120_123,373655e43704e1959ebd,120,123,2022-12-22T14:12:23Z,2022-12,Winter,2,2,0.6743784,Long-tailed Tit = 0.674; Common Firecrest = 0.471
89dd4375220df529de31_99_102,89dd4375220df529de31,99,102,2024-02-13T16:27:42Z,2024-02,Winter,2,2,0.6740545,Carrion Crow = 0.674; Hooded Crow = 0.493
6550d8e1b0a3e19ecb85_180_183,6550d8e1b0a3e19ecb85,180,183,2023-06-03T12:35:04Z,2023-06,Summer,2,2,0.6736496,Eurasian Jackdaw = 0.674; Red-billed Chough = 0.608
701005e10e97abe6b7eb_183_186,701005e10e97abe6b7eb,183,186,2023-03-30T15:44:37Z,2023-03,Spring,2,2,0.6735721,Red Kite = 0.674; Common Buzzard = 0.479
cf13919d4c866e801472_117_120,cf13919d4c866e801472,117,120,2023-04-01T16:35:04Z,2023-04,Spring,2,2,0.67230105,Eurasian Jackdaw = 0.672; Tawny Owl = 0.483
8d7d811bd06f6ee91dac_261_264,8d7d811bd06f6ee91dac,261,264,2024-02-13T12:03:16Z,2024-02,Winter,2,2,0.67222464,Eurasian Wren = 0.672; Mistle Thrush = 0.599
a51e3497379fa6fd31f5_18_21,a51e3497379fa6fd31f5,18,21,2022-11-04T12:49:54Z,2022-11,Autumn,2,2,0.6721116,Common Buzzard = 0.672; Red Kite = 0.458
8aa8140b7df3a157ed7d_252_255,8aa8140b7df3a157ed7d,252,255,2023-03-04T17:21:49Z,2023-03,Spring,2,2,0.6711775,Atlantic Puffin = 0.671; Razorbill = 0.58
cb605c7bc1ce89d8b76f_96_99,cb605c7bc1ce89d8b76f,96,99,2023-01-15T18:22:59Z,2023-01,Winter,2,2,0.67108774,Eurasian Eagle-Owl = 0.671; Long-eared Owl = 0.494
f84f7bbf6f950576623e_84_87,f84f7bbf6f950576623e,84,87,2022-12-22T13:11:18Z,2022-12,Winter,2,2,0.66978025,Carrion Crow = 0.67; Hooded Crow = 0.514
111e88c2740fdfc87e68_87_90,111e88c2740fdfc87e68,87,90,2022-09-20T07:34:41Z,2022-09,Autumn,2,2,0.6694092,Eurasian Jackdaw = 0.669; Red-billed Chough = 0.472
57307df56fe04f9dbfb0_36_39,57307df56fe04f9dbfb0,36,39,2023-07-26T07:50:08Z,2023-07,Summer,2,2,0.66894895,Common Buzzard = 0.669; Northern Goshawk = 0.506
347c302762a320de01ad_36_39,347c302762a320de01ad,36,39,2023-03-30T08:23:39Z,2023-03,Spring,2,2,0.6685002,Red-billed Chough = 0.669; Eurasian Jackdaw = 0.6
55d543b71e2319b5c804_222_225,55d543b71e2319b5c804,222,225,2023-04-08T17:28:51Z,2023-04,Spring,2,2,0.6684134,Eurasian Jackdaw = 0.668; Red-billed Chough = 0.601
b1457486facbefc27652_246_249,b1457486facbefc27652,246,249,2022-12-23T16:07:09Z,2022-12,Winter,2,2,0.66808695,Carrion Crow = 0.668; Hooded Crow = 0.622
526e752e9d95d25bb542_36_39,526e752e9d95d25bb542,36,39,2023-06-05T12:18:45Z,2023-06,Summer,2,2,0.66719043,Red-billed Chough = 0.667; Eurasian Jackdaw = 0.482
f26276a8212b2c150070_162_165,f26276a8212b2c150070,162,165,2022-10-14T12:06:28Z,2022-10,Autumn,2,2,0.6667698,Red-billed Chough = 0.667; Eurasian Jackdaw = 0.666
e9d343f9f6709b83406e_270_273,e9d343f9f6709b83406e,270,273,2022-09-13T11:08:00Z,2022-09,Autumn,2,2,0.66664857,Eurasian Wryneck = 0.667; Rose-ringed Parakeet = 0.589
591a3a34302ad09e80d0_99_102,591a3a34302ad09e80d0,99,102,2024-01-03T11:43:55Z,2024-01,Winter,2,2,0.6665992,Common Grasshopper-Warbler = 0.667; Eurasian Wren = 0.62
f6adc8e779199c5d540d_258_261,f6adc8e779199c5d540d,258,261,2023-05-28T18:14:09Z,2023-05,Spring,2,2,0.6662937,Eurasian Jackdaw = 0.666; Eurasian Magpie = 0.55
d1b6650208cbe1b1e32a_297_300,d1b6650208cbe1b1e32a,297,300,2023-04-30T09:29:13Z,2023-04,Spring,2,2,0.6659445,Red-billed Chough = 0.666; Eurasian Jackdaw = 0.505
7da6cd322b299da807e5_204_207,7da6cd322b299da807e5,204,207,2022-09-21T17:14:18Z,2022-09,Autumn,2,2,0.66538966,Carrion Crow = 0.665; Hooded Crow = 0.475
9af217d223e542093aee_153_156,9af217d223e542093aee,153,156,2024-02-19T08:58:32Z,2024-02,Winter,2,2,0.66525114,Great Spotted Woodpecker = 0.665; Lesser Spotted Woodpecker = 0.498
324264cf547b3ad52a6c_18_21,324264cf547b3ad52a6c,18,21,2022-01-13T14:15:04Z,2022-01,Winter,2,2,0.66521645,Rose-ringed Parakeet = 0.665; Eurasian Wryneck = 0.604
301d404c0f2eb283ab93_240_243,301d404c0f2eb283ab93,240,243,2023-05-20T05:12:50Z,2023-05,Spring,2,2,0.6642919,Hooded Crow = 0.664; Carrion Crow = 0.601
1da5e8dda4b095ad0c5b_252_255,1da5e8dda4b095ad0c5b,252,255,2022-01-02T12:44:08Z,2022-01,Winter,2,2,0.66421336,Carrion Crow = 0.664; Hooded Crow = 0.605
221bf7d76d5a6b80dd95_231_234,221bf7d76d5a6b80dd95,231,234,2022-02-09T09:18:27Z,2022-02,Winter,2,2,0.6638086,Great Tit = 0.664; Wood Lark = 0.571
f946ac014ef3537346d1_132_135,f946ac014ef3537346d1,132,135,2022-02-03T20:18:44Z,2022-02,Winter,2,2,0.66341496,Eurasian Eagle-Owl = 0.663; Long-eared Owl = 0.452
40871f07b540f47f8fef_294_297,40871f07b540f47f8fef,294,297,2023-06-29T15:53:33Z,2023-06,Summer,2,2,0.6627621,Long-tailed Tit = 0.663; Crested Tit = 0.481
72a3a86bc7ba32fb049e_87_90,72a3a86bc7ba32fb049e,87,90,2023-05-27T16:32:20Z,2023-05,Spring,2,2,0.6618049,Ural Owl = 0.662; Eurasian Eagle-Owl = 0.474
af3adfe31c11af1bf2a2_141_144,af3adfe31c11af1bf2a2,141,144,2023-05-23T13:29:27Z,2023-05,Spring,2,2,0.66149443,Little Owl = 0.661; Ring-necked Pheasant = 0.488
9c9b40b5af832f289766_171_174,9c9b40b5af832f289766,171,174,2022-10-07T19:49:01Z,2022-10,Autumn,2,2,0.6608573,Little Owl = 0.661; Tawny Owl = 0.478
76437517ab617d1bc035_249_252,76437517ab617d1bc035,249,252,2022-09-14T08:59:38Z,2022-09,Autumn,2,2,0.66045135,European Robin = 0.66; Marmora's Warbler = 0.48
c510bab5f2cc8d184736_72_75,c510bab5f2cc8d184736,72,75,2023-04-09T06:44:18Z,2023-04,Spring,2,2,0.66037065,Red-billed Chough = 0.66; Eurasian Jackdaw = 0.497
47868da0373c3a31be5a_156_159,47868da0373c3a31be5a,156,159,2023-02-15T18:08:20Z,2023-02,Winter,2,2,0.6588545,Eurasian Eagle-Owl = 0.659; Long-eared Owl = 0.526
1de097e41688006dda13_204_207,1de097e41688006dda13,204,207,2023-03-31T10:50:43Z,2023-03,Spring,2,2,0.65874213,Common Buzzard = 0.659; Red Kite = 0.515
61202220aef1c4a8fb79_81_84,61202220aef1c4a8fb79,81,84,2023-04-17T04:22:53Z,2023-04,Spring,2,2,0.658561,Dunnock = 0.659; Eurasian Wren = 0.542
d68725726a102ba9e301_78_81,d68725726a102ba9e301,78,81,2023-06-25T06:38:24Z,2023-06,Summer,2,2,0.658481,Common Crane = 0.658; Little Owl = 0.651
6d05a7d84933e6d90751_180_183,6d05a7d84933e6d90751,180,183,2023-11-15T15:20:18Z,2023-11,Autumn,2,2,0.65744144,Carrion Crow = 0.657; Hooded Crow = 0.52
e317f57dd361c7040528_276_279,e317f57dd361c7040528,276,279,2023-04-15T05:55:36Z,2023-04,Spring,2,2,0.65710264,Eurasian Jackdaw = 0.657; Red-billed Chough = 0.571
730fecdff5cb6749ed9d_243_246,730fecdff5cb6749ed9d,243,246,2023-05-17T11:31:47Z,2023-05,Spring,2,2,0.65683097,Carrion Crow = 0.657; Hooded Crow = 0.492
e83ae7becef9ca04d322_153_156,e83ae7becef9ca04d322,153,156,2023-05-21T17:50:28Z,2023-05,Spring,2,2,0.656747,Ring-necked Pheasant = 0.657; Little Owl = 0.602
224474baff49383e7780_150_153,224474baff49383e7780,150,153,2024-03-12T16:31:30Z,2024-03,Spring,2,2,0.65597445,Eurasian Treecreeper = 0.656; Eurasian Blue Tit = 0.464
1699f44052c5762d2a25_147_150,1699f44052c5762d2a25,147,150,2023-05-16T21:21:46Z,2023-05,Spring,2,2,0.65570873,Tawny Owl = 0.656; Little Owl = 0.522
62688ccaf19dab507db5_276_279,62688ccaf19dab507db5,276,279,2023-02-23T03:58:09Z,2023-02,Winter,2,2,0.65528333,Boreal Owl = 0.655; Tawny Owl = 0.587
d12b64aaaf06ed8ae6a0_177_180,d12b64aaaf06ed8ae6a0,177,180,2023-02-14T13:28:24Z,2023-02,Winter,2,2,0.65514565,Red-billed Chough = 0.655; Eurasian Jackdaw = 0.51
640dd83d41a2759b6742_279_282,640dd83d41a2759b6742,279,282,2023-03-02T08:21:47Z,2023-03,Spring,2,2,0.6537321,Eurasian Wryneck = 0.654; Rose-ringed Parakeet = 0.509
0303ae0bc9c139dbd3c3_0_3,0303ae0bc9c139dbd3c3,0,3,2022-09-21T06:30:47Z,2022-09,Autumn,2,2,0.6530693,Eurasian Jackdaw = 0.653; Red-billed Chough = 0.64
79a3a6ac89da7fa73f34_60_63,79a3a6ac89da7fa73f34,60,63,2023-02-22T11:19:57Z,2023-02,Winter,2,2,0.65247816,Eurasian Magpie = 0.652; Eurasian Jackdaw = 0.627
ccedd8c3858da960dcf3_117_120,ccedd8c3858da960dcf3,117,120,2023-04-19T18:21:20Z,2023-04,Spring,2,2,0.6522192,Eurasian Blue Tit = 0.652; European Serin = 0.524
a081e2fee85455e6ce7c_72_75,a081e2fee85455e6ce7c,72,75,2023-03-28T05:06:30Z,2023-03,Spring,2,2,0.65183234,Mandarin Duck = 0.652; Green-winged Teal = 0.64
1557a30a2f08ef520b2a_117_120,1557a30a2f08ef520b2a,117,120,2024-04-04T16:04:53Z,2024-04,Spring,2,2,0.6506965,Eurasian Eagle-Owl = 0.651; Long-eared Owl = 0.572
4681fa4abc3114ad0d48_252_255,4681fa4abc3114ad0d48,252,255,2023-03-25T08:46:56Z,2023-03,Spring,2,2,0.65038747,Rose-ringed Parakeet = 0.65; Yellow-billed Chough = 0.594
6358c8200c14ccd0ff7d_45_48,6358c8200c14ccd0ff7d,45,48,2022-11-26T10:36:17Z,2022-11,Autumn,2,2,0.65001017,Rose-ringed Parakeet = 0.65; Eurasian Wryneck = 0.517
3c0bf1a46e1ca90e4447_219_222,3c0bf1a46e1ca90e4447,219,222,2023-05-01T09:46:07Z,2023-05,Spring,2,2,0.6498497,Red Kite = 0.65; Common Buzzard = 0.499
560f37292d708bf41b14_108_111,560f37292d708bf41b14,108,111,2023-03-24T14:59:29Z,2023-03,Spring,2,2,0.6487636,Rose-ringed Parakeet = 0.649; Eurasian Wryneck = 0.539
496c20de0a756630c535_39_42,496c20de0a756630c535,39,42,2022-02-08T10:12:41Z,2022-02,Winter,2,2,0.64862543,Goldcrest = 0.649; Common Firecrest = 0.628
706646610d7e5b97fd87_234_237,706646610d7e5b97fd87,234,237,2023-07-03T06:27:01Z,2023-07,Summer,2,2,0.64818543,Red-billed Chough = 0.648; Eurasian Jackdaw = 0.648
bff41e55248cfb63e768_18_21,bff41e55248cfb63e768,18,21,2021-12-23T01:01:30Z,2021-12,Winter,2,2,0.6475146,Tawny Owl = 0.648; Little Owl = 0.494
957c49b5681b976532f1_195_198,957c49b5681b976532f1,195,198,2023-03-20T13:12:49Z,2023-03,Spring,2,2,0.6469354,Hooded Crow = 0.647; Carrion Crow = 0.49
eafa07c51089a75895f1_78_81,eafa07c51089a75895f1,78,81,2023-06-13T12:08:51Z,2023-06,Summer,2,2,0.6459894,Eurasian Jackdaw = 0.646; Black Woodpecker = 0.461
0c6bbc3eb7310850aa69_6_9,0c6bbc3eb7310850aa69,6,9,2024-02-03T10:23:51Z,2024-02,Winter,2,2,0.64497685,Eurasian Wren = 0.645; Mistle Thrush = 0.51
401922d701819ae768bb_126_129,401922d701819ae768bb,126,129,2023-10-19T15:43:24Z,2023-10,Autumn,2,2,0.64478964,Hooded Crow = 0.645; Carrion Crow = 0.48
44c6d71eb891265a863e_24_27,44c6d71eb891265a863e,24,27,2022-01-18T12:14:09Z,2022-01,Winter,2,2,0.6441441,Carrion Crow = 0.644; Hooded Crow = 0.619
b802ab4e4426f725cadd_180_183,b802ab4e4426f725cadd,180,183,2022-11-11T15:58:35Z,2022-11,Autumn,2,2,0.6426137,Red-billed Chough = 0.643; Eurasian Jackdaw = 0.488
cd406318eee8d0156bac_102_105,cd406318eee8d0156bac,102,105,2023-06-26T10:08:32Z,2023-06,Summer,2,2,0.6424566,Northern Goshawk = 0.642; Eurasian Green Woodpecker = 0.544
6b25117eebcd0fe8fe95_54_57,6b25117eebcd0fe8fe95,54,57,2023-10-30T06:21:55Z,2023-10,Autumn,2,2,0.6424241,Long-eared Owl = 0.642; Eurasian Eagle-Owl = 0.619
b15957f062ff6d948e9b_291_294,b15957f062ff6d948e9b,291,294,2023-05-06T07:16:32Z,2023-05,Spring,2,2,0.64214635,Carrion Crow = 0.642; Hooded Crow = 0.475
f337e1e28352ebfa0f64_33_36,f337e1e28352ebfa0f64,33,36,2023-05-11T05:52:04Z,2023-05,Spring,2,2,0.6420139,Eurasian Blue Tit = 0.642; Gray Wagtail = 0.594
3f0fc851a6073f21b25e_45_48,3f0fc851a6073f21b25e,45,48,2023-03-04T11:20:31Z,2023-03,Spring,2,2,0.6416805,Eurasian Jackdaw = 0.642; Eurasian Magpie = 0.541
37eb001e0d2ec3855370_198_201,37eb001e0d2ec3855370,198,201,2023-03-31T06:28:32Z,2023-03,Spring,2,2,0.6413744,Tawny Owl = 0.641; Boreal Owl = 0.521
bc12b1352997c262e9b7_276_279,bc12b1352997c262e9b7,276,279,2024-03-26T15:11:19Z,2024-03,Spring,2,2,0.64125323,Ring-necked Pheasant = 0.641; Little Owl = 0.45
c6d97910be21a5b1cc85_57_60,c6d97910be21a5b1cc85,57,60,2022-11-13T07:13:27Z,2022-11,Autumn,2,2,0.64071023,Red-billed Chough = 0.641; Eurasian Jackdaw = 0.568
150985e9fe69d5f9d78b_84_87,150985e9fe69d5f9d78b,84,87,2023-01-31T10:04:29Z,2023-01,Winter,2,2,0.6405134,Black Woodpecker = 0.641; Eurasian Jackdaw = 0.597
4dfec1bd8ff729cacf44_279_282,4dfec1bd8ff729cacf44,279,282,2022-12-05T07:11:17Z,2022-12,Winter,2,2,0.6403377,Tawny Owl = 0.64; Boreal Owl = 0.471
cb246dd30226ec476ae2_294_297,cb246dd30226ec476ae2,294,297,2023-10-27T11:13:58Z,2023-10,Autumn,2,2,0.64011186,Carrion Crow = 0.64; Hooded Crow = 0.474
acf1b83852d42627a409_108_111,acf1b83852d42627a409,108,111,2023-05-07T19:07:21Z,2023-05,Spring,2,2,0.63991594,Eurasian Magpie = 0.64; Eurasian Jackdaw = 0.582
bd4de6ad154589b4387c_36_39,bd4de6ad154589b4387c,36,39,2022-11-02T09:37:34Z,2022-11,Autumn,2,2,0.63937736,Rose-ringed Parakeet = 0.639; Eurasian Wryneck = 0.54
c10ae2fd2ca0c2a19d6d_234_237,c10ae2fd2ca0c2a19d6d,234,237,2024-03-23T15:36:25Z,2024-03,Spring,2,2,0.638946,Eurasian Eagle-Owl = 0.639; Long-eared Owl = 0.457
68ced87d14f741a97716_75_78,68ced87d14f741a97716,75,78,2023-04-17T14:47:45Z,2023-04,Spring,2,2,0.6388461,Eurasian Wren = 0.639; Dunnock = 0.572
e8e749b355fdbc4aa5e0_51_54,e8e749b355fdbc4aa5e0,51,54,2022-12-09T08:20:21Z,2022-12,Winter,2,2,0.6383543,Carrion Crow = 0.638; Hooded Crow = 0.561
71c4dadff9b79be7f35d_204_207,71c4dadff9b79be7f35d,204,207,2024-02-22T18:38:12Z,2024-02,Winter,2,2,0.63834900000000006,Long-eared Owl = 0.638; Eurasian Eagle-Owl = 0.513
2b0a51f2beda2f29673e_288_291,2b0a51f2beda2f29673e,288,291,2023-05-04T03:53:34Z,2023-05,Spring,2,2,0.63812095,Eurasian Blackbird = 0.638; Mistle Thrush = 0.587
c319cc869ee522c7a13b_171_174,c319cc869ee522c7a13b,171,174,2022-11-16T03:34:11Z,2022-11,Autumn,2,2,0.63804185,Tawny Owl = 0.638; Boreal Owl = 0.489
0bb027916cf4c97bc604_63_66,0bb027916cf4c97bc604,63,66,2023-04-05T04:55:55Z,2023-04,Spring,2,2,0.63780046,Eurasian Blackbird = 0.638; Mistle Thrush = 0.502
1b8c4c778dbb7a71468a_162_165,1b8c4c778dbb7a71468a,162,165,2023-03-03T13:15:18Z,2023-03,Spring,2,2,0.6375999,Rose-ringed Parakeet = 0.638; Eurasian Wryneck = 0.633
f15081023f7ff9ffdd88_60_63,f15081023f7ff9ffdd88,60,63,2023-06-12T12:00:25Z,2023-06,Summer,2,2,0.63737994,Eurasian Jackdaw = 0.637; Red-billed Chough = 0.505
88463ceb6089e5bbdd6c_267_270,88463ceb6089e5bbdd6c,267,270,2023-10-19T15:50:47Z,2023-10,Autumn,2,2,0.6370194,Carrion Crow = 0.637; Hooded Crow = 0.561
bad111fb79c41d088b9f_45_48,bad111fb79c41d088b9f,45,48,2023-02-21T07:19:45Z,2023-02,Winter,2,2,0.63671386,Gray-headed Woodpecker = 0.637; Eurasian Green Woodpecker = 0.452
e304eb4d6509309a7e6d_3_6,e304eb4d6509309a7e6d,3,6,2024-04-10T18:12:40Z,2024-04,Spring,2,2,0.6362058,Carrion Crow = 0.636; Hooded Crow = 0.474
3e487c801ddb135a2c49_165_168,3e487c801ddb135a2c49,165,168,2023-02-19T13:08:26Z,2023-02,Winter,2,2,0.63487357,Rose-ringed Parakeet = 0.635; Eurasian Wryneck = 0.63
d09b254e99b826afaf53_297_300,d09b254e99b826afaf53,297,300,2023-02-11T07:21:44Z,2023-02,Winter,2,2,0.6346124,Eurasian Green Woodpecker = 0.635; Gray-headed Woodpecker = 0.506
ec5fa4b3bc07bae4cabc_21_24,ec5fa4b3bc07bae4cabc,21,24,2022-12-02T13:00:37Z,2022-12,Winter,2,2,0.6345736,Rose-ringed Parakeet = 0.635; Eurasian Wryneck = 0.479
a29dfbdb2fb3e196f3ff_120_123,a29dfbdb2fb3e196f3ff,120,123,2023-05-20T11:23:48Z,2023-05,Spring,2,2,0.6344176,Little Owl = 0.634; Ring-necked Pheasant = 0.45
ad597a788fb51b4ef1a7_81_84,ad597a788fb51b4ef1a7,81,84,2022-10-27T07:49:12Z,2022-10,Autumn,2,2,0.6339718,Eurasian Eagle-Owl = 0.634; Long-eared Owl = 0.567
6e45662490fadbff5e34_276_279,6e45662490fadbff5e34,276,279,2023-06-24T09:34:56Z,2023-06,Summer,2,2,0.63355374,Red Kite = 0.634; Common Buzzard = 0.53
160e60d4ee6385998ac7_6_9,160e60d4ee6385998ac7,6,9,2023-05-11T15:31:15Z,2023-05,Spring,2,2,0.6333527,Ring-necked Pheasant = 0.633; Little Owl = 0.623
42eb5d1356362d893bab_219_222,42eb5d1356362d893bab,219,222,2023-02-21T16:37:05Z,2023-02,Winter,2,2,0.633124,Rose-ringed Parakeet = 0.633; Eurasian Wryneck = 0.466
a396b4dd03541688012c_279_282,a396b4dd03541688012c,279,282,2023-05-25T08:55:42Z,2023-05,Spring,2,2,0.6329583,Red-billed Chough = 0.633; Eurasian Jackdaw = 0.47
5b2a70b860695ac305fd_162_165,5b2a70b860695ac305fd,162,165,2024-04-14T11:45:57Z,2024-04,Spring,2,2,0.63288885,Eurasian Blue Tit = 0.633; Siberian Accentor = 0.497
e6c2bc07b61d242c305f_195_198,e6c2bc07b61d242c305f,195,198,2022-10-15T09:03:36Z,2022-10,Autumn,2,2,0.6319137,Eurasian Jackdaw = 0.632; Red-billed Chough = 0.597
3e73b2bdf260bf1576c3_135_138,3e73b2bdf260bf1576c3,135,138,2024-03-14T12:35:33Z,2024-03,Spring,2,2,0.63164335,Red Kite = 0.632; Common Buzzard = 0.481
57ec6b6668b116756c1f_156_159,57ec6b6668b116756c1f,156,159,2023-06-12T10:31:18Z,2023-06,Summer,2,2,0.63117296,Eurasian Jackdaw = 0.631; Red-billed Chough = 0.5
cab4aaf70ed4c107f737_99_102,cab4aaf70ed4c107f737,99,102,2023-06-15T17:02:50Z,2023-06,Summer,2,2,0.6307043,Eurasian Wren = 0.631; Common Grasshopper-Warbler = 0.486
ddd7d51ecce9036f43ce_246_249,ddd7d51ecce9036f43ce,246,249,2023-06-28T06:05:02Z,2023-06,Summer,2,2,0.63063145,Red-billed Chough = 0.631; Eurasian Jackdaw = 0.474
14291c4090b080f30ade_243_246,14291c4090b080f30ade,243,246,2023-05-22T03:38:18Z,2023-05,Spring,2,2,0.6305211,Hooded Crow = 0.631; Carrion Crow = 0.602
5c2c4ef20b01e46c7029_108_111,5c2c4ef20b01e46c7029,108,111,2022-11-17T10:34:34Z,2022-11,Autumn,2,2,0.6299583,Eurasian Eagle-Owl = 0.63; Long-eared Owl = 0.584
7335f52b53ffd88b5d5f_9_12,7335f52b53ffd88b5d5f,9,12,2023-05-07T11:27:01Z,2023-05,Spring,2,2,0.62960774,Carrion Crow = 0.63; Hooded Crow = 0.452
7eb2a1553ad49492a89a_198_201,7eb2a1553ad49492a89a,198,201,2023-06-10T17:29:13Z,2023-06,Summer,2,2,0.62960154,Eurasian Jackdaw = 0.63; Red-billed Chough = 0.452
2e65b0212089b727d097_279_282,2e65b0212089b727d097,279,282,2023-04-13T05:39:28Z,2023-04,Spring,2,2,0.62818724,Long-eared Owl = 0.628; Eurasian Eagle-Owl = 0.528
88a516196ca734a1ab04_96_99,88a516196ca734a1ab04,96,99,2024-02-13T12:35:48Z,2024-02,Winter,2,2,0.6281249,Rook = 0.628; Carrion Crow = 0.477
1219157222a5f1686072_135_138,1219157222a5f1686072,135,138,2022-09-08T11:20:34Z,2022-09,Autumn,2,2,0.6263928,Rose-ringed Parakeet = 0.626; Eurasian Wryneck = 0.583
eae4c62caa6052bc5060_15_18,eae4c62caa6052bc5060,15,18,2022-02-07T09:23:46Z,2022-02,Winter,2,2,0.6262023,Wood Lark = 0.626; Great Tit = 0.561
8284a5fb84c98f94711e_63_66,8284a5fb84c98f94711e,63,66,2023-12-06T14:52:35Z,2023-12,Winter,2,2,0.62569493,Hooded Crow = 0.626; Carrion Crow = 0.541
ce9811b232c235cdc9a6_219_222,ce9811b232c235cdc9a6,219,222,2023-02-02T13:29:26Z,2023-02,Winter,2,2,0.62514675,Red-billed Chough = 0.625; Eurasian Jackdaw = 0.477
b3648d714c353823129f_249_252,b3648d714c353823129f,249,252,2023-03-26T11:26:11Z,2023-03,Spring,2,2,0.62460333,Eurasian Wryneck = 0.625; Rose-ringed Parakeet = 0.576
7d72444e0673c2f1f4be_12_15,7d72444e0673c2f1f4be,12,15,2023-04-11T07:44:59Z,2023-04,Spring,2,2,0.62429935,Eurasian Jackdaw = 0.624; Red-billed Chough = 0.472
288e03ae24b7f0b4b585_231_234,288e03ae24b7f0b4b585,231,234,2021-12-29T13:19:42Z,2021-12,Winter,2,2,0.6239509,Eurasian Jackdaw = 0.624; Eurasian Green Woodpecker = 0.49
c0c0f0cd7f69325eaecd_48_51,c0c0f0cd7f69325eaecd,48,51,2022-10-04T15:55:56Z,2022-10,Autumn,2,2,0.623883,Eurasian Jackdaw = 0.624; Red-billed Chough = 0.458
e1f5a078dc75b2316690_177_180,e1f5a078dc75b2316690,177,180,2022-10-14T11:41:31Z,2022-10,Autumn,2,2,0.6230067,Eurasian Jackdaw = 0.623; Eurasian Magpie = 0.604
5e75da71c4be555a2008_168_171,5e75da71c4be555a2008,168,171,2023-02-11T09:30:37Z,2023-02,Winter,2,2,0.6229174,Carrion Crow = 0.623; Hooded Crow = 0.526
7d745379dcccf2af6416_264_267,7d745379dcccf2af6416,264,267,2023-10-30T12:08:08Z,2023-10,Autumn,2,2,0.62289387,Hooded Crow = 0.623; Carrion Crow = 0.471
768e8c33ff0a0a387c8e_285_288,768e8c33ff0a0a387c8e,285,288,2023-03-03T07:14:27Z,2023-03,Spring,2,2,0.6226949,Red-billed Chough = 0.623; Eurasian Jackdaw = 0.458
1da5e8dda4b095ad0c5b_249_252,1da5e8dda4b095ad0c5b,249,252,2022-01-02T12:44:05Z,2022-01,Winter,2,2,0.62193584,Carrion Crow = 0.622; Hooded Crow = 0.477
c2a404e1ec7747ec67f1_72_75,c2a404e1ec7747ec67f1,72,75,2023-02-04T13:53:16Z,2023-02,Winter,2,2,0.62126464,Rose-ringed Parakeet = 0.621; Eurasian Wryneck = 0.491
61fa16e4c367a35b5a6a_198_201,61fa16e4c367a35b5a6a,198,201,2023-03-25T21:47:16Z,2023-03,Spring,2,2,0.6207249,Eurasian Eagle-Owl = 0.621; Long-eared Owl = 0.613
3ce9b8afce7495758945_219_222,3ce9b8afce7495758945,219,222,2022-01-17T11:49:11Z,2022-01,Winter,2,2,0.6203152,Carrion Crow = 0.62; Hooded Crow = 0.467
7308578d8cf559761df5_105_108,7308578d8cf559761df5,105,108,2023-05-17T03:45:46Z,2023-05,Spring,2,2,0.620039,Carrion Crow = 0.62; Hooded Crow = 0.54
723d9fd4570f73394680_60_63,723d9fd4570f73394680,60,63,2023-06-17T16:53:15Z,2023-06,Summer,2,2,0.61976904,Spotted Flycatcher = 0.62; Collared Flycatcher = 0.454
1357ff246264159c9be2_291_294,1357ff246264159c9be2,291,294,2022-02-04T19:13:54Z,2022-02,Winter,2,2,0.61951834,Boreal Owl = 0.62; Tawny Owl = 0.456
a4cb919a983ce8d2067e_180_183,a4cb919a983ce8d2067e,180,183,2024-03-19T07:49:34Z,2024-03,Spring,2,2,0.61923856,Eurasian Jackdaw = 0.619; Red-billed Chough = 0.53
99b9f09b7f5bd516dfb6_180_183,99b9f09b7f5bd516dfb6,180,183,2024-03-26T12:53:38Z,2024-03,Spring,2,2,0.618655,Wood Lark = 0.619; Great Tit = 0.514
e20baaa2ff82fec1a667_252_255,e20baaa2ff82fec1a667,252,255,2023-03-26T09:20:14Z,2023-03,Spring,2,2,0.61788946,Eurasian Wryneck = 0.618; Eurasian Hobby = 0.577
39bd0bb8ec0d8c07f056_279_282,39bd0bb8ec0d8c07f056,279,282,2022-10-12T08:10:28Z,2022-10,Autumn,2,2,0.61766845,Eurasian Wryneck = 0.618; Rose-ringed Parakeet = 0.485
8284a5fb84c98f94711e_60_63,8284a5fb84c98f94711e,60,63,2023-12-06T14:52:32Z,2023-12,Winter,2,2,0.61684763,Hooded Crow = 0.617; Carrion Crow = 0.491
527416a1135686331fef_249_252,527416a1135686331fef,249,252,2023-07-26T01:29:03Z,2023-07,Summer,2,2,0.61628944,Little Owl = 0.616; Tawny Owl = 0.56
3b3588db67cd989f2543_102_105,3b3588db67cd989f2543,102,105,2022-10-17T09:23:17Z,2022-10,Autumn,2,2,0.6162348,Red-billed Chough = 0.616; Eurasian Jackdaw = 0.493
1b91e38945a002a4f0ef_222_225,1b91e38945a002a4f0ef,222,225,2023-04-12T16:30:40Z,2023-04,Spring,2,2,0.61605793,Mistle Thrush = 0.616; Eurasian Wren = 0.551
d758bf831466be1b3aad_33_36,d758bf831466be1b3aad,33,36,2023-02-25T08:42:30Z,2023-02,Winter,2,2,0.6158723,Ring-necked Pheasant = 0.616; Egyptian Goose = 0.459
fc6ed1d2cd5558942b2b_240_243,fc6ed1d2cd5558942b2b,240,243,2023-04-18T04:48:46Z,2023-04,Spring,2,2,0.61535555,Eurasian Blue Tit = 0.615; Eurasian Treecreeper = 0.516
52438a7ba91a10bc50d7_93_96,52438a7ba91a10bc50d7,93,96,2023-05-02T18:31:16Z,2023-05,Spring,2,2,0.61509657,Wood Lark = 0.615; Eurasian Blackcap = 0.596
ea6fb4ad52e3d328d1c8_81_84,ea6fb4ad52e3d328d1c8,81,84,2024-02-12T13:53:09Z,2024-02,Winter,2,2,0.61449885,Eurasian Wren = 0.614; Mistle Thrush = 0.613
bc31f2508024d408e4ee_129_132,bc31f2508024d408e4ee,129,132,2023-11-07T19:19:03Z,2023-11,Autumn,2,2,0.6143271,Eurasian Eagle-Owl = 0.614; Ural Owl = 0.498
c6ca65513ad0a6a49029_129_132,c6ca65513ad0a6a49029,129,132,2024-02-14T12:19:16Z,2024-02,Winter,2,2,0.61425805,Carrion Crow = 0.614; Hooded Crow = 0.457
ff8f5d159255e8ea6562_105_108,ff8f5d159255e8ea6562,105,108,2023-02-21T06:30:21Z,2023-02,Winter,2,2,0.6142076,Dunnock = 0.614; Eurasian Wren = 0.54
993b414ebe1f8dccf06e_255_258,993b414ebe1f8dccf06e,255,258,2023-02-22T06:05:40Z,2023-02,Winter,2,2,0.6140395,Long-eared Owl = 0.614; Eurasian Eagle-Owl = 0.507
4907f4872731289db2b1_66_69,4907f4872731289db2b1,66,69,2023-05-18T05:08:50Z,2023-05,Spring,2,2,0.6138717,Rook = 0.614; Eurasian Jackdaw = 0.567
38b14747e09434aced98_297_300,38b14747e09434aced98,297,300,2021-12-26T13:46:37Z,2021-12,Winter,2,2,0.6137978,Carrion Crow = 0.614; Hooded Crow = 0.536
f2c9c2b7f87f185cb979_66_69,f2c9c2b7f87f185cb979,66,69,2022-10-22T06:06:27Z,2022-10,Autumn,2,2,0.61364454,Carrion Crow = 0.614; Hooded Crow = 0.549
1c67a274dd577236def8_156_159,1c67a274dd577236def8,156,159,2023-06-10T16:38:07Z,2023-06,Summer,2,2,0.61348754,Red-billed Chough = 0.613; Eurasian Jackdaw = 0.493
8bce3453603a312aba56_234_237,8bce3453603a312aba56,234,237,2022-09-17T09:03:40Z,2022-09,Autumn,2,2,0.6131226,Eurasian Wryneck = 0.613; Rose-ringed Parakeet = 0.581
c11540a14ed42120c0d4_255_258,c11540a14ed42120c0d4,255,258,2024-02-28T10:54:06Z,2024-02,Winter,2,2,0.61311746,Eurasian Wren = 0.613; Mistle Thrush = 0.519
bf3813ef2a2f6a8c5391_297_300,bf3813ef2a2f6a8c5391,297,300,2023-07-15T00:10:14Z,2023-07,Summer,2,2,0.61162955,Little Owl = 0.612; Tawny Owl = 0.552
6cc370baad0a6ee808e4_240_243,6cc370baad0a6ee808e4,240,243,2023-04-19T05:47:21Z,2023-04,Spring,2,2,0.6114687,Carrion Crow = 0.611; Hooded Crow = 0.556
40768bbdba87cfdf0108_237_240,40768bbdba87cfdf0108,237,240,2023-05-26T17:37:14Z,2023-05,Spring,2,2,0.6111139,Red-billed Chough = 0.611; Eurasian Jackdaw = 0.522
ec7b124c63850a7132dd_96_99,ec7b124c63850a7132dd,96,99,2023-06-26T10:58:50Z,2023-06,Summer,2,2,0.6110783,Eurasian Blue Tit = 0.611; Eurasian Treecreeper = 0.476
10c26fe37f48e7d18674_12_15,10c26fe37f48e7d18674,12,15,2023-05-20T03:43:21Z,2023-05,Spring,2,2,0.61087584,Carrion Crow = 0.611; Hooded Crow = 0.575
36e75b1358b3becc308f_111_114,36e75b1358b3becc308f,111,114,2022-01-28T19:14:34Z,2022-01,Winter,2,2,0.60995764,Eurasian Eagle-Owl = 0.61; Long-eared Owl = 0.473
339738e9becc984c7552_78_81,339738e9becc984c7552,78,81,2023-04-12T09:45:03Z,2023-04,Spring,2,2,0.6095257,Eurasian Jackdaw = 0.61; Red-billed Chough = 0.46
6c3e4f1f5d61bc681cc2_48_51,6c3e4f1f5d61bc681cc2,48,51,2022-11-10T12:21:39Z,2022-11,Autumn,2,2,0.6093995,Eurasian Jackdaw = 0.609; Black Woodpecker = 0.59
010d5412c920b73801bc_285_288,010d5412c920b73801bc,285,288,2023-06-07T07:51:49Z,2023-06,Summer,2,2,0.60937214,Eurasian Jackdaw = 0.609; Eurasian Magpie = 0.454
02283b2ae09e11c590a0_252_255,02283b2ae09e11c590a0,252,255,2024-02-09T14:39:46Z,2024-02,Winter,2,2,0.60926056,Mistle Thrush = 0.609; Eurasian Wren = 0.475
38bb64d540b3674555bd_219_222,38bb64d540b3674555bd,219,222,2022-10-14T08:05:29Z,2022-10,Autumn,2,2,0.60883504,Eurasian Jackdaw = 0.609; Eurasian Green Woodpecker = 0.533
08655542107ce9e62030_0_3,08655542107ce9e62030,0,3,2023-04-26T11:17:46Z,2023-04,Spring,2,2,0.60868275,Eurasian Wryneck = 0.609; Rose-ringed Parakeet = 0.511
3f0fc851a6073f21b25e_39_42,3f0fc851a6073f21b25e,39,42,2023-03-04T11:20:25Z,2023-03,Spring,2,2,0.60821,Eurasian Jackdaw = 0.608; Red-billed Chough = 0.581
df33ae8500f0f61eb14b_216_219,df33ae8500f0f61eb14b,216,219,2022-10-19T14:13:39Z,2022-10,Autumn,2,2,0.6080363,Eurasian Wryneck = 0.608; Rose-ringed Parakeet = 0.568
cf246c600cee73903f23_219_222,cf246c600cee73903f23,219,222,2023-06-18T11:16:16Z,2023-06,Summer,2,2,0.6076001,Dartford Warbler = 0.608; Gray Partridge = 0.508
a24bc7b9d0e51264a3b7_294_297,a24bc7b9d0e51264a3b7,294,297,2024-04-13T19:23:43Z,2024-04,Spring,2,2,0.6074318,Tawny Owl = 0.607; Northern Lapwing = 0.545
0ea3c8ec3a174a18bdbd_294_297,0ea3c8ec3a174a18bdbd,294,297,2024-04-06T05:18:49Z,2024-04,Spring,2,2,0.6070883,Common Sandpiper = 0.607; Eurasian Blue Tit = 0.47
0520cb6edc954ad9bf20_174_177,0520cb6edc954ad9bf20,174,177,2023-11-20T05:21:44Z,2023-11,Autumn,2,2,0.60617435,Tawny Owl = 0.606; Little Owl = 0.529
b8a77b7534e690d10748_54_57,b8a77b7534e690d10748,54,57,2023-02-14T14:52:02Z,2023-02,Winter,2,2,0.6061671,Rose-ringed Parakeet = 0.606; Eurasian Jackdaw = 0.487
b57497b3e9b5f7412b5d_30_33,b57497b3e9b5f7412b5d,30,33,2023-06-12T07:32:48Z,2023-06,Summer,2,2,0.6058343,Eurasian Wren = 0.606; Common Firecrest = 0.594
d252ab9db2de2e769a03_75_78,d252ab9db2de2e769a03,75,78,2023-06-23T14:30:54Z,2023-06,Summer,2,2,0.6057438,Common Buzzard = 0.606; Red Kite = 0.597
2fa4f892d1882271ca84_216_219,2fa4f892d1882271ca84,216,219,2023-05-03T15:19:49Z,2023-05,Spring,2,2,0.6052985,Red-billed Chough = 0.605; Eurasian Jackdaw = 0.457
57429ef8836e1d611ae4_282_285,57429ef8836e1d611ae4,282,285,2023-06-05T10:11:48Z,2023-06,Summer,2,2,0.60494894,Eurasian Jackdaw = 0.605; Eurasian Magpie = 0.585
dc3662dad060c5bb82bd_174_177,dc3662dad060c5bb82bd,174,177,2022-11-16T10:12:23Z,2022-11,Autumn,2,2,0.6046805,Eurasian Wryneck = 0.605; Rose-ringed Parakeet = 0.52
fbad280e7349d1673253_186_189,fbad280e7349d1673253,186,189,2023-06-17T07:20:46Z,2023-06,Summer,2,2,0.6045301,Eurasian Collared-Dove = 0.605; Common Wood-Pigeon = 0.54
7b009446d07b9099742c_276_279,7b009446d07b9099742c,276,279,2022-01-21T15:55:40Z,2022-01,Winter,2,2,0.6042404,Carrion Crow = 0.604; Hooded Crow = 0.493
5a6aa75b6bb7c1670b3b_90_93,5a6aa75b6bb7c1670b3b,90,93,2023-03-21T17:00:59Z,2023-03,Spring,2,2,0.6039961,Eurasian Jackdaw = 0.604; Red-billed Chough = 0.493
46575a15bbd3edfc034b_255_258,46575a15bbd3edfc034b,255,258,2023-01-26T19:49:51Z,2023-01,Winter,2,2,0.6035521,Little Owl = 0.604; Tawny Owl = 0.501
277665cd202be8e93d6e_153_156,277665cd202be8e93d6e,153,156,2023-05-13T14:19:17Z,2023-05,Spring,2,2,0.6029232,Carrion Crow = 0.603; Hooded Crow = 0.549
ab4346023a8e51c6bec4_282_285,ab4346023a8e51c6bec4,282,285,2022-10-04T05:49:59Z,2022-10,Autumn,2,2,0.6027374,Carrion Crow = 0.603; Hooded Crow = 0.513
4517d5bd0da5247874f5_60_63,4517d5bd0da5247874f5,60,63,2023-11-20T09:21:46Z,2023-11,Autumn,2,2,0.6022393,Collared Flycatcher = 0.602; Common Kingfisher = 0.583
de1f8ff82731436f1929_57_60,de1f8ff82731436f1929,57,60,2023-06-10T07:16:59Z,2023-06,Summer,2,2,0.60192144,Red-billed Chough = 0.602; Eurasian Jackdaw = 0.475
3afed1c8dc0a6c1b4bcf_0_3,3afed1c8dc0a6c1b4bcf,0,3,2023-06-09T16:47:31Z,2023-06,Summer,2,2,0.6018507,Red Kite = 0.602; Common Buzzard = 0.592
1df0040aa70c8cf8d24d_24_27,1df0040aa70c8cf8d24d,24,27,2023-05-07T16:14:36Z,2023-05,Spring,2,2,0.60133743,Ring-necked Pheasant = 0.601; Eurasian Jackdaw = 0.594
46f817847a796d50b616_252_255,46f817847a796d50b616,252,255,2023-04-10T06:55:32Z,2023-04,Spring,2,2,0.600869,Rose-ringed Parakeet = 0.601; Eurasian Wryneck = 0.473
7bbe054b2ee584c142b3_171_174,7bbe054b2ee584c142b3,171,174,2022-09-19T08:23:21Z,2022-09,Autumn,2,2,0.6008488,Rose-ringed Parakeet = 0.601; Eurasian Wryneck = 0.48
8013824ad77cd24f0411_192_195,8013824ad77cd24f0411,192,195,2023-05-13T07:31:41Z,2023-05,Spring,2,2,0.6006762,Red-billed Chough = 0.601; Eurasian Jackdaw = 0.462
31a34d7936c8181c5af4_288_291,31a34d7936c8181c5af4,288,291,2023-02-04T10:10:04Z,2023-02,Winter,2,2,0.60034287,Eurasian Wryneck = 0.6; Rose-ringed Parakeet = 0.481
e387412e465812b4db05_198_201,e387412e465812b4db05,198,201,2022-01-19T14:07:25Z,2022-01,Winter,2,2,0.60003453,Rose-ringed Parakeet = 0.6; Eurasian Wryneck = 0.456
ed265a7b3e3cb98c66a6_240_243,ed265a7b3e3cb98c66a6,240,243,2023-02-12T15:07:34Z,2023-02,Winter,2,2,0.59964836,Carrion Crow = 0.6; Hooded Crow = 0.478
fb1e17df07f8e912f166_93_96,fb1e17df07f8e912f166,93,96,2022-09-25T08:15:26Z,2022-09,Autumn,2,2,0.5992644,Eurasian Jackdaw = 0.599; Red-billed Chough = 0.507
8048599ce5b894940ae5_9_12,8048599ce5b894940ae5,9,12,2024-03-25T06:49:47Z,2024-03,Spring,2,2,0.5989338,Carrion Crow = 0.599; Hooded Crow = 0.522
49a9972d214d15a6cb04_270_273,49a9972d214d15a6cb04,270,273,2023-03-05T11:27:19Z,2023-03,Spring,2,2,0.59863305,Eurasian Magpie = 0.599; Eurasian Jackdaw = 0.565
f71d97bccbd932a007ca_252_255,f71d97bccbd932a007ca,252,255,2024-01-24T15:50:16Z,2024-01,Winter,2,2,0.598307,Eurasian Wren = 0.598; Mistle Thrush = 0.515
59714c3c3fbe6d154490_249_252,59714c3c3fbe6d154490,249,252,2022-11-13T06:51:27Z,2022-11,Autumn,2,2,0.59816605,Carrion Crow = 0.598; Hooded Crow = 0.535
236d5ac3fb6b0116aa0c_0_3,236d5ac3fb6b0116aa0c,0,3,2023-07-20T08:56:29Z,2023-07,Summer,2,2,0.5978057,Hooded Crow = 0.598; Carrion Crow = 0.497
300a070046368b88b5ac_3_6,300a070046368b88b5ac,3,6,2023-06-12T14:10:31Z,2023-06,Summer,2,2,0.5972967,Red-billed Chough = 0.597; Eurasian Jackdaw = 0.457
adfb0499c14cc1f8eb42_279_282,adfb0499c14cc1f8eb42,279,282,2023-04-26T04:59:21Z,2023-04,Spring,2,2,0.596973,Carrion Crow = 0.597; Hooded Crow = 0.486
1bd0f1ee5798e66b497d_264_267,1bd0f1ee5798e66b497d,264,267,2023-06-16T14:12:15Z,2023-06,Summer,2,2,0.5967577,Common Buzzard = 0.597; Red Kite = 0.55
22bf7a1412ccbdc07087_180_183,22bf7a1412ccbdc07087,180,183,2023-03-23T05:58:15Z,2023-03,Spring,2,2,0.5967563,Eurasian Jackdaw = 0.597; Red-billed Chough = 0.509
8d9b21bfab8234b5c4f8_99_102,8d9b21bfab8234b5c4f8,99,102,2023-03-04T15:43:30Z,2023-03,Spring,2,2,0.59666497,Rook = 0.597; Carrion Crow = 0.538
c920fa881af1640e9d13_249_252,c920fa881af1640e9d13,249,252,2023-07-27T17:31:25Z,2023-07,Summer,2,2,0.5964364,Black-bellied Plover = 0.596; Red Kite = 0.573
67ac50cc8da8e94a00b4_231_234,67ac50cc8da8e94a00b4,231,234,2023-03-26T17:28:46Z,2023-03,Spring,2,2,0.5963658,Eurasian Wryneck = 0.596; Rose-ringed Parakeet = 0.571
aed7edfb488924bf5b7f_36_39,aed7edfb488924bf5b7f,36,39,2022-09-06T04:54:41Z,2022-09,Autumn,2,2,0.596164,European Robin = 0.596; Great Tit = 0.503
2e65e580ae6a6b47627b_219_222,2e65e580ae6a6b47627b,219,222,2024-04-13T18:37:07Z,2024-04,Spring,2,2,0.59590816,Ring-necked Pheasant = 0.596; Little Owl = 0.5
5c8e0048aa73268d6968_276_279,5c8e0048aa73268d6968,276,279,2023-05-30T09:58:05Z,2023-05,Spring,2,2,0.59582204,Eurasian Hoopoe = 0.596; Boreal Owl = 0.46
f34d9b1b22b30c123728_87_90,f34d9b1b22b30c123728,87,90,2022-10-18T08:30:43Z,2022-10,Autumn,2,2,0.5958066,Eurasian Jackdaw = 0.596; Red-billed Chough = 0.559
98adc49b81f0841ffcc3_237_240,98adc49b81f0841ffcc3,237,240,2023-12-18T18:35:28Z,2023-12,Winter,2,2,0.59420425,Eurasian Eagle-Owl = 0.594; Long-eared Owl = 0.547
547c4d4e91d49a000641_54_57,547c4d4e91d49a000641,54,57,2023-05-10T13:58:14Z,2023-05,Spring,2,2,0.5937674,Carrion Crow = 0.594; Hooded Crow = 0.474
f98f27ed7c4b99d920cf_162_165,f98f27ed7c4b99d920cf,162,165,2024-01-14T13:56:07Z,2024-01,Winter,2,2,0.59343475,Eurasian Wren = 0.593; Mistle Thrush = 0.581
9eb93e6281f6b0eb85a8_243_246,9eb93e6281f6b0eb85a8,243,246,2022-11-18T07:28:21Z,2022-11,Autumn,2,2,0.5933721,Goldcrest = 0.593; Common Firecrest = 0.491
20f1f734d4c6f641660b_63_66,20f1f734d4c6f641660b,63,66,2022-09-12T08:10:05Z,2022-09,Autumn,2,2,0.5930793,European Robin = 0.593; Dunnock = 0.495
595bb46d2ed66a554de1_60_63,595bb46d2ed66a554de1,60,63,2023-07-30T07:57:50Z,2023-07,Summer,2,2,0.5926299,Common Wood-Pigeon = 0.593; Eurasian Collared-Dove = 0.509
2afb1f7198dbea632da0_48_51,2afb1f7198dbea632da0,48,51,2023-04-18T17:51:49Z,2023-04,Spring,2,2,0.59209543,Eurasian Treecreeper = 0.592; Mistle Thrush = 0.508
dfaaa0a1f4a10ba9d16c_84_87,dfaaa0a1f4a10ba9d16c,84,87,2023-04-21T19:07:20Z,2023-04,Spring,2,2,0.59193355,Common Grasshopper-Warbler = 0.592; European Robin = 0.542
45b49046929c58bf91ff_246_249,45b49046929c58bf91ff,246,249,2023-06-29T12:41:14Z,2023-06,Summer,2,2,0.59160626,Common Buzzard = 0.592; Eurasian Jackdaw = 0.504
ce94e010905cbe51129f_204_207,ce94e010905cbe51129f,204,207,2022-11-16T13:09:18Z,2022-11,Autumn,2,2,0.59159064,Rose-ringed Parakeet = 0.592; Eurasian Wryneck = 0.575
d6576c5ea62eb3724092_210_213,d6576c5ea62eb3724092,210,213,2023-06-20T20:36:49Z,2023-06,Summer,2,2,0.5915839,Tawny Owl = 0.592; Little Owl = 0.57
3cd80111d43248a33679_198_201,3cd80111d43248a33679,198,201,2023-06-08T19:03:48Z,2023-06,Summer,2,2,0.59142596,Red-billed Chough = 0.591; Eurasian Jackdaw = 0.559
48f93be54236a15cc453_114_117,48f93be54236a15cc453,114,117,2022-01-09T15:16:04Z,2022-01,Winter,2,2,0.59137946,Rose-ringed Parakeet = 0.591; Eurasian Wryneck = 0.474
57a77223251822ffa91d_177_180,57a77223251822ffa91d,177,180,2023-08-04T00:21:37Z,2023-08,Summer,2,2,0.59113914,Tawny Owl = 0.591; Little Owl = 0.454
73404194d57c1e60296c_12_15,73404194d57c1e60296c,12,15,2023-07-23T08:30:45Z,2023-07,Summer,2,2,0.5908469,Common Kingfisher = 0.591; Dunnock = 0.59
d13c78ae9f0dad66b7be_252_255,d13c78ae9f0dad66b7be,252,255,2023-04-01T00:28:01Z,2023-04,Spring,2,2,0.5908191,Boreal Owl = 0.591; Tawny Owl = 0.53
d1358ed8fef52f5bbdb3_93_96,d1358ed8fef52f5bbdb3,93,96,2022-11-09T06:36:32Z,2022-11,Autumn,2,2,0.59077656,Carrion Crow = 0.591; Hooded Crow = 0.533
38398e0de14ff276a3c9_246_249,38398e0de14ff276a3c9,246,249,2023-01-14T11:08:52Z,2023-01,Winter,2,2,0.59035295,Long-eared Owl = 0.59; Eurasian Eagle-Owl = 0.466
bb1d46350196350d4ce8_9_12,bb1d46350196350d4ce8,9,12,2022-10-15T07:19:41Z,2022-10,Autumn,2,2,0.5895718,Eurasian Jackdaw = 0.59; Eurasian Green Woodpecker = 0.508
e15b0b4e80a060082130_96_99,e15b0b4e80a060082130,96,99,2023-06-12T12:06:04Z,2023-06,Summer,2,2,0.5895024,Eurasian Jackdaw = 0.59; Red-billed Chough = 0.504
698bf54a0f9e79712e14_6_9,698bf54a0f9e79712e14,6,9,2023-05-14T14:50:09Z,2023-05,Spring,2,2,0.5884027,Tawny Owl = 0.588; Little Owl = 0.476
f4cf7c352a2c03ab0772_21_24,f4cf7c352a2c03ab0772,21,24,2023-04-21T05:39:51Z,2023-04,Spring,2,2,0.5876479,Eurasian Jackdaw = 0.588; Red-billed Chough = 0.49
d065e29f285d557e32c2_234_237,d065e29f285d557e32c2,234,237,2023-08-01T23:51:03Z,2023-08,Summer,2,2,0.58677197,Common Buzzard = 0.587; Little Owl = 0.578
dfda661bf54bf982fa8d_126_129,dfda661bf54bf982fa8d,126,129,2023-11-11T07:57:21Z,2023-11,Autumn,2,2,0.5866505,Eurasian Jackdaw = 0.587; Red-billed Chough = 0.486
54fdc6b85745737eaae2_87_90,54fdc6b85745737eaae2,87,90,2022-01-17T11:36:54Z,2022-01,Winter,2,2,0.58661574,Eurasian Green Woodpecker = 0.587; Eurasian Curlew = 0.583
6e8d539683334f7a655e_237_240,6e8d539683334f7a655e,237,240,2022-01-10T10:34:00Z,2022-01,Winter,2,2,0.58638483,Hooded Crow = 0.586; Carrion Crow = 0.518
2719185e71149a61e790_150_153,2719185e71149a61e790,150,153,2022-09-10T17:34:56Z,2022-09,Autumn,2,2,0.5862818,Red-billed Chough = 0.586; Eurasian Jackdaw = 0.469
f034671cac32d310b2cc_276_279,f034671cac32d310b2cc,276,279,2024-03-28T22:07:14Z,2024-03,Spring,2,2,0.58615005,Eurasian Eagle-Owl = 0.586; Long-eared Owl = 0.466
1c8f069f1dce3174a268_297_300,1c8f069f1dce3174a268,297,300,2022-11-22T14:55:07Z,2022-11,Autumn,2,2,0.58500177,Rose-ringed Parakeet = 0.585; Eurasian Wryneck = 0.503
3cf65b1a2565bc21db39_93_96,3cf65b1a2565bc21db39,93,96,2023-04-26T19:03:02Z,2023-04,Spring,2,2,0.58479285,Eurasian Wren = 0.585; Dunnock = 0.557
bc8ced975a883116a3aa_243_246,bc8ced975a883116a3aa,243,246,2023-07-19T04:50:30Z,2023-07,Summer,2,2,0.5841965,Tawny Owl = 0.584; Common Crane = 0.554
625a88837b6e0f34c41b_252_255,625a88837b6e0f34c41b,252,255,2022-12-03T15:13:33Z,2022-12,Winter,2,2,0.5837873,Ring-necked Pheasant = 0.584; Egyptian Goose = 0.457
a7d879fdcf7601ae42d2_9_12,a7d879fdcf7601ae42d2,9,12,2023-05-06T07:16:52Z,2023-05,Spring,2,2,0.5836455,Carrion Crow = 0.584; Hooded Crow = 0.522
479ba09a77abbbe7bd12_48_51,479ba09a77abbbe7bd12,48,51,2024-03-22T16:10:36Z,2024-03,Spring,2,2,0.5835088,Dunnock = 0.584; Common Kingfisher = 0.475
7c2048517a76277fff29_78_81,7c2048517a76277fff29,78,81,2024-02-11T11:49:02Z,2024-02,Winter,2,2,0.583395,Hooded Crow = 0.583; Carrion Crow = 0.494
151d45764cef5dd920bd_222_225,151d45764cef5dd920bd,222,225,2023-02-04T07:32:43Z,2023-02,Winter,2,2,0.5833695,Common Buzzard = 0.583; Red Kite = 0.478
c6c93daa4b88dec23c68_6_9,c6c93daa4b88dec23c68,6,9,2023-02-06T07:25:14Z,2023-02,Winter,2,2,0.5833682,Eurasian Green Woodpecker = 0.583; Gray-headed Woodpecker = 0.546
598b1395e19da60ec7d5_297_300,598b1395e19da60ec7d5,297,300,2023-07-09T22:29:04Z,2023-07,Summer,2,2,0.5828183,Eurasian Eagle-Owl = 0.583; Long-eared Owl = 0.482
a92188b6a5c1c2d46fc1_258_261,a92188b6a5c1c2d46fc1,258,261,2023-11-03T06:52:57Z,2023-11,Autumn,2,2,0.58197284,Carrion Crow = 0.582; Hooded Crow = 0.469
6df646bb538aa7226f45_276_279,6df646bb538aa7226f45,276,279,2022-10-18T09:59:33Z,2022-10,Autumn,2,2,0.57967484,Rook = 0.58; Eurasian Jackdaw = 0.53
d9925deba26664b98cf1_186_189,d9925deba26664b98cf1,186,189,2023-01-31T14:13:10Z,2023-01,Winter,2,2,0.5790445,Eurasian Wryneck = 0.579; Rose-ringed Parakeet = 0.461
edf6ef8e705f5b745ff3_171_174,edf6ef8e705f5b745ff3,171,174,2022-02-11T16:08:15Z,2022-02,Winter,2,2,0.57846546,Carrion Crow = 0.578; Hooded Crow = 0.463
fcb9e48dde2b5a6577bd_288_291,fcb9e48dde2b5a6577bd,288,291,2023-05-24T07:06:58Z,2023-05,Spring,2,2,0.57824767,Carrion Crow = 0.578; Hooded Crow = 0.48
53371b6c271826b6bd68_231_234,53371b6c271826b6bd68,231,234,2024-03-21T08:16:48Z,2024-03,Spring,2,2,0.5780417,Eurasian Magpie = 0.578; Eurasian Jackdaw = 0.574
7308578d8cf559761df5_126_129,7308578d8cf559761df5,126,129,2023-05-17T03:46:07Z,2023-05,Spring,2,2,0.57803196,Carrion Crow = 0.578; Hooded Crow = 0.487
fe124bf1b22336eeb2dc_42_45,fe124bf1b22336eeb2dc,42,45,2022-09-14T16:29:47Z,2022-09,Autumn,2,2,0.57721305,Tawny Owl = 0.577; Boreal Owl = 0.496
eece2547f801526fe2e2_234_237,eece2547f801526fe2e2,234,237,2022-10-22T09:35:53Z,2022-10,Autumn,2,2,0.57629526,Eurasian Wryneck = 0.576; Rose-ringed Parakeet = 0.569
70b3effc5985acb81d31_264_267,70b3effc5985acb81d31,264,267,2024-03-07T06:53:24Z,2024-03,Spring,2,2,0.5749118,Eurasian Green Woodpecker = 0.575; Gray-headed Woodpecker = 0.53
c47467ed406bdfef01f8_135_138,c47467ed406bdfef01f8,135,138,2023-07-06T09:05:46Z,2023-07,Summer,2,2,0.5742502,Dunnock = 0.574; Collared Flycatcher = 0.503
50330207f3107e21fb81_219_222,50330207f3107e21fb81,219,222,2023-06-27T08:07:31Z,2023-06,Summer,2,2,0.573911,Common Buzzard = 0.574; Eurasian Jackdaw = 0.535
1fa48e230e377b6c70bf_240_243,1fa48e230e377b6c70bf,240,243,2022-10-31T04:17:21Z,2022-10,Autumn,2,2,0.573051,Tawny Owl = 0.573; Northern Goshawk = 0.536
9db7d1e43322ff49fdc4_246_249,9db7d1e43322ff49fdc4,246,249,2023-03-18T07:39:53Z,2023-03,Spring,2,2,0.5716694,Eurasian Jackdaw = 0.572; Eurasian Magpie = 0.475
89d25ad57a9ade61900f_0_3,89d25ad57a9ade61900f,0,3,2023-06-25T03:40:41Z,2023-06,Summer,2,2,0.5713612,Eurasian Wren = 0.571; Goldcrest = 0.481
205c95f890d4f7b24855_57_60,205c95f890d4f7b24855,57,60,2023-01-05T15:15:34Z,2023-01,Winter,2,2,0.5711962,Rose-ringed Parakeet = 0.571; Eurasian Hobby = 0.458
d407bb4f6cfd53476194_39_42,d407bb4f6cfd53476194,39,42,2023-05-05T05:23:18Z,2023-05,Spring,2,2,0.57098675,Eurasian Blackcap = 0.571; Greater Whitethroat = 0.523
5b88b923d90a9790d299_252_255,5b88b923d90a9790d299,252,255,2022-12-22T12:33:46Z,2022-12,Winter,2,2,0.57020056,Eurasian Wryneck = 0.57; Rose-ringed Parakeet = 0.492
bd363a7b413a5a2934f8_48_51,bd363a7b413a5a2934f8,48,51,2024-03-16T13:45:57Z,2024-03,Spring,2,2,0.57006603,Lesser Spotted Woodpecker = 0.57; Great Spotted Woodpecker = 0.506
b53aa617800b1d6a9f4b_60_63,b53aa617800b1d6a9f4b,60,63,2023-07-08T19:45:48Z,2023-07,Summer,2,2,0.569232,Eurasian Jackdaw = 0.569; Red-billed Chough = 0.469
df286a07d2cff3b9d2b6_222_225,df286a07d2cff3b9d2b6,222,225,2023-05-18T18:37:50Z,2023-05,Spring,2,2,0.56807715,Hooded Crow = 0.568; Carrion Crow = 0.499
73c340d371f3aa088be0_231_234,73c340d371f3aa088be0,231,234,2022-02-11T19:35:54Z,2022-02,Winter,2,2,0.56778187,Eurasian Eagle-Owl = 0.568; Long-eared Owl = 0.552
2a0fc48249ba9e1c8182_27_30,2a0fc48249ba9e1c8182,27,30,2023-06-12T10:24:07Z,2023-06,Summer,2,2,0.56768805,Eurasian Jackdaw = 0.568; Red-billed Chough = 0.474
5e4943aae7790b15ac02_18_21,5e4943aae7790b15ac02,18,21,2023-04-01T05:07:57Z,2023-04,Spring,2,2,0.5671096,Mistle Thrush = 0.567; Eurasian Blackbird = 0.49
fdfe25289c6db46e18df_36_39,fdfe25289c6db46e18df,36,39,2023-06-06T12:21:49Z,2023-06,Summer,2,2,0.5670243,Red-billed Chough = 0.567; Eurasian Magpie = 0.473
173a74689dab1cf0322e_201_204,173a74689dab1cf0322e,201,204,2023-04-05T09:30:23Z,2023-04,Spring,2,2,0.5666944,Eurasian Wryneck = 0.567; Rose-ringed Parakeet = 0.514
55dcfd6f372193466274_240_243,55dcfd6f372193466274,240,243,2023-05-20T08:09:14Z,2023-05,Spring,2,2,0.56663364,Little Owl = 0.567; Ring-necked Pheasant = 0.53
8045637886fc2ecb2a9f_129_132,8045637886fc2ecb2a9f,129,132,2023-08-04T03:59:07Z,2023-08,Summer,2,2,0.56628186,Tawny Owl = 0.566; Northern Goshawk = 0.524
033f07a578ee949045d5_42_45,033f07a578ee949045d5,42,45,2024-04-16T07:43:15Z,2024-04,Spring,2,2,0.56564784,Great Tit = 0.566; Wood Lark = 0.544
720cd3511d61c339aa6f_264_267,720cd3511d61c339aa6f,264,267,2023-06-19T06:37:50Z,2023-06,Summer,2,2,0.5654638,Eurasian Jackdaw = 0.565; Red-billed Chough = 0.539
cb2dd917c7584717a8c2_18_21,cb2dd917c7584717a8c2,18,21,2022-01-09T15:59:50Z,2022-01,Winter,2,2,0.5653368,Carrion Crow = 0.565; Hooded Crow = 0.563
01315ce3f978d3953f4f_51_54,01315ce3f978d3953f4f,51,54,2023-02-18T07:15:34Z,2023-02,Winter,2,2,0.56502646,Eurasian Green Woodpecker = 0.565; Gray-headed Woodpecker = 0.462
cbf9fc2a087fd2cfb225_48_51,cbf9fc2a087fd2cfb225,48,51,2023-02-10T19:45:30Z,2023-02,Winter,2,2,0.56499034,Eurasian Eagle-Owl = 0.565; Long-eared Owl = 0.524
14aef8ee6c9dc1239dde_216_219,14aef8ee6c9dc1239dde,216,219,2023-12-18T18:04:53Z,2023-12,Winter,2,2,0.5646289,Eurasian Eagle-Owl = 0.565; Long-eared Owl = 0.54
9c1f1944fc0e6fb88dbf_27_30,9c1f1944fc0e6fb88dbf,27,30,2023-04-07T07:17:42Z,2023-04,Spring,2,2,0.5632616,Eurasian Wren = 0.563; Eurasian Blue Tit = 0.464
01a84cc370c5c63ccf61_231_234,01a84cc370c5c63ccf61,231,234,2023-03-28T14:48:45Z,2023-03,Spring,2,2,0.5632239,Eurasian Blue Tit = 0.563; Eurasian Treecreeper = 0.475
efe44920c30be7d232ea_294_297,efe44920c30be7d232ea,294,297,2023-02-22T17:21:43Z,2023-02,Winter,2,2,0.56296444,Eurasian Eagle-Owl = 0.563; Ural Owl = 0.505
0978b69b095d4dada6c9_75_78,0978b69b095d4dada6c9,75,78,2023-06-12T15:37:24Z,2023-06,Summer,2,2,0.56200475,Eurasian Jackdaw = 0.562; Red-billed Chough = 0.462
70fe7fb9c652e8f96cde_144_147,70fe7fb9c652e8f96cde,144,147,2023-04-25T15:34:04Z,2023-04,Spring,2,2,0.56028605,Eurasian Magpie = 0.56; Eurasian Jackdaw = 0.507
f34d9b1b22b30c123728_90_93,f34d9b1b22b30c123728,90,93,2022-10-18T08:30:46Z,2022-10,Autumn,2,2,0.55984414,Eurasian Jackdaw = 0.56; Eurasian Magpie = 0.458
bbfed3d1432d371b61c7_99_102,bbfed3d1432d371b61c7,99,102,2022-10-31T07:16:26Z,2022-10,Autumn,2,2,0.5593335,Eurasian Blue Tit = 0.559; Long-tailed Tit = 0.503
5b89e00c0111965fa1f2_66_69,5b89e00c0111965fa1f2,66,69,2022-11-25T15:05:40Z,2022-11,Autumn,2,2,0.5585893,Long-eared Owl = 0.559; Eurasian Eagle-Owl = 0.549
cc1c1a62b360b963aeaf_297_300,cc1c1a62b360b963aeaf,297,300,2023-05-11T05:51:25Z,2023-05,Spring,2,2,0.5580048,Eurasian Blue Tit = 0.558; Gray Wagtail = 0.458
3fcdf342a0ff817ec511_228_231,3fcdf342a0ff817ec511,228,231,2023-03-29T06:07:40Z,2023-03,Spring,2,2,0.5576247,Carrion Crow = 0.558; Hooded Crow = 0.471
bcc6f412e89a53983d59_264_267,bcc6f412e89a53983d59,264,267,2022-01-28T08:11:48Z,2022-01,Winter,2,2,0.55715275,Eurasian Wryneck = 0.557; Eurasian Hobby = 0.539
f85cd74a476bad109814_96_99,f85cd74a476bad109814,96,99,2022-09-14T08:21:48Z,2022-09,Autumn,2,2,0.5565178,Hooded Crow = 0.557; Carrion Crow = 0.482
e7aadf1b7e58f6d2eef6_267_270,e7aadf1b7e58f6d2eef6,267,270,2023-04-16T14:22:32Z,2023-04,Spring,2,2,0.5564138,Long-eared Owl = 0.556; Eurasian Eagle-Owl = 0.485
95a014f8bf272f921528_120_123,95a014f8bf272f921528,120,123,2022-12-01T02:08:55Z,2022-12,Winter,2,2,0.5559927,Boreal Owl = 0.556; Tawny Owl = 0.523
13f901f5212591db0f1a_156_159,13f901f5212591db0f1a,156,159,2023-04-08T14:56:33Z,2023-04,Spring,2,2,0.5553513,Eurasian Jackdaw = 0.555; Eurasian Magpie = 0.474
e8ec3fbe2e7ecb928f71_108_111,e8ec3fbe2e7ecb928f71,108,111,2024-04-01T09:07:07Z,2024-04,Spring,2,2,0.5550761,Ring-necked Pheasant = 0.555; Little Owl = 0.461
b107763abebe3910a6b7_96_99,b107763abebe3910a6b7,96,99,2023-06-15T06:02:32Z,2023-06,Summer,2,2,0.55499256,Eurasian Treecreeper = 0.555; Eurasian Blue Tit = 0.452
b2cde3e6b398310f37ac_57_60,b2cde3e6b398310f37ac,57,60,2024-02-23T09:39:31Z,2024-02,Winter,2,2,0.5545792,Eurasian Wren = 0.555; Goldcrest = 0.469
34bc6dcede74a7145d62_114_117,34bc6dcede74a7145d62,114,117,2023-02-12T07:11:42Z,2023-02,Winter,2,2,0.5535519,Eurasian Jackdaw = 0.554; Red-billed Chough = 0.485
cb3c9cc853bcffa89c6c_90_93,cb3c9cc853bcffa89c6c,90,93,2023-06-12T12:31:10Z,2023-06,Summer,2,2,0.55317163,Eurasian Jackdaw = 0.553; Eurasian Magpie = 0.534
0298c40a389d825b5f0c_228_231,0298c40a389d825b5f0c,228,231,2023-04-27T05:57:01Z,2023-04,Spring,2,2,0.5527276,Wood Lark = 0.553; Eurasian Blackcap = 0.484
4c6d5f94442127612848_282_285,4c6d5f94442127612848,282,285,2022-01-19T12:38:05Z,2022-01,Winter,2,2,0.5526148,Rose-ringed Parakeet = 0.553; Eurasian Wryneck = 0.54
598896b44ee9f8cc7c4a_12_15,598896b44ee9f8cc7c4a,12,15,2024-03-30T12:19:26Z,2024-03,Spring,2,2,0.55216366,Eurasian Treecreeper = 0.552; Eurasian Blue Tit = 0.518
c6d97910be21a5b1cc85_267_270,c6d97910be21a5b1cc85,267,270,2022-11-13T07:16:57Z,2022-11,Autumn,2,2,0.55177134,Eurasian Jackdaw = 0.552; Red-billed Chough = 0.465
a06e4b7624bcacc40dcd_294_297,a06e4b7624bcacc40dcd,294,297,2024-03-22T08:25:58Z,2024-03,Spring,2,2,0.5515839,Eurasian Scops-Owl = 0.552; Little Owl = 0.527
038c71f010305d162961_123_126,038c71f010305d162961,123,126,2023-03-04T14:18:13Z,2023-03,Spring,2,2,0.55140597,Egyptian Goose = 0.551; Ring-necked Pheasant = 0.544
e0db654b0c636244ddba_261_264,e0db654b0c636244ddba,261,264,2023-04-27T06:02:37Z,2023-04,Spring,2,2,0.5512804,Eurasian Jackdaw = 0.551; Red-billed Chough = 0.494
59b0b18cbc9c72624d58_123_126,59b0b18cbc9c72624d58,123,126,2023-04-16T09:07:39Z,2023-04,Spring,2,2,0.5511842,Eurasian Jackdaw = 0.551; Black Woodpecker = 0.522
90a194ac9bd01eb6acf1_279_282,90a194ac9bd01eb6acf1,279,282,2023-04-17T14:15:53Z,2023-04,Spring,2,2,0.55082524,Rose-ringed Parakeet = 0.551; Eurasian Wryneck = 0.492
f0db346620db67c61c05_102_105,f0db346620db67c61c05,102,105,2022-10-16T07:44:28Z,2022-10,Autumn,2,2,0.5504191,Rose-ringed Parakeet = 0.55; Eurasian Wryneck = 0.529
fa49d6b3c4903db4da61_288_291,fa49d6b3c4903db4da61,288,291,2023-06-24T05:28:10Z,2023-06,Summer,2,2,0.55014616,Middle Spotted Woodpecker = 0.55; Northern Goshawk = 0.54
18ac2322d83c71ec3cce_267_270,18ac2322d83c71ec3cce,267,270,2023-04-23T11:17:49Z,2023-04,Spring,2,2,0.5491077,Eurasian Wren = 0.549; Dunnock = 0.529
d59de4bee654495d5b3f_111_114,d59de4bee654495d5b3f,111,114,2023-04-29T15:15:45Z,2023-04,Spring,2,2,0.5486039,Common Buzzard = 0.549; Red Kite = 0.522
970211d102426a4e683f_45_48,970211d102426a4e683f,45,48,2023-04-01T08:35:03Z,2023-04,Spring,2,2,0.54854435,Green-winged Teal = 0.549; Mandarin Duck = 0.5
7195d29c357fd2a44ede_297_300,7195d29c357fd2a44ede,297,300,2023-04-13T14:08:49Z,2023-04,Spring,2,2,0.5484061,Gray Partridge = 0.548; Rose-ringed Parakeet = 0.459
570567b0c48da9c40308_297_300,570567b0c48da9c40308,297,300,2022-09-23T06:21:52Z,2022-09,Autumn,2,2,0.54738396,Crested Tit = 0.547; European Robin = 0.535
547c4d4e91d49a000641_39_42,547c4d4e91d49a000641,39,42,2023-05-10T13:57:59Z,2023-05,Spring,2,2,0.54705435,Carrion Crow = 0.547; Hooded Crow = 0.451
a1626ff52ac82d5a2e2e_117_120,a1626ff52ac82d5a2e2e,117,120,2023-05-14T07:38:32Z,2023-05,Spring,2,2,0.547048,Hooded Crow = 0.547; Carrion Crow = 0.534
95853f7398d767b09458_75_78,95853f7398d767b09458,75,78,2023-02-03T09:18:05Z,2023-02,Winter,2,2,0.5462349,Rose-ringed Parakeet = 0.546; Eurasian Wryneck = 0.51
904f2e05fbce86512076_75_78,904f2e05fbce86512076,75,78,2023-04-03T05:00:03Z,2023-04,Spring,2,2,0.5460286,Mistle Thrush = 0.546; Eurasian Blackbird = 0.516
e5473fa2ce427315aebc_78_81,e5473fa2ce427315aebc,78,81,2023-03-17T15:07:38Z,2023-03,Spring,2,2,0.5458596,Eurasian Jackdaw = 0.546; Red-billed Chough = 0.494
961a77ccb0f58f81b398_66_69,961a77ccb0f58f81b398,66,69,2023-03-25T19:39:04Z,2023-03,Spring,2,2,0.5442836,Tawny Owl = 0.544; Little Owl = 0.49
f85f74e428830bdd1507_213_216,f85f74e428830bdd1507,213,216,2022-11-17T08:50:29Z,2022-11,Autumn,2,2,0.5432946,Long-eared Owl = 0.543; Eurasian Eagle-Owl = 0.518
1a2436d0eca85c3af875_138_141,1a2436d0eca85c3af875,138,141,2023-06-09T15:09:01Z,2023-06,Summer,2,2,0.5428208,Ring-necked Pheasant = 0.543; Little Owl = 0.517
6a14d258422dfb92a4f4_216_219,6a14d258422dfb92a4f4,216,219,2023-05-20T03:51:47Z,2023-05,Spring,2,2,0.54281867,Carrion Crow = 0.543; Hooded Crow = 0.462
f6f66b4ec08f32b08280_228_231,f6f66b4ec08f32b08280,228,231,2022-09-30T08:13:04Z,2022-09,Autumn,2,2,0.542373,Eurasian Jackdaw = 0.542; Red-billed Chough = 0.52
a96e743fee2f328204ed_177_180,a96e743fee2f328204ed,177,180,2023-07-12T08:49:46Z,2023-07,Summer,2,2,0.5421929,Eurasian Wren = 0.542; Dunnock = 0.54
76e5c6e04b711517f44c_171_174,76e5c6e04b711517f44c,171,174,2023-05-14T06:49:02Z,2023-05,Spring,2,2,0.5417263,Hooded Crow = 0.542; Carrion Crow = 0.527
8b6574ad43ddf00cca55_240_243,8b6574ad43ddf00cca55,240,243,2023-03-16T06:07:58Z,2023-03,Spring,2,2,0.54144484,Eurasian Blackbird = 0.541; Mistle Thrush = 0.489
17f8ac9ef9facd187af3_267_270,17f8ac9ef9facd187af3,267,270,2022-12-09T15:27:19Z,2022-12,Winter,2,2,0.5413519,Eurasian Wryneck = 0.541; Rose-ringed Parakeet = 0.478
c16208d8f0bfd0e8f768_225_228,c16208d8f0bfd0e8f768,225,228,2023-04-23T10:16:38Z,2023-04,Spring,2,2,0.54127294,Fieldfare = 0.541; Ring Ouzel = 0.533
0ece1fc2065eef1b4393_75_78,0ece1fc2065eef1b4393,75,78,2023-10-22T04:16:22Z,2023-10,Autumn,2,2,0.54112846,Little Owl = 0.541; Tawny Owl = 0.481
4a455adc28f39d902c70_48_51,4a455adc28f39d902c70,48,51,2023-06-10T17:01:31Z,2023-06,Summer,2,2,0.54089445,Eurasian Jackdaw = 0.541; Red-billed Chough = 0.473
5c174c939df08df44576_204_207,5c174c939df08df44576,204,207,2023-10-21T07:37:04Z,2023-10,Autumn,2,2,0.54016805,Rook = 0.54; Carrion Crow = 0.506
10448f7c01c6c25848d0_225_228,10448f7c01c6c25848d0,225,228,2024-03-21T05:55:35Z,2024-03,Spring,2,2,0.5392325,Gray-headed Woodpecker = 0.539; Eurasian Green Woodpecker = 0.483
eb25a170f537884ab52b_48_51,eb25a170f537884ab52b,48,51,2023-07-27T17:38:08Z,2023-07,Summer,2,2,0.5384079,Red Kite = 0.538; Common Buzzard = 0.525
1e4792cd81f1b210c295_18_21,1e4792cd81f1b210c295,18,21,2023-10-18T15:43:33Z,2023-10,Autumn,2,2,0.538271,Eurasian Jackdaw = 0.538; Red-billed Chough = 0.522
5d01179786fa8a7b4641_93_96,5d01179786fa8a7b4641,93,96,2023-06-15T03:06:04Z,2023-06,Summer,2,2,0.5382528,Little Owl = 0.538; Tawny Owl = 0.484
cbcfabc327fbf8885899_207_210,cbcfabc327fbf8885899,207,210,2023-05-06T04:54:00Z,2023-05,Spring,2,2,0.5375947,Eurasian Treecreeper = 0.538; Eurasian Blue Tit = 0.531
35d2740a364e4cc86e24_90_93,35d2740a364e4cc86e24,90,93,2022-10-20T09:07:14Z,2022-10,Autumn,2,2,0.5369379,Rose-ringed Parakeet = 0.537; Eurasian Wryneck = 0.462
fa324f7dc371f308ae8c_162_165,fa324f7dc371f308ae8c,162,165,2023-04-17T09:16:34Z,2023-04,Spring,2,2,0.53594446,Eurasian Wryneck = 0.536; Rose-ringed Parakeet = 0.478
26b22170e987aac734e6_153_156,26b22170e987aac734e6,153,156,2024-03-21T15:59:11Z,2024-03,Spring,2,2,0.5359233,Common Buzzard = 0.536; Little Owl = 0.535
a10737fc8269e134c4f1_105_108,a10737fc8269e134c4f1,105,108,2023-05-11T05:58:18Z,2023-05,Spring,2,2,0.5353055,Gray Wagtail = 0.535; Eurasian Blue Tit = 0.481
7b074e67a0fe01172ce9_3_6,7b074e67a0fe01172ce9,3,6,2023-08-04T00:59:02Z,2023-08,Summer,2,2,0.53432155,Tawny Owl = 0.534; Little Owl = 0.528
80d3a376f83dcde698d1_75_78,80d3a376f83dcde698d1,75,78,2023-02-02T23:41:56Z,2023-02,Winter,2,2,0.53424066,Long-eared Owl = 0.534; Eurasian Eagle-Owl = 0.508
e15b0b4e80a060082130_291_294,e15b0b4e80a060082130,291,294,2023-06-12T12:09:19Z,2023-06,Summer,2,2,0.5334555,Red-billed Chough = 0.533; Eurasian Jackdaw = 0.504
31456fc1f1d2ef2dbd9d_288_291,31456fc1f1d2ef2dbd9d,288,291,2022-12-25T14:54:33Z,2022-12,Winter,2,2,0.53344524,Rose-ringed Parakeet = 0.533; Eurasian Wryneck = 0.47
73c60d9808233b7a3890_162_165,73c60d9808233b7a3890,162,165,2022-02-02T16:39:27Z,2022-02,Winter,2,2,0.53336585,Eurasian Penduline-Tit = 0.533; Yellow-browed Warbler = 0.503
99438b21647ccadfdccb_84_87,99438b21647ccadfdccb,84,87,2023-03-20T12:25:37Z,2023-03,Spring,2,2,0.53264606,Eurasian Eagle-Owl = 0.533; Ural Owl = 0.464
ef5ce35c808eb673b134_78_81,ef5ce35c808eb673b134,78,81,2023-03-31T22:14:04Z,2023-03,Spring,2,2,0.5322138,Long-eared Owl = 0.532; Eurasian Eagle-Owl = 0.496
05d01d0796f00b010c02_129_132,05d01d0796f00b010c02,129,132,2023-02-12T22:54:29Z,2023-02,Winter,2,2,0.5322056,Boreal Owl = 0.532; Tawny Owl = 0.465
794804c931a00cd7b2b9_108_111,794804c931a00cd7b2b9,108,111,2023-05-20T01:27:17Z,2023-05,Spring,2,2,0.53131425,Tawny Owl = 0.531; Little Owl = 0.489
d322ae92d7bd1de953f6_48_51,d322ae92d7bd1de953f6,48,51,2023-07-28T20:57:45Z,2023-07,Summer,2,2,0.5313113,Eurasian Eagle-Owl = 0.531; Long-eared Owl = 0.496
e032e52c0ce9a267ed50_57_60,e032e52c0ce9a267ed50,57,60,2024-02-28T09:10:00Z,2024-02,Winter,2,2,0.52981174,Common Crane = 0.53; Great Spotted Woodpecker = 0.49
ec312d61501a472d4734_114_117,ec312d61501a472d4734,114,117,2022-01-03T06:37:02Z,2022-01,Winter,2,2,0.5293358,Long-eared Owl = 0.529; Eurasian Eagle-Owl = 0.455
388af14811190b79eb7a_102_105,388af14811190b79eb7a,102,105,2023-05-14T09:03:58Z,2023-05,Spring,2,2,0.5291972,Eurasian Wren = 0.529; Eurasian Blue Tit = 0.513
1d57941e76f7984f8967_231_234,1d57941e76f7984f8967,231,234,2022-12-24T13:06:54Z,2022-12,Winter,2,2,0.52882993,Eurasian Wryneck = 0.529; Rose-ringed Parakeet = 0.522
0983b897fd2914249a92_165_168,0983b897fd2914249a92,165,168,2024-02-23T09:36:17Z,2024-02,Winter,2,2,0.52847457,Eurasian Treecreeper = 0.528; Eurasian Blue Tit = 0.471
52435b238d0f43dda41c_216_219,52435b238d0f43dda41c,216,219,2023-05-30T15:34:46Z,2023-05,Spring,2,2,0.5280064,Eurasian Magpie = 0.528; Eurasian Jackdaw = 0.456
f328d5e2a0de3e96c2d1_9_12,f328d5e2a0de3e96c2d1,9,12,2023-04-19T16:23:37Z,2023-04,Spring,2,2,0.5277285,Eurasian Jackdaw = 0.528; Red-billed Chough = 0.467
87ed3d775184aabd642f_24_27,87ed3d775184aabd642f,24,27,2022-10-21T16:37:45Z,2022-10,Autumn,2,2,0.52760935,Eurasian Eagle-Owl = 0.528; Long-eared Owl = 0.455
3bd8492f70f30bd1dfb5_270_273,3bd8492f70f30bd1dfb5,270,273,2022-09-09T06:08:20Z,2022-09,Autumn,2,2,0.52757686,Eurasian Green Woodpecker = 0.528; Little Owl = 0.494
b82651103c296afbf937_117_120,b82651103c296afbf937,117,120,2024-03-14T05:21:49Z,2024-03,Spring,2,2,0.5273924,Tawny Owl = 0.527; Little Owl = 0.492
3115f139e7c45d233938_168_171,3115f139e7c45d233938,168,171,2022-01-01T09:12:56Z,2022-01,Winter,2,2,0.52626127,Hooded Crow = 0.526; Carrion Crow = 0.455
2a61e4b1e7a169b8f58b_9_12,2a61e4b1e7a169b8f58b,9,12,2024-03-23T07:18:45Z,2024-03,Spring,2,2,0.52487546,Eurasian Blue Tit = 0.525; Gray Wagtail = 0.485
4517d5bd0da5247874f5_126_129,4517d5bd0da5247874f5,126,129,2023-11-20T09:22:52Z,2023-11,Autumn,2,2,0.5236875,Common Kingfisher = 0.524; Dunnock = 0.507
27d7d3035357fef954f5_126_129,27d7d3035357fef954f5,126,129,2023-01-29T09:28:44Z,2023-01,Winter,2,2,0.52320105,Eurasian Wryneck = 0.523; Rose-ringed Parakeet = 0.51
f3e0be1645b55c393c83_135_138,f3e0be1645b55c393c83,135,138,2022-11-20T09:38:48Z,2022-11,Autumn,2,2,0.52298015,Long-tailed Tit = 0.523; Hazel Grouse = 0.489
7f2f2adfae98dce56424_162_165,7f2f2adfae98dce56424,162,165,2023-02-22T07:24:46Z,2023-02,Winter,2,2,0.52263325,Eurasian Jackdaw = 0.523; Red-billed Chough = 0.476
b6bf4df3ec4edb76d989_153_156,b6bf4df3ec4edb76d989,153,156,2023-05-22T16:58:11Z,2023-05,Spring,2,2,0.522566,Ring-necked Pheasant = 0.523; Tawny Owl = 0.498
94c119f177bb4bc20236_294_297,94c119f177bb4bc20236,294,297,2023-12-08T12:41:49Z,2023-12,Winter,2,2,0.5223004,Eurasian Eagle-Owl = 0.522; Long-eared Owl = 0.477
d742e10edb02e5e279a6_273_276,d742e10edb02e5e279a6,273,276,2024-03-19T22:02:55Z,2024-03,Spring,2,2,0.52091897,Tawny Owl = 0.521; Little Owl = 0.501
2e6001653fe3769d20fd_33_36,2e6001653fe3769d20fd,33,36,2022-09-20T00:59:04Z,2022-09,Autumn,2,2,0.519086,Little Owl = 0.519; Eurasian Oystercatcher = 0.464
94e42ca3bbac4bba63da_78_81,94e42ca3bbac4bba63da,78,81,2023-01-13T23:08:48Z,2023-01,Winter,2,2,0.51903844,Long-eared Owl = 0.519; Eurasian Eagle-Owl = 0.463
436f7ae44886983bd821_3_6,436f7ae44886983bd821,3,6,2022-02-09T10:15:08Z,2022-02,Winter,2,2,0.51891476,Carrion Crow = 0.519; Hooded Crow = 0.479
80059ecb18f09b023a56_243_246,80059ecb18f09b023a56,243,246,2023-06-27T06:17:02Z,2023-06,Summer,2,2,0.51818675,Common Buzzard = 0.518; Black Woodpecker = 0.517
655e5f1e4e583b507b0c_174_177,655e5f1e4e583b507b0c,174,177,2024-03-11T16:33:49Z,2024-03,Spring,2,2,0.5162772,Common Buzzard = 0.516; European Honey-buzzard = 0.454
8ece540a210b2a830941_48_51,8ece540a210b2a830941,48,51,2023-02-09T07:25:02Z,2023-02,Winter,2,2,0.51567805,Eurasian Green Woodpecker = 0.516; Gray-headed Woodpecker = 0.46
7308578d8cf559761df5_201_204,7308578d8cf559761df5,201,204,2023-05-17T03:47:22Z,2023-05,Spring,2,2,0.515407,Carrion Crow = 0.515; Hooded Crow = 0.493
f6205e0a05010167bb9f_39_42,f6205e0a05010167bb9f,39,42,2023-02-24T13:06:37Z,2023-02,Winter,2,2,0.5150043,Eurasian Wryneck = 0.515; Rose-ringed Parakeet = 0.464
402a4ada07f5bd7ac059_159_162,402a4ada07f5bd7ac059,159,162,2023-04-27T04:25:09Z,2023-04,Spring,2,2,0.5146708,Dunnock = 0.515; Eurasian Wren = 0.507
50fa70ce52c828156961_201_204,50fa70ce52c828156961,201,204,2022-02-04T11:33:45Z,2022-02,Winter,2,2,0.51423913,Eurasian Three-toed Woodpecker = 0.514; Black Woodpecker = 0.461
2b9b26b3a063742dc8f0_183_186,2b9b26b3a063742dc8f0,183,186,2023-03-19T14:30:11Z,2023-03,Spring,2,2,0.5140296,Eurasian Green Woodpecker = 0.514; Gray-headed Woodpecker = 0.509
0aa51e0dc14e84681b88_270_273,0aa51e0dc14e84681b88,270,273,2024-04-01T07:44:08Z,2024-04,Spring,2,2,0.5137174,Common Sandpiper = 0.514; Eurasian Blue Tit = 0.465
601fde7c6fa8598b07b3_183_186,601fde7c6fa8598b07b3,183,186,2023-07-06T14:08:59Z,2023-07,Summer,2,2,0.5134508,Eurasian Eagle-Owl = 0.513; Long-eared Owl = 0.489
11d45abf70b51aa633ef_48_51,11d45abf70b51aa633ef,48,51,2023-10-26T12:37:28Z,2023-10,Autumn,2,2,0.5125868,Carrion Crow = 0.513; Hooded Crow = 0.499
0e4f8dea11b229f7d328_234_237,0e4f8dea11b229f7d328,234,237,2022-09-08T07:50:31Z,2022-09,Autumn,2,2,0.5110497,Eurasian Blue Tit = 0.511; Gray Wagtail = 0.462
72538f12157b7c2c4d74_177_180,72538f12157b7c2c4d74,177,180,2022-10-22T14:47:26Z,2022-10,Autumn,2,2,0.5098217,Common Kingfisher = 0.51; Dunnock = 0.459
aa2844ca72f527291e9a_3_6,aa2844ca72f527291e9a,3,6,2023-02-14T08:23:05Z,2023-02,Winter,2,2,0.50952667,Red-billed Chough = 0.51; Eurasian Jackdaw = 0.485
0fc4d9f3fe3fae3bfb8e_186_189,0fc4d9f3fe3fae3bfb8e,186,189,2023-06-25T18:51:03Z,2023-06,Summer,2,2,0.50748456,Eurasian Eagle-Owl = 0.507; Ural Owl = 0.466
91a461d5fbaafccbd577_66_69,91a461d5fbaafccbd577,66,69,2023-05-11T07:43:30Z,2023-05,Spring,2,2,0.5071322,Eurasian Blue Tit = 0.507; Gray Wagtail = 0.494
8284a5fb84c98f94711e_126_129,8284a5fb84c98f94711e,126,129,2023-12-06T14:53:38Z,2023-12,Winter,2,2,0.50695163,Carrion Crow = 0.507; Hooded Crow = 0.465
25656b6956777d2324e6_210_213,25656b6956777d2324e6,210,213,2023-07-03T06:16:32Z,2023-07,Summer,2,2,0.50671005,Dunnock = 0.507; Common Kingfisher = 0.505
6b6518c99c5d020de913_9_12,6b6518c99c5d020de913,9,12,2022-10-18T15:22:42Z,2022-10,Autumn,2,2,0.50615925,Rose-ringed Parakeet = 0.506; Eurasian Wryneck = 0.464
77832064a6f5fec29481_45_48,77832064a6f5fec29481,45,48,2023-03-26T11:17:44Z,2023-03,Spring,2,2,0.50459707,Eurasian Jackdaw = 0.505; Eurasian Magpie = 0.499
4bda27e67e2a87ef41a7_168_171,4bda27e67e2a87ef41a7,168,171,2023-01-12T13:47:45Z,2023-01,Winter,2,2,0.5042562,Long-eared Owl = 0.504; Eurasian Eagle-Owl = 0.461
6e7c5ca40a4c3df52122_111_114,6e7c5ca40a4c3df52122,111,114,2024-03-06T12:40:36Z,2024-03,Spring,2,2,0.50339514,Eurasian Blue Tit = 0.503; Eurasian Treecreeper = 0.496
520a4f30d471ff94782c_216_219,520a4f30d471ff94782c,216,219,2023-04-09T10:23:27Z,2023-04,Spring,2,2,0.5031234,Eurasian Wryneck = 0.503; Rose-ringed Parakeet = 0.499
fc6da6c97fec0445b9a2_294_297,fc6da6c97fec0445b9a2,294,297,2023-03-31T10:42:08Z,2023-03,Spring,2,2,0.5026052,Common Buzzard = 0.503; Eurasian Jackdaw = 0.501
f43fa7010f0a1155288f_222_225,f43fa7010f0a1155288f,222,225,2023-07-15T02:11:36Z,2023-07,Summer,2,2,0.50215304,Black Woodpecker = 0.502; Tawny Owl = 0.46
17e0da4d867e0f6ee353_3_6,17e0da4d867e0f6ee353,3,6,2023-03-21T17:34:49Z,2023-03,Spring,2,2,0.5020062,Eurasian Green Woodpecker = 0.502; Gray-headed Woodpecker = 0.485
17e0da4d867e0f6ee353_63_66,17e0da4d867e0f6ee353,63,66,2023-03-21T17:35:49Z,2023-03,Spring,2,2,0.50146043,Eurasian Green Woodpecker = 0.501; Eurasian Curlew = 0.475
339f45a21f5ac79f2d9c_171_174,339f45a21f5ac79f2d9c,171,174,2023-08-04T06:25:58Z,2023-08,Summer,2,2,0.5004399,Eurasian Magpie = 0.5; Eurasian Jackdaw = 0.5
71be754d405b7ac97c64_195_198,71be754d405b7ac97c64,195,198,2023-01-06T08:02:25Z,2023-01,Winter,2,2,0.500417,Long-tailed Tit = 0.5; Common Firecrest = 0.475
19f97a86b251b2b679dc_201_204,19f97a86b251b2b679dc,201,204,2023-03-16T05:37:05Z,2023-03,Spring,2,2,0.5003327,Wood Warbler = 0.5; European Robin = 0.463
0bb027916cf4c97bc604_6_9,0bb027916cf4c97bc604,6,9,2023-04-05T04:54:58Z,2023-04,Spring,2,2,0.5001079,Boreal Owl = 0.5; Tawny Owl = 0.465
9026c38d4eeecb4d4378_201_204,9026c38d4eeecb4d4378,201,204,2022-10-28T08:09:27Z,2022-10,Autumn,2,2,0.4996728,Fieldfare = 0.5; Eurasian Blackbird = 0.477
b99e8b7049170069c35e_153_156,b99e8b7049170069c35e,153,156,2023-03-29T09:17:57Z,2023-03,Spring,2,2,0.49931145,Eurasian Hobby = 0.499; Eurasian Wryneck = 0.468
ec33a071d0c6dd3457a8_57_60,ec33a071d0c6dd3457a8,57,60,2024-03-30T05:36:59Z,2024-03,Spring,2,2,0.49797654,Common Sandpiper = 0.498; Eurasian Blue Tit = 0.493
277665cd202be8e93d6e_171_174,277665cd202be8e93d6e,171,174,2023-05-13T14:19:35Z,2023-05,Spring,2,2,0.49776307,Carrion Crow = 0.498; Hooded Crow = 0.476
f7611f08d30d84d50efd_96_99,f7611f08d30d84d50efd,96,99,2022-11-03T12:38:03Z,2022-11,Autumn,2,2,0.4962292,Eurasian Hobby = 0.496; Eurasian Wryneck = 0.46
34861dce8e65f2de4c3a_198_201,34861dce8e65f2de4c3a,198,201,2022-02-02T19:46:31Z,2022-02,Winter,2,2,0.4959286,Boreal Owl = 0.496; Tawny Owl = 0.476
35cfc412752a84fd10f3_240_243,35cfc412752a84fd10f3,240,243,2024-02-10T04:59:05Z,2024-02,Winter,2,2,0.49532124,Long-tailed Tit = 0.495; Eurasian Wren = 0.489
da97e8785bf0e7fd2431_72_75,da97e8785bf0e7fd2431,72,75,2023-01-11T16:39:30Z,2023-01,Winter,2,2,0.49410346,Long-eared Owl = 0.494; Eurasian Eagle-Owl = 0.486
deddabd009cd36d762e2_21_24,deddabd009cd36d762e2,21,24,2023-03-02T17:26:51Z,2023-03,Spring,2,2,0.49332502,Eurasian Jackdaw = 0.493; Red-billed Chough = 0.456
3bfdb0551cf0c64f44d4_18_21,3bfdb0551cf0c64f44d4,18,21,2022-10-20T13:38:12Z,2022-10,Autumn,2,2,0.49291205,Eurasian Jackdaw = 0.493; Eurasian Magpie = 0.476
a901c5b7405fc8dba817_144_147,a901c5b7405fc8dba817,144,147,2024-03-28T10:14:23Z,2024-03,Spring,2,2,0.4925623,European Stonechat = 0.493; Dunnock = 0.485
c69108cfb3c3aa3ce937_276_279,c69108cfb3c3aa3ce937,276,279,2022-10-15T15:17:56Z,2022-10,Autumn,2,2,0.49099612,Red-billed Chough = 0.491; Eurasian Jackdaw = 0.488
0db62079b190798e6c66_129_132,0db62079b190798e6c66,129,132,2022-09-23T05:28:40Z,2022-09,Autumn,2,2,0.48805094,Boreal Owl = 0.488; Tawny Owl = 0.455
c9fb91eddeaeae6fd36a_153_156,c9fb91eddeaeae6fd36a,153,156,2022-11-10T16:45:29Z,2022-11,Autumn,2,2,0.48731595,Long-eared Owl = 0.487; Eurasian Eagle-Owl = 0.466
a68036822976bfb7b4bc_240_243,a68036822976bfb7b4bc,240,243,2022-12-27T13:36:25Z,2022-12,Winter,2,2,0.4864924,Ural Owl = 0.486; Eurasian Eagle-Owl = 0.474
8816ae8831411bbbcc3b_9_12,8816ae8831411bbbcc3b,9,12,2022-02-12T11:26:25Z,2022-02,Winter,2,2,0.48480174,Eurasian Jackdaw = 0.485; Red-billed Chough = 0.458
ec7ecf79b9db34e80e44_273_276,ec7ecf79b9db34e80e44,273,276,2022-10-15T09:30:06Z,2022-10,Autumn,2,2,0.48275125,Red Kite = 0.483; European Honey-buzzard = 0.471
7729360fabefcbc9c75a_180_183,7729360fabefcbc9c75a,180,183,2023-05-05T08:17:01Z,2023-05,Spring,2,2,0.48130086,Ortolan Bunting = 0.481; Wood Lark = 0.46
8e4bee8a420ed2b60d70_180_183,8e4bee8a420ed2b60d70,180,183,2023-07-19T06:15:08Z,2023-07,Summer,2,2,0.48106316,Common Wood-Pigeon = 0.481; Eurasian Collared-Dove = 0.458
a26616994d630500f1be_18_21,a26616994d630500f1be,18,21,2022-12-27T12:47:21Z,2022-12,Winter,2,2,0.4790963,Eurasian Blue Tit = 0.479; Gray Wagtail = 0.453
ac7a40c322fd6b8de817_141_144,ac7a40c322fd6b8de817,141,144,2023-06-12T13:02:16Z,2023-06,Summer,2,2,0.47471634,Eurasian Green Woodpecker = 0.475; Black Woodpecker = 0.467
337c381d37659f86eea5_63_66,337c381d37659f86eea5,63,66,2023-07-18T11:02:27Z,2023-07,Summer,2,2,0.47165364,Graylag Goose = 0.472; Gray Heron = 0.464
31ad969f4680099f88fa_75_78,31ad969f4680099f88fa,75,78,2022-02-12T09:51:45Z,2022-02,Winter,2,2,0.4700069,Eurasian Blue Tit = 0.47; Eurasian Treecreeper = 0.455
401922d701819ae768bb_93_96,401922d701819ae768bb,93,96,2023-10-19T15:42:51Z,2023-10,Autumn,2,2,0.46959046,Hooded Crow = 0.47; Carrion Crow = 0.454
6a767cbbc2e74180f8fc_123_126,6a767cbbc2e74180f8fc,123,126,2024-02-05T10:06:56Z,2024-02,Winter,2,2,0.46857417,Spectacled Warbler = 0.469; Mistle Thrush = 0.467
edba808db705b50c58f1_15_18,edba808db705b50c58f1,15,18,2022-09-12T05:53:11Z,2022-09,Autumn,2,2,0.46823668,Hooded Crow = 0.468; Carrion Crow = 0.451
80f77185156b30921708_123_126,80f77185156b30921708,123,126,2023-05-07T10:23:24Z,2023-05,Spring,2,2,0.4668242,Hooded Crow = 0.467; Carrion Crow = 0.463
9f1865b96dc3422c8a32_51_54,9f1865b96dc3422c8a32,51,54,2023-01-01T13:10:15Z,2023-01,Winter,2,2,0.4596621,Mistle Thrush = 0.46; Eurasian Wren = 0.451
