year_month,predicted_species,candidate_n,expected_correct_candidates,probability_at_least_one_correct
2021-12,Aquatic Warbler,0,0,0
2021-12,Atlantic Puffin,0,0,0
2021-12,Barn Owl,0,0,0
2021-12,Barn Swallow,0,0,0
2021-12,Barnacle Goose,0,0,0
2021-12,Bearded Reedling,0,0,0
2021-12,Black Grouse,0,0,0
2021-12,Black Kite,0,0,0
2021-12,Black Redstart,1,0.23976774804484868,0.23976774804484868
2021-12,Black Tern,0,0,0
2021-12,Black Woodpecker,0,0,0
2021-12,Black-bellied Plover,0,0,0
2021-12,Black-crowned Night-Heron,0,0,0
2021-12,Black-legged Kittiwake,0,0,0
2021-12,Black-tailed Godwit,0,0,0
2021-12,Bluethroat,0,0,0
2021-12,Bohemian Waxwing,1,0.10383173278857516,0.10383173278857516
2021-12,Boreal Owl,0,0,0
2021-12,Canada Goose,0,0,0
2021-12,Carrion Crow,12,10.014847619298106,0.9999999998733495
2021-12,Cetti's Warbler,0,0,0
2021-12,Cirl Bunting,0,0,0
2021-12,Coal Tit,1,0.7432149603543371,0.7432149603543371
2021-12,Collared Flycatcher,0,0,0
2021-12,Common Buzzard,2,1.5447913812715686,0.9584253049993469
2021-12,Common Chaffinch,0,0,0
2021-12,Common Chiffchaff,0,0,0
2021-12,Common Crane,0,0,0
2021-12,Common Cuckoo,0,0,0
2021-12,Common Firecrest,1,0.5617564779048422,0.5617564779048422
2021-12,Common Grasshopper-Warbler,0,0,0
2021-12,Common Greenshank,0,0,0
2021-12,Common House-Martin,0,0,0
2021-12,Common Kingfisher,0,0,0
2021-12,Common Murre,0,0,0
2021-12,Common Nightingale,0,0,0
2021-12,Common Pochard,0,0,0
2021-12,Common Quail,0,0,0
2021-12,Common Raven,0,0,0
2021-12,Common Redshank,0,0,0
2021-12,Common Ringed Plover,0,0,0
2021-12,Common Rosefinch,0,0,0
2021-12,Common Sandpiper,2,0.9227630184880096,0.7135622953855986
2021-12,Common Scoter,0,0,0
2021-12,Common Snipe,1,0.23377493289856172,0.23377493289856166
2021-12,Common Swift,0,0,0
2021-12,Common Tern,0,0,0
2021-12,Common Waxbill,0,0,0
2021-12,Common Wood-Pigeon,0,0,0
2021-12,Corn Bunting,0,0,0
2021-12,Corsican Finch,0,0,0
2021-12,Corsican Nuthatch,0,0,0
2021-12,Crested Lark,0,0,0
2021-12,Crested Tit,1,0.10273106348248087,0.10273106348248084
2021-12,Dartford Warbler,0,0,0
2021-12,Dunnock,0,0,0
2021-12,Egyptian Goose,0,0,0
2021-12,Eurasian Blackbird,0,0,0
2021-12,Eurasian Blackcap,0,0,0
2021-12,Eurasian Blue Tit,19,16.595466629867992,1
2021-12,Eurasian Bullfinch,0,0,0
2021-12,Eurasian Collared-Dove,0,0,0
2021-12,Eurasian Coot,0,0,0
2021-12,Eurasian Crag-Martin,0,0,0
2021-12,Eurasian Curlew,0,0,0
2021-12,Eurasian Dotterel,0,0,0
2021-12,Eurasian Eagle-Owl,6,0.5556509404913059,0.45110978512204547
2021-12,Eurasian Golden Oriole,0,0,0
2021-12,Eurasian Green Woodpecker,5,4.557675011660752,0.9999997430479043
2021-12,Eurasian Hobby,1,0.12086154501340353,0.12086154501340352
2021-12,Eurasian Hoopoe,0,0,0
2021-12,Eurasian Jackdaw,70,65.6879965767033,1
2021-12,Eurasian Jay,7,6.0156239528166315,0.999999698305682
2021-12,Eurasian Kestrel,0,0,0
2021-12,Eurasian Linnet,0,0,0
2021-12,Eurasian Magpie,5,1.975898153137306,0.9998839140379747
2021-12,Eurasian Moorhen,0,0,0
2021-12,Eurasian Nightjar,0,0,0
2021-12,Eurasian Nutcracker,0,0,0
2021-12,Eurasian Nuthatch,0,0,0
2021-12,Eurasian Oystercatcher,0,0,0
2021-12,Eurasian Penduline-Tit,0,0,0
2021-12,Eurasian Pygmy-Owl,0,0,0
2021-12,Eurasian Reed Warbler,0,0,0
2021-12,Eurasian Scops-Owl,0,0,0
2021-12,Eurasian Siskin,0,0,0
2021-12,Eurasian Thick-knee,0,0,0
2021-12,Eurasian Three-toed Woodpecker,8,0.0856959637629439,0.0827234735504353
2021-12,Eurasian Treecreeper,0,0,0
2021-12,Eurasian Wigeon,0,0,0
2021-12,Eurasian Woodcock,0,0,0
2021-12,Eurasian Wren,7,5.51792341233638,0.9999860128781015
2021-12,Eurasian Wryneck,3,1.1309925979340993,0.7632174075804127
2021-12,European Bee-eater,0,0,0
2021-12,European Golden-Plover,0,0,0
2021-12,European Goldfinch,2,1.4308364404672596,0.9413306295473582
2021-12,European Greenfinch,0,0,0
2021-12,European Honey-buzzard,0,0,0
2021-12,European Pied Flycatcher,0,0,0
2021-12,European Robin,17,14.389358154804572,0.9999999999999999
2021-12,European Roller,0,0,0
2021-12,European Serin,0,0,0
2021-12,European Starling,0,0,0
2021-12,European Stonechat,0,0,0
2021-12,European Storm-Petrel,0,0,0
2021-12,European Turtle-Dove,0,0,0
2021-12,Fieldfare,0,0,0
2021-12,Garden Warbler,0,0,0
2021-12,Goldcrest,1,0.5011842415741371,0.5011842415741371
2021-12,Golden Eagle,0,0,0
2021-12,Gray Heron,0,0,0
2021-12,Gray Partridge,0,0,0
2021-12,Gray Wagtail,0,0,0
2021-12,Gray-headed Woodpecker,0,0,0
2021-12,Graylag Goose,0,0,0
2021-12,Great Bittern,3,0.16314670387030492,0.16013914455457934
2021-12,Great Black-backed Gull,0,0,0
2021-12,Great Crested Grebe,0,0,0
2021-12,Great Reed Warbler,0,0,0
2021-12,Great Skua,0,0,0
2021-12,Great Spotted Woodpecker,0,0,0
2021-12,Great Tit,0,0,0
2021-12,Greater Short-toed Lark,0,0,0
2021-12,Greater White-fronted Goose,0,0,0
2021-12,Greater Whitethroat,0,0,0
2021-12,Green Sandpiper,1,0.09857503799608021,0.09857503799608025
2021-12,Green-winged Teal,0,0,0
2021-12,Hawfinch,1,0.726081604316734,0.726081604316734
2021-12,Hazel Grouse,0,0,0
2021-12,Herring Gull,0,0,0
2021-12,Hooded Crow,4,3.0560456261351936,0.9986687197353443
2021-12,Horned Lark,0,0,0
2021-12,Iberian Chiffchaff,0,0,0
2021-12,Iberian Green Woodpecker,0,0,0
2021-12,Lady Amherst's Pheasant,0,0,0
2021-12,Lesser Black-backed Gull,0,0,0
2021-12,Lesser Kestrel,0,0,0
2021-12,Lesser Spotted Woodpecker,0,0,0
2021-12,Lesser Whitethroat,0,0,0
2021-12,Little Bittern,0,0,0
2021-12,Little Crake,0,0,0
2021-12,Little Grebe,0,0,0
2021-12,Little Owl,2,1.283335488900516,0.8759913991559902
2021-12,Little Ringed Plover,0,0,0
2021-12,Long-eared Owl,1,0.08025073949015482,0.08025073949015482
2021-12,Long-tailed Tit,1,0.6833733299193547,0.6833733299193547
2021-12,Mallard,0,0,0
2021-12,Mandarin Duck,0,0,0
2021-12,Manx Shearwater,0,0,0
2021-12,Marmora's Warbler,0,0,0
2021-12,Marsh Tit,0,0,0
2021-12,Mediterranean Flycatcher,0,0,0
2021-12,Mediterranean Gull,0,0,0
2021-12,Mew Gull,0,0,0
2021-12,Middle Spotted Woodpecker,0,0,0
2021-12,Mistle Thrush,2,1.1926325883482656,0.9625477061614027
2021-12,Northern Fulmar,0,0,0
2021-12,Northern Gannet,0,0,0
2021-12,Northern Goshawk,0,0,0
2021-12,Northern Lapwing,0,0,0
2021-12,Ortolan Bunting,0,0,0
2021-12,Osprey,0,0,0
2021-12,Parrot Crossbill,0,0,0
2021-12,Peregrine Falcon,0,0,0
2021-12,Pied Avocet,0,0,0
2021-12,Pin-tailed Sandgrouse,0,0,0
2021-12,Pin-tailed Whydah,0,0,0
2021-12,Pink-footed Goose,0,0,0
2021-12,Razorbill,0,0,0
2021-12,Red Crossbill,0,0,0
2021-12,Red Kite,3,1.5390771658989992,0.9238111081316911
2021-12,Red-billed Chough,7,0.010021324815848857,0.00998387262262479
2021-12,Red-breasted Flycatcher,0,0,0
2021-12,Red-flanked Bluetail,0,0,0
2021-12,Red-legged Partridge,0,0,0
2021-12,Red-throated Loon,0,0,0
2021-12,Redwing,1,0.610269416419129,0.610269416419129
2021-12,Ring Ouzel,0,0,0
2021-12,Ring-necked Pheasant,0,0,0
2021-12,River Warbler,0,0,0
2021-12,Rock Bunting,0,0,0
2021-12,Rock Partridge,0,0,0
2021-12,Rock Pigeon,0,0,0
2021-12,Rock Sparrow,0,0,0
2021-12,Rook,15,12.119703074977073,0.9999999999999714
2021-12,Rose-ringed Parakeet,122,119.11191627571657,1
2021-12,Rough-legged Hawk,0,0,0
2021-12,Ruddy Shelduck,0,0,0
2021-12,Ruff,0,0,0
2021-12,Sardinian Warbler,0,0,0
2021-12,Savi's Warbler,0,0,0
2021-12,Sedge Warbler,0,0,0
2021-12,Short-toed Treecreeper,0,0,0
2021-12,Siberian Accentor,0,0,0
2021-12,Small Buttonquail,0,0,0
2021-12,Song Thrush,0,0,0
2021-12,Spectacled Warbler,0,0,0
2021-12,Spotted Crake,0,0,0
2021-12,Spotted Flycatcher,0,0,0
2021-12,Stock Dove,0,0,0
2021-12,Subalpine Warbler,0,0,0
2021-12,Tawny Owl,5,3.9081890233839136,0.9999999700292371
2021-12,Tawny Pipit,0,0,0
2021-12,Twite,0,0,0
2021-12,Ural Owl,1,0.008121619043482547,0.00812161904348252
2021-12,Water Pipit,0,0,0
2021-12,Water Rail,0,0,0
2021-12,Western Bonelli's Warbler,0,0,0
2021-12,Western Capercaillie,12,0.36495510456939545,0.3228180363275075
2021-12,Western Orphean Warbler,0,0,0
2021-12,Western Yellow Wagtail,0,0,0
2021-12,Whinchat,0,0,0
2021-12,White Stork,0,0,0
2021-12,White Wagtail,0,0,0
2021-12,White-tailed Eagle,0,0,0
2021-12,White-winged Crossbill,0,0,0
2021-12,White-winged Snowfinch,0,0,0
2021-12,White-winged Tern,0,0,0
2021-12,Whooper Swan,1,0.8077447338287692,0.8077447338287692
2021-12,Willow Tit,0,0,0
2021-12,Willow Warbler,0,0,0
2021-12,Wood Lark,0,0,0
2021-12,Wood Sandpiper,0,0,0
2021-12,Wood Warbler,0,0,0
2021-12,Yellow-billed Chough,0,0,0
2021-12,Yellow-browed Warbler,0,0,0
2021-12,Yellow-headed Parrot,0,0,0
2021-12,Yellow-legged Gull,0,0,0
2021-12,Yellowhammer,0,0,0
2022-01,Aquatic Warbler,1,0.26528548223618087,0.26528548223618087
2022-01,Atlantic Puffin,8,1.7062796755496665,0.8760603905035392
2022-01,Barn Owl,0,0,0
2022-01,Barn Swallow,0,0,0
2022-01,Barnacle Goose,0,0,0
2022-01,Bearded Reedling,2,0.3503292111139208,0.32108354784884174
2022-01,Black Grouse,0,0,0
2022-01,Black Kite,0,0,0
2022-01,Black Redstart,3,1.408595200937816,0.8816825244481068
2022-01,Black Tern,0,0,0
2022-01,Black Woodpecker,1,0.006737925835966926,0.006737925835966885
2022-01,Black-bellied Plover,0,0,0
2022-01,Black-crowned Night-Heron,0,0,0
2022-01,Black-legged Kittiwake,0,0,0
2022-01,Black-tailed Godwit,0,0,0
2022-01,Bluethroat,0,0,0
2022-01,Bohemian Waxwing,1,0.09120442199416046,0.09120442199416046
2022-01,Boreal Owl,8,4.169585784573893,0.9985370978236828
2022-01,Canada Goose,1,0.5036842060622052,0.5036842060622052
2022-01,Carrion Crow,46,39.56486739195848,1
2022-01,Cetti's Warbler,0,0,0
2022-01,Cirl Bunting,0,0,0
2022-01,Coal Tit,1,0.8165721047895576,0.8165721047895576
2022-01,Collared Flycatcher,0,0,0
2022-01,Common Buzzard,4,3.0486610956495035,0.9998881895964823
2022-01,Common Chaffinch,0,0,0
2022-01,Common Chiffchaff,0,0,0
2022-01,Common Crane,1,0.1116512284720448,0.11165122847204478
2022-01,Common Cuckoo,2,0.3828136040290392,0.34866915179767455
2022-01,Common Firecrest,7,1.7381347481358262,0.877001691624492
2022-01,Common Grasshopper-Warbler,0,0,0
2022-01,Common Greenshank,1,0.6023387850199408,0.6023387850199408
2022-01,Common House-Martin,0,0,0
2022-01,Common Kingfisher,0,0,0
2022-01,Common Murre,3,0.11042149813387907,0.10644092061322097
2022-01,Common Nightingale,0,0,0
2022-01,Common Pochard,0,0,0
2022-01,Common Quail,1,0.22866376954657214,0.2286637695465722
2022-01,Common Raven,0,0,0
2022-01,Common Redshank,0,0,0
2022-01,Common Ringed Plover,0,0,0
2022-01,Common Rosefinch,0,0,0
2022-01,Common Sandpiper,10,3.5897988687088884,0.9994282748995588
2022-01,Common Scoter,0,0,0
2022-01,Common Snipe,0,0,0
2022-01,Common Swift,0,0,0
2022-01,Common Tern,0,0,0
2022-01,Common Waxbill,0,0,0
2022-01,Common Wood-Pigeon,0,0,0
2022-01,Corn Bunting,0,0,0
2022-01,Corsican Finch,0,0,0
2022-01,Corsican Nuthatch,0,0,0
2022-01,Crested Lark,0,0,0
2022-01,Crested Tit,1,0.025492564044263356,0.025492564044263366
2022-01,Dartford Warbler,0,0,0
2022-01,Dunnock,1,0.25755760076352646,0.2575576007635265
2022-01,Egyptian Goose,0,0,0
2022-01,Eurasian Blackbird,0,0,0
2022-01,Eurasian Blackcap,0,0,0
2022-01,Eurasian Blue Tit,149,131.1259069661064,1
2022-01,Eurasian Bullfinch,0,0,0
2022-01,Eurasian Collared-Dove,0,0,0
2022-01,Eurasian Coot,0,0,0
2022-01,Eurasian Crag-Martin,0,0,0
2022-01,Eurasian Curlew,1,0.1784696420854735,0.17846964208547356
2022-01,Eurasian Dotterel,0,0,0
2022-01,Eurasian Eagle-Owl,15,1.6058175073245824,0.8298390441512608
2022-01,Eurasian Golden Oriole,0,0,0
2022-01,Eurasian Green Woodpecker,31,28.916243984945684,1
2022-01,Eurasian Hobby,2,0.16989230005297828,0.1627456134804557
2022-01,Eurasian Hoopoe,0,0,0
2022-01,Eurasian Jackdaw,186,174.34670579972004,1
2022-01,Eurasian Jay,5,3.017404247699862,0.9985644167917168
2022-01,Eurasian Kestrel,0,0,0
2022-01,Eurasian Linnet,0,0,0
2022-01,Eurasian Magpie,4,1.3801405667640747,0.8674819299256742
2022-01,Eurasian Moorhen,0,0,0
2022-01,Eurasian Nightjar,0,0,0
2022-01,Eurasian Nutcracker,0,0,0
2022-01,Eurasian Nuthatch,0,0,0
2022-01,Eurasian Oystercatcher,0,0,0
2022-01,Eurasian Penduline-Tit,0,0,0
2022-01,Eurasian Pygmy-Owl,1,0.04921746809816484,0.04921746809816485
2022-01,Eurasian Reed Warbler,0,0,0
2022-01,Eurasian Scops-Owl,0,0,0
2022-01,Eurasian Siskin,0,0,0
2022-01,Eurasian Thick-knee,0,0,0
2022-01,Eurasian Three-toed Woodpecker,6,0.10419969149337271,0.10036753235314444
2022-01,Eurasian Treecreeper,0,0,0
2022-01,Eurasian Wigeon,0,0,0
2022-01,Eurasian Woodcock,0,0,0
2022-01,Eurasian Wren,10,8.548586067380066,0.9999999998657498
2022-01,Eurasian Wryneck,17,4.378054235370349,0.9958059738712737
2022-01,European Bee-eater,0,0,0
2022-01,European Golden-Plover,0,0,0
2022-01,European Goldfinch,2,1.5135565143007113,0.9494614136803246
2022-01,European Greenfinch,4,0.5734120821682025,0.47390370765211287
2022-01,European Honey-buzzard,0,0,0
2022-01,European Pied Flycatcher,0,0,0
2022-01,European Robin,34,27.91689283673651,1
2022-01,European Roller,0,0,0
2022-01,European Serin,0,0,0
2022-01,European Starling,0,0,0
2022-01,European Stonechat,0,0,0
2022-01,European Storm-Petrel,1,0.408436880283421,0.40843688028342107
2022-01,European Turtle-Dove,0,0,0
2022-01,Fieldfare,0,0,0
2022-01,Garden Warbler,0,0,0
2022-01,Goldcrest,2,0.9272083445342036,0.7194744877125822
2022-01,Golden Eagle,0,0,0
2022-01,Gray Heron,0,0,0
2022-01,Gray Partridge,2,0.4492048753361144,0.40166694101206035
2022-01,Gray Wagtail,5,1.422774281007001,0.8227276349648414
2022-01,Gray-headed Woodpecker,0,0,0
2022-01,Graylag Goose,0,0,0
2022-01,Great Bittern,7,0.1389768321680839,0.13261426685442512
2022-01,Great Black-backed Gull,0,0,0
2022-01,Great Crested Grebe,1,0.3762509503262443,0.3762509503262442
2022-01,Great Reed Warbler,0,0,0
2022-01,Great Skua,0,0,0
2022-01,Great Spotted Woodpecker,6,5.1243950139329,0.9999995477429932
2022-01,Great Tit,25,21.125918942107077,1
2022-01,Greater Short-toed Lark,0,0,0
2022-01,Greater White-fronted Goose,0,0,0
2022-01,Greater Whitethroat,0,0,0
2022-01,Green Sandpiper,0,0,0
2022-01,Green-winged Teal,0,0,0
2022-01,Hawfinch,1,0.3126594166020646,0.31265941660206453
2022-01,Hazel Grouse,0,0,0
2022-01,Herring Gull,1,0.8538978309214861,0.8538978309214861
2022-01,Hooded Crow,21,12.782648688669596,0.9999999998167087
2022-01,Horned Lark,0,0,0
2022-01,Iberian Chiffchaff,1,0.0416725346287073,0.04167253462870735
2022-01,Iberian Green Woodpecker,0,0,0
2022-01,Lady Amherst's Pheasant,0,0,0
2022-01,Lesser Black-backed Gull,0,0,0
2022-01,Lesser Kestrel,0,0,0
2022-01,Lesser Spotted Woodpecker,1,0.09413251046842598,0.09413251046842597
2022-01,Lesser Whitethroat,0,0,0
2022-01,Little Bittern,0,0,0
2022-01,Little Crake,0,0,0
2022-01,Little Grebe,0,0,0
2022-01,Little Owl,7,5.717629323846098,0.999996674184749
2022-01,Little Ringed Plover,0,0,0
2022-01,Long-eared Owl,6,0.2952355864605294,0.2633457802442424
2022-01,Long-tailed Tit,23,19.345150363224196,1
2022-01,Mallard,0,0,0
2022-01,Mandarin Duck,0,0,0
2022-01,Manx Shearwater,3,0.08793408435319414,0.08538422678902313
2022-01,Marmora's Warbler,0,0,0
2022-01,Marsh Tit,0,0,0
2022-01,Mediterranean Flycatcher,0,0,0
2022-01,Mediterranean Gull,0,0,0
2022-01,Mew Gull,0,0,0
2022-01,Middle Spotted Woodpecker,0,0,0
2022-01,Mistle Thrush,2,0.24467584991669425,0.22972681474092704
2022-01,Northern Fulmar,0,0,0
2022-01,Northern Gannet,0,0,0
2022-01,Northern Goshawk,0,0,0
2022-01,Northern Lapwing,1,0.08049352380433594,0.08049352380433594
2022-01,Ortolan Bunting,1,0.5174627460151152,0.5174627460151152
2022-01,Osprey,1,0.049965506593971185,0.04996550659397114
2022-01,Parrot Crossbill,0,0,0
2022-01,Peregrine Falcon,0,0,0
2022-01,Pied Avocet,0,0,0
2022-01,Pin-tailed Sandgrouse,0,0,0
2022-01,Pin-tailed Whydah,0,0,0
2022-01,Pink-footed Goose,0,0,0
2022-01,Razorbill,0,0,0
2022-01,Red Crossbill,0,0,0
2022-01,Red Kite,0,0,0
2022-01,Red-billed Chough,5,0.015345958746921861,0.015263277248642182
2022-01,Red-breasted Flycatcher,0,0,0
2022-01,Red-flanked Bluetail,0,0,0
2022-01,Red-legged Partridge,0,0,0
2022-01,Red-throated Loon,0,0,0
2022-01,Redwing,4,2.796221704905769,0.9977194557279998
2022-01,Ring Ouzel,0,0,0
2022-01,Ring-necked Pheasant,5,4.626552246859868,0.9999999963003492
2022-01,River Warbler,0,0,0
2022-01,Rock Bunting,0,0,0
2022-01,Rock Partridge,0,0,0
2022-01,Rock Pigeon,0,0,0
2022-01,Rock Sparrow,1,0.0855071752773993,0.08550717527739926
2022-01,Rook,45,37.01296056832416,1
2022-01,Rose-ringed Parakeet,482,471.03032821012005,1
2022-01,Rough-legged Hawk,0,0,0
2022-01,Ruddy Shelduck,0,0,0
2022-01,Ruff,0,0,0
2022-01,Sardinian Warbler,0,0,0
2022-01,Savi's Warbler,0,0,0
2022-01,Sedge Warbler,0,0,0
2022-01,Short-toed Treecreeper,1,0.5872559110607704,0.5872559110607704
2022-01,Siberian Accentor,0,0,0
2022-01,Small Buttonquail,0,0,0
2022-01,Song Thrush,0,0,0
2022-01,Spectacled Warbler,0,0,0
2022-01,Spotted Crake,0,0,0
2022-01,Spotted Flycatcher,0,0,0
2022-01,Stock Dove,1,0.40898486185765276,0.4089848618576527
2022-01,Subalpine Warbler,0,0,0
2022-01,Tawny Owl,43,31.133908493662318,1
2022-01,Tawny Pipit,0,0,0
2022-01,Twite,0,0,0
2022-01,Ural Owl,2,0.01879274741611617,0.01870548284220941
2022-01,Water Pipit,0,0,0
2022-01,Water Rail,0,0,0
2022-01,Western Bonelli's Warbler,0,0,0
2022-01,Western Capercaillie,0,0,0
2022-01,Western Orphean Warbler,0,0,0
2022-01,Western Yellow Wagtail,0,0,0
2022-01,Whinchat,0,0,0
2022-01,White Stork,0,0,0
2022-01,White Wagtail,0,0,0
2022-01,White-tailed Eagle,0,0,0
2022-01,White-winged Crossbill,0,0,0
2022-01,White-winged Snowfinch,0,0,0
2022-01,White-winged Tern,0,0,0
2022-01,Whooper Swan,2,1.2896009247559481,0.9206305393525177
2022-01,Willow Tit,0,0,0
2022-01,Willow Warbler,0,0,0
2022-01,Wood Lark,26,17.564120540367398,1
2022-01,Wood Sandpiper,0,0,0
2022-01,Wood Warbler,0,0,0
2022-01,Yellow-billed Chough,0,0,0
2022-01,Yellow-browed Warbler,0,0,0
2022-01,Yellow-headed Parrot,0,0,0
2022-01,Yellow-legged Gull,1,0.06424076577107786,0.06424076577107785
2022-01,Yellowhammer,0,0,0
2022-02,Aquatic Warbler,0,0,0
2022-02,Atlantic Puffin,2,0.2966334936407896,0.2797866062851756
2022-02,Barn Owl,0,0,0
2022-02,Barn Swallow,0,0,0
2022-02,Barnacle Goose,0,0,0
2022-02,Bearded Reedling,0,0,0
2022-02,Black Grouse,0,0,0
2022-02,Black Kite,0,0,0
2022-02,Black Redstart,0,0,0
2022-02,Black Tern,0,0,0
2022-02,Black Woodpecker,4,0.08667168112036597,0.08404906056033656
2022-02,Black-bellied Plover,0,0,0
2022-02,Black-crowned Night-Heron,0,0,0
2022-02,Black-legged Kittiwake,0,0,0
2022-02,Black-tailed Godwit,0,0,0
2022-02,Bluethroat,0,0,0
2022-02,Bohemian Waxwing,0,0,0
2022-02,Boreal Owl,2,0.4572617388718112,0.41123699308134865
2022-02,Canada Goose,2,1.1296038658575134,0.8209605071203169
2022-02,Carrion Crow,12,9.849080334873728,0.9999999992023424
2022-02,Cetti's Warbler,0,0,0
2022-02,Cirl Bunting,1,0.07104285223459511,0.07104285223459517
2022-02,Coal Tit,8,6.642284360559383,0.9999997344593785
2022-02,Collared Flycatcher,0,0,0
2022-02,Common Buzzard,9,4.633844376429568,0.9995898524060459
2022-02,Common Chaffinch,0,0,0
2022-02,Common Chiffchaff,0,0,0
2022-02,Common Crane,0,0,0
2022-02,Common Cuckoo,0,0,0
2022-02,Common Firecrest,6,0.9384484588885582,0.6418037162118282
2022-02,Common Grasshopper-Warbler,0,0,0
2022-02,Common Greenshank,0,0,0
2022-02,Common House-Martin,0,0,0
2022-02,Common Kingfisher,0,0,0
2022-02,Common Murre,0,0,0
2022-02,Common Nightingale,0,0,0
2022-02,Common Pochard,0,0,0
2022-02,Common Quail,0,0,0
2022-02,Common Raven,0,0,0
2022-02,Common Redshank,0,0,0
2022-02,Common Ringed Plover,0,0,0
2022-02,Common Rosefinch,0,0,0
2022-02,Common Sandpiper,6,1.180700142980167,0.7354044763985994
2022-02,Common Scoter,0,0,0
2022-02,Common Snipe,0,0,0
2022-02,Common Swift,0,0,0
2022-02,Common Tern,0,0,0
2022-02,Common Waxbill,0,0,0
2022-02,Common Wood-Pigeon,0,0,0
2022-02,Corn Bunting,0,0,0
2022-02,Corsican Finch,0,0,0
2022-02,Corsican Nuthatch,0,0,0
2022-02,Crested Lark,0,0,0
2022-02,Crested Tit,0,0,0
2022-02,Dartford Warbler,0,0,0
2022-02,Dunnock,0,0,0
2022-02,Egyptian Goose,0,0,0
2022-02,Eurasian Blackbird,0,0,0
2022-02,Eurasian Blackcap,0,0,0
2022-02,Eurasian Blue Tit,154,136.8305094294303,1
2022-02,Eurasian Bullfinch,39,35.391771716649984,1
2022-02,Eurasian Collared-Dove,0,0,0
2022-02,Eurasian Coot,0,0,0
2022-02,Eurasian Crag-Martin,0,0,0
2022-02,Eurasian Curlew,1,0.5516606145613582,0.5516606145613582
2022-02,Eurasian Dotterel,2,0.12585500309420272,0.12211569774330089
2022-02,Eurasian Eagle-Owl,10,1.0855772128680157,0.7590251800427444
2022-02,Eurasian Golden Oriole,2,1.4217362337215933,0.9452406405504525
2022-02,Eurasian Green Woodpecker,33,31.570432734717805,1
2022-02,Eurasian Hobby,0,0,0
2022-02,Eurasian Hoopoe,0,0,0
2022-02,Eurasian Jackdaw,130,118.55578447976191,1
2022-02,Eurasian Jay,3,1.5307533246258558,0.976708415219419
2022-02,Eurasian Kestrel,2,0.9354407099885867,0.8525785393196796
2022-02,Eurasian Linnet,0,0,0
2022-02,Eurasian Magpie,3,0.5643345141360476,0.46978965360575375
2022-02,Eurasian Moorhen,0,0,0
2022-02,Eurasian Nightjar,0,0,0
2022-02,Eurasian Nutcracker,0,0,0
2022-02,Eurasian Nuthatch,27,14.267267663234051,0.9999999999351761
2022-02,Eurasian Oystercatcher,1,0.1169864356241422,0.11698643562414224
2022-02,Eurasian Penduline-Tit,2,0.05975012386800068,0.058861516028648864
2022-02,Eurasian Pygmy-Owl,0,0,0
2022-02,Eurasian Reed Warbler,0,0,0
2022-02,Eurasian Scops-Owl,0,0,0
2022-02,Eurasian Siskin,0,0,0
2022-02,Eurasian Thick-knee,0,0,0
2022-02,Eurasian Three-toed Woodpecker,2,0.026306718822817987,0.0262304242557585
2022-02,Eurasian Treecreeper,2,0.19079489480553696,0.1853318769606136
2022-02,Eurasian Wigeon,0,0,0
2022-02,Eurasian Woodcock,0,0,0
2022-02,Eurasian Wren,6,4.764340494160677,0.9999694721574004
2022-02,Eurasian Wryneck,4,0.8671842002960818,0.6317428684242066
2022-02,European Bee-eater,0,0,0
2022-02,European Golden-Plover,0,0,0
2022-02,European Goldfinch,1,0.8720129947467409,0.8720129947467409
2022-02,European Greenfinch,1,0.15074774400179927,0.15074774400179924
2022-02,European Honey-buzzard,0,0,0
2022-02,European Pied Flycatcher,0,0,0
2022-02,European Robin,20,16.973120581303714,1
2022-02,European Roller,0,0,0
2022-02,European Serin,0,0,0
2022-02,European Starling,0,0,0
2022-02,European Stonechat,0,0,0
2022-02,European Storm-Petrel,0,0,0
2022-02,European Turtle-Dove,0,0,0
2022-02,Fieldfare,0,0,0
2022-02,Garden Warbler,0,0,0
2022-02,Goldcrest,1,0.4906612886040779,0.490661288604078
2022-02,Golden Eagle,0,0,0
2022-02,Gray Heron,0,0,0
2022-02,Gray Partridge,0,0,0
2022-02,Gray Wagtail,5,2.4205580526792176,0.9890490940786199
2022-02,Gray-headed Woodpecker,1,0.055014059557848445,0.05501405955784844
2022-02,Graylag Goose,0,0,0
2022-02,Great Bittern,12,0.24579791542561188,0.22185964895313925
2022-02,Great Black-backed Gull,0,0,0
2022-02,Great Crested Grebe,0,0,0
2022-02,Great Reed Warbler,0,0,0
2022-02,Great Skua,0,0,0
2022-02,Great Spotted Woodpecker,6,4.465656937933258,0.999856875120332
2022-02,Great Tit,63,51.698782981896436,1
2022-02,Greater Short-toed Lark,0,0,0
2022-02,Greater White-fronted Goose,0,0,0
2022-02,Greater Whitethroat,0,0,0
2022-02,Green Sandpiper,0,0,0
2022-02,Green-winged Teal,1,0.054390980715867177,0.05439098071586712
2022-02,Hawfinch,0,0,0
2022-02,Hazel Grouse,0,0,0
2022-02,Herring Gull,1,0.8217468023771842,0.8217468023771842
2022-02,Hooded Crow,4,2.017418017462522,0.9584499176848413
2022-02,Horned Lark,0,0,0
2022-02,Iberian Chiffchaff,0,0,0
2022-02,Iberian Green Woodpecker,0,0,0
2022-02,Lady Amherst's Pheasant,0,0,0
2022-02,Lesser Black-backed Gull,0,0,0
2022-02,Lesser Kestrel,0,0,0
2022-02,Lesser Spotted Woodpecker,1,0.16996505500836603,0.169965055008366
2022-02,Lesser Whitethroat,0,0,0
2022-02,Little Bittern,0,0,0
2022-02,Little Crake,0,0,0
2022-02,Little Grebe,0,0,0
2022-02,Little Owl,3,2.6914694677786555,0.9991682609131172
2022-02,Little Ringed Plover,1,0.07381308589191192,0.07381308589191193
2022-02,Long-eared Owl,6,0.3032591233028263,0.2703373278200991
2022-02,Long-tailed Tit,4,2.924925258951177,0.9967893494644968
2022-02,Mallard,0,0,0
2022-02,Mandarin Duck,0,0,0
2022-02,Manx Shearwater,1,0.36424352851738634,0.3642435285173863
2022-02,Marmora's Warbler,0,0,0
2022-02,Marsh Tit,0,0,0
2022-02,Mediterranean Flycatcher,0,0,0
2022-02,Mediterranean Gull,0,0,0
2022-02,Mew Gull,0,0,0
2022-02,Middle Spotted Woodpecker,0,0,0
2022-02,Mistle Thrush,7,1.4594459805548867,0.8154886406379636
2022-02,Northern Fulmar,0,0,0
2022-02,Northern Gannet,0,0,0
2022-02,Northern Goshawk,1,0.5925919843832936,0.5925919843832936
2022-02,Northern Lapwing,2,0.3499602219586993,0.32709273451651766
2022-02,Ortolan Bunting,5,3.89443768911892,0.999737097643158
2022-02,Osprey,0,0,0
2022-02,Parrot Crossbill,0,0,0
2022-02,Peregrine Falcon,0,0,0
2022-02,Pied Avocet,3,1.019336770535739,0.7140022674422772
2022-02,Pin-tailed Sandgrouse,0,0,0
2022-02,Pin-tailed Whydah,0,0,0
2022-02,Pink-footed Goose,0,0,0
2022-02,Razorbill,0,0,0
2022-02,Red Crossbill,0,0,0
2022-02,Red Kite,0,0,0
2022-02,Red-billed Chough,8,0.018963445771380826,0.018845290963862227
2022-02,Red-breasted Flycatcher,0,0,0
2022-02,Red-flanked Bluetail,0,0,0
2022-02,Red-legged Partridge,0,0,0
2022-02,Red-throated Loon,0,0,0
2022-02,Redwing,2,1.4461980584359853,0.9355586854028954
2022-02,Ring Ouzel,2,0.13931712055832574,0.13446588017266292
2022-02,Ring-necked Pheasant,0,0,0
2022-02,River Warbler,0,0,0
2022-02,Rock Bunting,0,0,0
2022-02,Rock Partridge,0,0,0
2022-02,Rock Pigeon,0,0,0
2022-02,Rock Sparrow,0,0,0
2022-02,Rook,26,21.01660770853182,1
2022-02,Rose-ringed Parakeet,227,222.21328549402133,1
2022-02,Rough-legged Hawk,0,0,0
2022-02,Ruddy Shelduck,1,0.08347310644076117,0.08347310644076122
2022-02,Ruff,0,0,0
2022-02,Sardinian Warbler,0,0,0
2022-02,Savi's Warbler,0,0,0
2022-02,Sedge Warbler,0,0,0
2022-02,Short-toed Treecreeper,6,2.3094755238661913,0.961910161141381
2022-02,Siberian Accentor,0,0,0
2022-02,Small Buttonquail,0,0,0
2022-02,Song Thrush,7,3.0853625347444162,0.9966341563555766
2022-02,Spectacled Warbler,0,0,0
2022-02,Spotted Crake,0,0,0
2022-02,Spotted Flycatcher,0,0,0
2022-02,Stock Dove,0,0,0
2022-02,Subalpine Warbler,0,0,0
2022-02,Tawny Owl,20,13.269486295977874,0.999999999999921
2022-02,Tawny Pipit,0,0,0
2022-02,Twite,1,0.07809689666175985,0.0780968966617599
2022-02,Ural Owl,0,0,0
2022-02,Water Pipit,0,0,0
2022-02,Water Rail,0,0,0
2022-02,Western Bonelli's Warbler,0,0,0
2022-02,Western Capercaillie,0,0,0
2022-02,Western Orphean Warbler,0,0,0
2022-02,Western Yellow Wagtail,0,0,0
2022-02,Whinchat,0,0,0
2022-02,White Stork,0,0,0
2022-02,White Wagtail,0,0,0
2022-02,White-tailed Eagle,0,0,0
2022-02,White-winged Crossbill,0,0,0
2022-02,White-winged Snowfinch,0,0,0
2022-02,White-winged Tern,0,0,0
2022-02,Whooper Swan,0,0,0
2022-02,Willow Tit,5,2.8034254580037636,0.9988598311324092
2022-02,Willow Warbler,0,0,0
2022-02,Wood Lark,29,16.465176027132426,0.9999999999958896
2022-02,Wood Sandpiper,0,0,0
2022-02,Wood Warbler,0,0,0
2022-02,Yellow-billed Chough,0,0,0
2022-02,Yellow-browed Warbler,13,8.545414222324029,0.9999999217373111
2022-02,Yellow-headed Parrot,0,0,0
2022-02,Yellow-legged Gull,0,0,0
2022-02,Yellowhammer,1,0.07851427937830346,0.07851427937830346
2022-08,Aquatic Warbler,0,0,0
2022-08,Atlantic Puffin,2,0.17057422170127018,0.16438375324763443
2022-08,Barn Owl,1,0.8098900497726946,0.8098900497726946
2022-08,Barn Swallow,0,0,0
2022-08,Barnacle Goose,0,0,0
2022-08,Bearded Reedling,0,0,0
2022-08,Black Grouse,0,0,0
2022-08,Black Kite,0,0,0
2022-08,Black Redstart,0,0,0
2022-08,Black Tern,0,0,0
2022-08,Black Woodpecker,0,0,0
2022-08,Black-bellied Plover,0,0,0
2022-08,Black-crowned Night-Heron,0,0,0
2022-08,Black-legged Kittiwake,0,0,0
2022-08,Black-tailed Godwit,0,0,0
2022-08,Bluethroat,0,0,0
2022-08,Bohemian Waxwing,0,0,0
2022-08,Boreal Owl,0,0,0
2022-08,Canada Goose,1,0.07139747742921784,0.07139747742921787
2022-08,Carrion Crow,0,0,0
2022-08,Cetti's Warbler,0,0,0
2022-08,Cirl Bunting,0,0,0
2022-08,Coal Tit,0,0,0
2022-08,Collared Flycatcher,0,0,0
2022-08,Common Buzzard,1,0.9333804763751306,0.9333804763751306
2022-08,Common Chaffinch,0,0,0
2022-08,Common Chiffchaff,0,0,0
2022-08,Common Crane,0,0,0
2022-08,Common Cuckoo,0,0,0
2022-08,Common Firecrest,2,0.35779673283837465,0.3260739863225284
2022-08,Common Grasshopper-Warbler,0,0,0
2022-08,Common Greenshank,0,0,0
2022-08,Common House-Martin,0,0,0
2022-08,Common Kingfisher,0,0,0
2022-08,Common Murre,0,0,0
2022-08,Common Nightingale,0,0,0
2022-08,Common Pochard,0,0,0
2022-08,Common Quail,0,0,0
2022-08,Common Raven,2,1.304856413750385,0.9031796526860771
2022-08,Common Redshank,0,0,0
2022-08,Common Ringed Plover,0,0,0
2022-08,Common Rosefinch,0,0,0
2022-08,Common Sandpiper,0,0,0
2022-08,Common Scoter,0,0,0
2022-08,Common Snipe,0,0,0
2022-08,Common Swift,0,0,0
2022-08,Common Tern,0,0,0
2022-08,Common Waxbill,0,0,0
2022-08,Common Wood-Pigeon,2,0.9920167345762837,0.7547930683748263
2022-08,Corn Bunting,0,0,0
2022-08,Corsican Finch,0,0,0
2022-08,Corsican Nuthatch,0,0,0
2022-08,Crested Lark,0,0,0
2022-08,Crested Tit,1,0.0430393795473721,0.043039379547372136
2022-08,Dartford Warbler,0,0,0
2022-08,Dunnock,0,0,0
2022-08,Egyptian Goose,3,0.36570605836555237,0.3252528679387692
2022-08,Eurasian Blackbird,0,0,0
2022-08,Eurasian Blackcap,0,0,0
2022-08,Eurasian Blue Tit,9,8.329709025524899,0.9999999999999898
2022-08,Eurasian Bullfinch,2,1.652809121500572,0.9777885104294021
2022-08,Eurasian Collared-Dove,0,0,0
2022-08,Eurasian Coot,0,0,0
2022-08,Eurasian Crag-Martin,0,0,0
2022-08,Eurasian Curlew,0,0,0
2022-08,Eurasian Dotterel,0,0,0
2022-08,Eurasian Eagle-Owl,1,0.02672886715723343,0.026728867157233438
2022-08,Eurasian Golden Oriole,0,0,0
2022-08,Eurasian Green Woodpecker,17,16.42728815746371,1
2022-08,Eurasian Hobby,1,0.07674392915728487,0.0767439291572849
2022-08,Eurasian Hoopoe,3,0.5599995481610459,0.47291836369312923
2022-08,Eurasian Jackdaw,53,50.51067477179749,1
2022-08,Eurasian Jay,15,8.799133796667322,0.9999999967445586
2022-08,Eurasian Kestrel,0,0,0
2022-08,Eurasian Linnet,0,0,0
2022-08,Eurasian Magpie,6,3.4130031552347733,0.9999809621568314
2022-08,Eurasian Moorhen,1,0.7461501712228009,0.7461501712228009
2022-08,Eurasian Nightjar,0,0,0
2022-08,Eurasian Nutcracker,0,0,0
2022-08,Eurasian Nuthatch,0,0,0
2022-08,Eurasian Oystercatcher,0,0,0
2022-08,Eurasian Penduline-Tit,0,0,0
2022-08,Eurasian Pygmy-Owl,1,0.07368713594846076,0.07368713594846077
2022-08,Eurasian Reed Warbler,0,0,0
2022-08,Eurasian Scops-Owl,0,0,0
2022-08,Eurasian Siskin,0,0,0
2022-08,Eurasian Thick-knee,0,0,0
2022-08,Eurasian Three-toed Woodpecker,0,0,0
2022-08,Eurasian Treecreeper,2,0.1578339303445147,0.1519222511796332
2022-08,Eurasian Wigeon,0,0,0
2022-08,Eurasian Woodcock,0,0,0
2022-08,Eurasian Wren,0,0,0
2022-08,Eurasian Wryneck,4,1.2540893173705792,0.7868998869972131
2022-08,European Bee-eater,0,0,0
2022-08,European Golden-Plover,0,0,0
2022-08,European Goldfinch,0,0,0
2022-08,European Greenfinch,0,0,0
2022-08,European Honey-buzzard,0,0,0
2022-08,European Pied Flycatcher,0,0,0
2022-08,European Robin,37,32.11766459571374,1
2022-08,European Roller,0,0,0
2022-08,European Serin,0,0,0
2022-08,European Starling,0,0,0
2022-08,European Stonechat,0,0,0
2022-08,European Storm-Petrel,0,0,0
2022-08,European Turtle-Dove,0,0,0
2022-08,Fieldfare,0,0,0
2022-08,Garden Warbler,0,0,0
2022-08,Goldcrest,0,0,0
2022-08,Golden Eagle,0,0,0
2022-08,Gray Heron,1,0.016274672224582395,0.016274672224582343
2022-08,Gray Partridge,1,0.22867986192878445,0.22867986192878442
2022-08,Gray Wagtail,0,0,0
2022-08,Gray-headed Woodpecker,1,0.0685802663954052,0.06858026639540515
2022-08,Graylag Goose,6,4.7550706930185545,0.9999844042025362
2022-08,Great Bittern,8,0.10742316605626712,0.10331461889880467
2022-08,Great Black-backed Gull,0,0,0
2022-08,Great Crested Grebe,0,0,0
2022-08,Great Reed Warbler,0,0,0
2022-08,Great Skua,1,0.050412627897604145,0.050412627897604145
2022-08,Great Spotted Woodpecker,8,6.25964622860916,0.9999991116755227
2022-08,Great Tit,1,0.9321607767934296,0.9321607767934296
2022-08,Greater Short-toed Lark,0,0,0
2022-08,Greater White-fronted Goose,0,0,0
2022-08,Greater Whitethroat,0,0,0
2022-08,Green Sandpiper,0,0,0
2022-08,Green-winged Teal,0,0,0
2022-08,Hawfinch,11,6.445340672287171,0.9999999131196398
2022-08,Hazel Grouse,0,0,0
2022-08,Herring Gull,0,0,0
2022-08,Hooded Crow,0,0,0
2022-08,Horned Lark,0,0,0
2022-08,Iberian Chiffchaff,0,0,0
2022-08,Iberian Green Woodpecker,0,0,0
2022-08,Lady Amherst's Pheasant,0,0,0
2022-08,Lesser Black-backed Gull,0,0,0
2022-08,Lesser Kestrel,0,0,0
2022-08,Lesser Spotted Woodpecker,0,0,0
2022-08,Lesser Whitethroat,0,0,0
2022-08,Little Bittern,0,0,0
2022-08,Little Crake,0,0,0
2022-08,Little Grebe,0,0,0
2022-08,Little Owl,4,2.8308804716204947,0.9934316388058094
2022-08,Little Ringed Plover,0,0,0
2022-08,Long-eared Owl,0,0,0
2022-08,Long-tailed Tit,6,4.89461270955852,0.9999999227169579
2022-08,Mallard,0,0,0
2022-08,Mandarin Duck,0,0,0
2022-08,Manx Shearwater,1,0.021722221822101477,0.021722221822101484
2022-08,Marmora's Warbler,0,0,0
2022-08,Marsh Tit,0,0,0
2022-08,Mediterranean Flycatcher,0,0,0
2022-08,Mediterranean Gull,0,0,0
2022-08,Mew Gull,0,0,0
2022-08,Middle Spotted Woodpecker,0,0,0
2022-08,Mistle Thrush,0,0,0
2022-08,Northern Fulmar,0,0,0
2022-08,Northern Gannet,0,0,0
2022-08,Northern Goshawk,0,0,0
2022-08,Northern Lapwing,0,0,0
2022-08,Ortolan Bunting,0,0,0
2022-08,Osprey,0,0,0
2022-08,Parrot Crossbill,0,0,0
2022-08,Peregrine Falcon,0,0,0
2022-08,Pied Avocet,0,0,0
2022-08,Pin-tailed Sandgrouse,0,0,0
2022-08,Pin-tailed Whydah,0,0,0
2022-08,Pink-footed Goose,1,0.41072826319226424,0.4107282631922643
2022-08,Razorbill,0,0,0
2022-08,Red Crossbill,0,0,0
2022-08,Red Kite,0,0,0
2022-08,Red-billed Chough,8,0.16751199322123245,0.1655409810644306
2022-08,Red-breasted Flycatcher,0,0,0
2022-08,Red-flanked Bluetail,0,0,0
2022-08,Red-legged Partridge,0,0,0
2022-08,Red-throated Loon,0,0,0
2022-08,Redwing,0,0,0
2022-08,Ring Ouzel,0,0,0
2022-08,Ring-necked Pheasant,19,17.254690739263022,1
2022-08,River Warbler,0,0,0
2022-08,Rock Bunting,0,0,0
2022-08,Rock Partridge,0,0,0
2022-08,Rock Pigeon,0,0,0
2022-08,Rock Sparrow,0,0,0
2022-08,Rook,4,3.193011651696602,0.9986860685987833
2022-08,Rose-ringed Parakeet,37,36.18028523103844,1
2022-08,Rough-legged Hawk,0,0,0
2022-08,Ruddy Shelduck,0,0,0
2022-08,Ruff,0,0,0
2022-08,Sardinian Warbler,0,0,0
2022-08,Savi's Warbler,0,0,0
2022-08,Sedge Warbler,0,0,0
2022-08,Short-toed Treecreeper,0,0,0
2022-08,Siberian Accentor,0,0,0
2022-08,Small Buttonquail,0,0,0
2022-08,Song Thrush,0,0,0
2022-08,Spectacled Warbler,0,0,0
2022-08,Spotted Crake,0,0,0
2022-08,Spotted Flycatcher,0,0,0
2022-08,Stock Dove,0,0,0
2022-08,Subalpine Warbler,0,0,0
2022-08,Tawny Owl,3,1.8587523495371379,0.9920505564205014
2022-08,Tawny Pipit,0,0,0
2022-08,Twite,0,0,0
2022-08,Ural Owl,0,0,0
2022-08,Water Pipit,0,0,0
2022-08,Water Rail,0,0,0
2022-08,Western Bonelli's Warbler,0,0,0
2022-08,Western Capercaillie,2,0.03969059010935794,0.03936746053225337
2022-08,Western Orphean Warbler,0,0,0
2022-08,Western Yellow Wagtail,0,0,0
2022-08,Whinchat,0,0,0
2022-08,White Stork,0,0,0
2022-08,White Wagtail,0,0,0
2022-08,White-tailed Eagle,0,0,0
2022-08,White-winged Crossbill,0,0,0
2022-08,White-winged Snowfinch,0,0,0
2022-08,White-winged Tern,0,0,0
2022-08,Whooper Swan,1,0.37109563695361064,0.3710956369536106
2022-08,Willow Tit,0,0,0
2022-08,Willow Warbler,0,0,0
2022-08,Wood Lark,0,0,0
2022-08,Wood Sandpiper,0,0,0
2022-08,Wood Warbler,0,0,0
2022-08,Yellow-billed Chough,0,0,0
2022-08,Yellow-browed Warbler,0,0,0
2022-08,Yellow-headed Parrot,0,0,0
2022-08,Yellow-legged Gull,0,0,0
2022-08,Yellowhammer,0,0,0
2022-09,Aquatic Warbler,0,0,0
2022-09,Atlantic Puffin,8,1.8676563742734817,0.9009503909947372
2022-09,Barn Owl,0,0,0
2022-09,Barn Swallow,6,1.8798494735969136,0.9245382234830991
2022-09,Barnacle Goose,0,0,0
2022-09,Bearded Reedling,0,0,0
2022-09,Black Grouse,0,0,0
2022-09,Black Kite,0,0,0
2022-09,Black Redstart,5,1.85548743119497,0.9175327601836745
2022-09,Black Tern,0,0,0
2022-09,Black Woodpecker,3,0.05598534056717762,0.05502388008220582
2022-09,Black-bellied Plover,0,0,0
2022-09,Black-crowned Night-Heron,0,0,0
2022-09,Black-legged Kittiwake,0,0,0
2022-09,Black-tailed Godwit,0,0,0
2022-09,Bluethroat,0,0,0
2022-09,Bohemian Waxwing,1,0.09783912293271826,0.09783912293271824
2022-09,Boreal Owl,24,9.706095661558157,0.9999997859347268
2022-09,Canada Goose,0,0,0
2022-09,Carrion Crow,18,15.225408479192032,1
2022-09,Cetti's Warbler,1,0.7592660118289686,0.7592660118289686
2022-09,Cirl Bunting,3,0.6931922759836213,0.5579119887001516
2022-09,Coal Tit,9,7.85974885531264,0.9999999999634571
2022-09,Collared Flycatcher,1,0.7754562902295244,0.7754562902295244
2022-09,Common Buzzard,5,3.929746925000054,0.9999955610482696
2022-09,Common Chaffinch,0,0,0
2022-09,Common Chiffchaff,1,0.7828619190504081,0.7828619190504081
2022-09,Common Crane,0,0,0
2022-09,Common Cuckoo,0,0,0
2022-09,Common Firecrest,21,4.438184927888791,0.9959739322452641
2022-09,Common Grasshopper-Warbler,6,1.9351216127984856,0.9153904350148383
2022-09,Common Greenshank,0,0,0
2022-09,Common House-Martin,0,0,0
2022-09,Common Kingfisher,2,0.8924282006708781,0.7539106727796687
2022-09,Common Murre,0,0,0
2022-09,Common Nightingale,1,0.45273482148373595,0.452734821483736
2022-09,Common Pochard,0,0,0
2022-09,Common Quail,0,0,0
2022-09,Common Raven,1,0.3963974825276399,0.39639748252763995
2022-09,Common Redshank,0,0,0
2022-09,Common Ringed Plover,0,0,0
2022-09,Common Rosefinch,0,0,0
2022-09,Common Sandpiper,1,0.11727412337230801,0.11727412337230803
2022-09,Common Scoter,0,0,0
2022-09,Common Snipe,5,1.9212192559203123,0.9226136996385489
2022-09,Common Swift,0,0,0
2022-09,Common Tern,0,0,0
2022-09,Common Waxbill,2,0.10886359965038973,0.10591405010153832
2022-09,Common Wood-Pigeon,1,0.4206769195862077,0.4206769195862077
2022-09,Corn Bunting,0,0,0
2022-09,Corsican Finch,0,0,0
2022-09,Corsican Nuthatch,0,0,0
2022-09,Crested Lark,1,0.047374032251241434,0.04737403225124148
2022-09,Crested Tit,5,0.19945598058943514,0.18556206414203025
2022-09,Dartford Warbler,0,0,0
2022-09,Dunnock,46,26.762350396221876,1
2022-09,Egyptian Goose,0,0,0
2022-09,Eurasian Blackbird,0,0,0
2022-09,Eurasian Blackcap,0,0,0
2022-09,Eurasian Blue Tit,100,89.45743100345449,1
2022-09,Eurasian Bullfinch,0,0,0
2022-09,Eurasian Collared-Dove,0,0,0
2022-09,Eurasian Coot,1,0.2508505536907293,0.2508505536907293
2022-09,Eurasian Crag-Martin,0,0,0
2022-09,Eurasian Curlew,0,0,0
2022-09,Eurasian Dotterel,0,0,0
2022-09,Eurasian Eagle-Owl,22,3.072512640766227,0.9749949133381186
2022-09,Eurasian Golden Oriole,0,0,0
2022-09,Eurasian Green Woodpecker,138,133.43858019225445,1
2022-09,Eurasian Hobby,8,1.369670329152296,0.7921926656812899
2022-09,Eurasian Hoopoe,0,0,0
2022-09,Eurasian Jackdaw,978,927.6802568462043,1
2022-09,Eurasian Jay,65,41.91074804791428,1
2022-09,Eurasian Kestrel,0,0,0
2022-09,Eurasian Linnet,0,0,0
2022-09,Eurasian Magpie,48,15.970419227250794,1
2022-09,Eurasian Moorhen,3,2.3438959960378813,0.9898888851193695
2022-09,Eurasian Nightjar,0,0,0
2022-09,Eurasian Nutcracker,0,0,0
2022-09,Eurasian Nuthatch,1,0.6205660716198464,0.6205660716198464
2022-09,Eurasian Oystercatcher,1,0.015895227289599394,0.015895227289599356
2022-09,Eurasian Penduline-Tit,0,0,0
2022-09,Eurasian Pygmy-Owl,0,0,0
2022-09,Eurasian Reed Warbler,0,0,0
2022-09,Eurasian Scops-Owl,2,0.2599401388283393,0.2454942596913806
2022-09,Eurasian Siskin,2,1.1044196758252869,0.8612140404467442
2022-09,Eurasian Thick-knee,0,0,0
2022-09,Eurasian Three-toed Woodpecker,1,0.004485641698778678,0.004485641698778631
2022-09,Eurasian Treecreeper,12,2.9337965569824487,0.9948830703396175
2022-09,Eurasian Wigeon,0,0,0
2022-09,Eurasian Woodcock,0,0,0
2022-09,Eurasian Wren,45,38.125387691207195,1
2022-09,Eurasian Wryneck,158,65.35830471235037,1
2022-09,European Bee-eater,0,0,0
2022-09,European Golden-Plover,1,0.3018234170141488,0.3018234170141487
2022-09,European Goldfinch,8,5.577085616917679,0.9999896533981002
2022-09,European Greenfinch,14,2.729532939486099,0.9636027081204238
2022-09,European Honey-buzzard,0,0,0
2022-09,European Pied Flycatcher,3,1.1306720077528452,0.7613468736731824
2022-09,European Robin,704,611.1961753725947,1
2022-09,European Roller,0,0,0
2022-09,European Serin,9,0.7825463488918002,0.5938769281590028
2022-09,European Starling,0,0,0
2022-09,European Stonechat,0,0,0
2022-09,European Storm-Petrel,0,0,0
2022-09,European Turtle-Dove,0,0,0
2022-09,Fieldfare,1,0.1001538890283517,0.10015388902835165
2022-09,Garden Warbler,0,0,0
2022-09,Goldcrest,4,1.958380844596899,0.9418010786606833
2022-09,Golden Eagle,0,0,0
2022-09,Gray Heron,1,0.19074030075888265,0.1907403007588826
2022-09,Gray Partridge,2,0.5159938128397726,0.4519812397613434
2022-09,Gray Wagtail,10,3.47431104515902,0.990302763807735
2022-09,Gray-headed Woodpecker,4,0.041148974317461944,0.040601924584898974
2022-09,Graylag Goose,0,0,0
2022-09,Great Bittern,84,5.166705559623621,0.9985198597491554
2022-09,Great Black-backed Gull,1,0.20834276324061224,0.2083427632406123
2022-09,Great Crested Grebe,0,0,0
2022-09,Great Reed Warbler,0,0,0
2022-09,Great Skua,0,0,0
2022-09,Great Spotted Woodpecker,7,6.256817137139951,0.999999978933988
2022-09,Great Tit,20,16.289827014665676,1
2022-09,Greater Short-toed Lark,1,0.07012151031876457,0.07012151031876457
2022-09,Greater White-fronted Goose,0,0,0
2022-09,Greater Whitethroat,0,0,0
2022-09,Green Sandpiper,1,0.4193296673776204,0.41932966737762034
2022-09,Green-winged Teal,0,0,0
2022-09,Hawfinch,33,14.344740951481482,0.9999999994843505
2022-09,Hazel Grouse,2,0.09902641787181368,0.0972655681664254
2022-09,Herring Gull,0,0,0
2022-09,Hooded Crow,5,1.9093804486651564,0.9124980825185752
2022-09,Horned Lark,0,0,0
2022-09,Iberian Chiffchaff,4,0.10905205984359997,0.10469506078891555
2022-09,Iberian Green Woodpecker,0,0,0
2022-09,Lady Amherst's Pheasant,0,0,0
2022-09,Lesser Black-backed Gull,0,0,0
2022-09,Lesser Kestrel,1,0.07058292753234817,0.07058292753234818
2022-09,Lesser Spotted Woodpecker,0,0,0
2022-09,Lesser Whitethroat,6,2.4179414465969633,0.9606685644134484
2022-09,Little Bittern,2,0.0685674577499381,0.06745786264484277
2022-09,Little Crake,0,0,0
2022-09,Little Grebe,0,0,0
2022-09,Little Owl,26,20.757098315436824,1
2022-09,Little Ringed Plover,0,0,0
2022-09,Long-eared Owl,12,0.5808113896453632,0.4547591613026788
2022-09,Long-tailed Tit,96,81.91640713190655,1
2022-09,Mallard,0,0,0
2022-09,Mandarin Duck,0,0,0
2022-09,Manx Shearwater,10,0.6578106433644659,0.5040054235854086
2022-09,Marmora's Warbler,3,0.14487052542322273,0.13836346052059068
2022-09,Marsh Tit,10,0.7873151114493224,0.5890106772586285
2022-09,Mediterranean Flycatcher,0,0,0
2022-09,Mediterranean Gull,0,0,0
2022-09,Mew Gull,1,0.3001849843115002,0.3001849843115002
2022-09,Middle Spotted Woodpecker,1,0.25321037786026446,0.25321037786026446
2022-09,Mistle Thrush,8,1.9318465300473504,0.9275885384112352
2022-09,Northern Fulmar,0,0,0
2022-09,Northern Gannet,1,0.036505981433454196,0.03650598143345418
2022-09,Northern Goshawk,1,0.9287802034971632,0.9287802034971632
2022-09,Northern Lapwing,8,2.0620675179106343,0.927669237169058
2022-09,Ortolan Bunting,0,0,0
2022-09,Osprey,0,0,0
2022-09,Parrot Crossbill,1,0.07331392541311532,0.07331392541311532
2022-09,Peregrine Falcon,2,0.1631891954411427,0.16024405306188294
2022-09,Pied Avocet,0,0,0
2022-09,Pin-tailed Sandgrouse,0,0,0
2022-09,Pin-tailed Whydah,0,0,0
2022-09,Pink-footed Goose,0,0,0
2022-09,Razorbill,1,0.019449510134959207,0.019449510134959214
2022-09,Red Crossbill,1,0.19192041732734422,0.19192041732734422
2022-09,Red Kite,1,0.8058342742493041,0.8058342742493041
2022-09,Red-billed Chough,69,0.6983758038277279,0.5855884235733815
2022-09,Red-breasted Flycatcher,0,0,0
2022-09,Red-flanked Bluetail,1,0.22844207532840594,0.22844207532840588
2022-09,Red-legged Partridge,0,0,0
2022-09,Red-throated Loon,0,0,0
2022-09,Redwing,0,0,0
2022-09,Ring Ouzel,0,0,0
2022-09,Ring-necked Pheasant,44,42.61480240635205,1
2022-09,River Warbler,1,0.0741902868918676,0.07419028689186757
2022-09,Rock Bunting,0,0,0
2022-09,Rock Partridge,0,0,0
2022-09,Rock Pigeon,2,0.4954634381286415,0.43560551313241935
2022-09,Rock Sparrow,0,0,0
2022-09,Rook,14,11.827156998745759,0.9999999999999921
2022-09,Rose-ringed Parakeet,1436,1404.4496750211256,1
2022-09,Rough-legged Hawk,0,0,0
2022-09,Ruddy Shelduck,0,0,0
2022-09,Ruff,0,0,0
2022-09,Sardinian Warbler,0,0,0
2022-09,Savi's Warbler,0,0,0
2022-09,Sedge Warbler,0,0,0
2022-09,Short-toed Treecreeper,1,0.6620802552234706,0.6620802552234706
2022-09,Siberian Accentor,0,0,0
2022-09,Small Buttonquail,0,0,0
2022-09,Song Thrush,1,0.24385342879184066,0.2438534287918407
2022-09,Spectacled Warbler,0,0,0
2022-09,Spotted Crake,0,0,0
2022-09,Spotted Flycatcher,9,1.5704103616961618,0.8304879309461382
2022-09,Stock Dove,0,0,0
2022-09,Subalpine Warbler,0,0,0
2022-09,Tawny Owl,146,99.80427263216293,1
2022-09,Tawny Pipit,0,0,0
2022-09,Twite,0,0,0
2022-09,Ural Owl,0,0,0
2022-09,Water Pipit,0,0,0
2022-09,Water Rail,0,0,0
2022-09,Western Bonelli's Warbler,0,0,0
2022-09,Western Capercaillie,3,0.05126161813459426,0.050731930074831344
2022-09,Western Orphean Warbler,0,0,0
2022-09,Western Yellow Wagtail,1,0.2053695523450347,0.20536955234503473
2022-09,Whinchat,0,0,0
2022-09,White Stork,1,0.10397331270634666,0.10397331270634669
2022-09,White Wagtail,1,0.037736819235613346,0.03773681923561334
2022-09,White-tailed Eagle,0,0,0
2022-09,White-winged Crossbill,0,0,0
2022-09,White-winged Snowfinch,0,0,0
2022-09,White-winged Tern,1,0.19932147658167615,0.1993214765816762
2022-09,Whooper Swan,0,0,0
2022-09,Willow Tit,0,0,0
2022-09,Willow Warbler,1,0.18345996766894754,0.18345996766894757
2022-09,Wood Lark,24,13.602077814427965,0.999999999931554
2022-09,Wood Sandpiper,0,0,0
2022-09,Wood Warbler,2,0.9491053535762691,0.7249570458856618
2022-09,Yellow-billed Chough,1,0.02260798434618148,0.022607984346181498
2022-09,Yellow-browed Warbler,2,0.9963883626443661,0.7490726844382429
2022-09,Yellow-headed Parrot,0,0,0
2022-09,Yellow-legged Gull,0,0,0
2022-09,Yellowhammer,0,0,0
2022-10,Aquatic Warbler,0,0,0
2022-10,Atlantic Puffin,8,1.932284078393243,0.9147264110178888
2022-10,Barn Owl,0,0,0
2022-10,Barn Swallow,14,6.454809218321455,0.9999990089394077
2022-10,Barnacle Goose,1,0.22552038226094762,0.22552038226094762
2022-10,Bearded Reedling,0,0,0
2022-10,Black Grouse,0,0,0
2022-10,Black Kite,1,0.6050128268076275,0.6050128268076275
2022-10,Black Redstart,2,0.26894079925028086,0.25091672874051263
2022-10,Black Tern,0,0,0
2022-10,Black Woodpecker,5,0.07555760830584957,0.07337505680617462
2022-10,Black-bellied Plover,0,0,0
2022-10,Black-crowned Night-Heron,0,0,0
2022-10,Black-legged Kittiwake,0,0,0
2022-10,Black-tailed Godwit,1,0.17138520394504753,0.17138520394504753
2022-10,Bluethroat,0,0,0
2022-10,Bohemian Waxwing,1,0.24318074616297922,0.24318074616297924
2022-10,Boreal Owl,13,5.626301756452141,0.9996444703724269
2022-10,Canada Goose,5,0.9667268955585983,0.7089375933402728
2022-10,Carrion Crow,23,19.74851769180623,1
2022-10,Cetti's Warbler,0,0,0
2022-10,Cirl Bunting,6,0.9486257407352481,0.6573625789352355
2022-10,Coal Tit,16,14.107479760524988,1
2022-10,Collared Flycatcher,1,0.3703952681152359,0.3703952681152358
2022-10,Common Buzzard,5,2.8776498814876716,0.9911425815061335
2022-10,Common Chaffinch,0,0,0
2022-10,Common Chiffchaff,0,0,0
2022-10,Common Crane,0,0,0
2022-10,Common Cuckoo,0,0,0
2022-10,Common Firecrest,16,3.6350707421762616,0.9892729385536183
2022-10,Common Grasshopper-Warbler,2,0.43209837472809415,0.3861108907421287
2022-10,Common Greenshank,0,0,0
2022-10,Common House-Martin,0,0,0
2022-10,Common Kingfisher,2,0.27204567029603377,0.26055768670748936
2022-10,Common Murre,0,0,0
2022-10,Common Nightingale,0,0,0
2022-10,Common Pochard,0,0,0
2022-10,Common Quail,1,0.5783630499391152,0.5783630499391152
2022-10,Common Raven,0,0,0
2022-10,Common Redshank,0,0,0
2022-10,Common Ringed Plover,0,0,0
2022-10,Common Rosefinch,0,0,0
2022-10,Common Sandpiper,4,1.5267061219067628,0.8921824839245843
2022-10,Common Scoter,0,0,0
2022-10,Common Snipe,2,0.5756709261777069,0.4951276515954167
2022-10,Common Swift,0,0,0
2022-10,Common Tern,0,0,0
2022-10,Common Waxbill,0,0,0
2022-10,Common Wood-Pigeon,1,0.40050958906099615,0.4005095890609962
2022-10,Corn Bunting,0,0,0
2022-10,Corsican Finch,0,0,0
2022-10,Corsican Nuthatch,0,0,0
2022-10,Crested Lark,1,0.030951056513607102,0.030951056513607078
2022-10,Crested Tit,1,0.13078928625844674,0.13078928625844677
2022-10,Dartford Warbler,0,0,0
2022-10,Dunnock,18,9.155446174954522,0.9999999766603987
2022-10,Egyptian Goose,1,0.9999068686958621,0.9999068686958621
2022-10,Eurasian Blackbird,23,12.10833115779749,0.9999999824312598
2022-10,Eurasian Blackcap,0,0,0
2022-10,Eurasian Blue Tit,37,32.38306455324548,1
2022-10,Eurasian Bullfinch,2,1.8503134932149408,0.998521301642679
2022-10,Eurasian Collared-Dove,0,0,0
2022-10,Eurasian Coot,0,0,0
2022-10,Eurasian Crag-Martin,0,0,0
2022-10,Eurasian Curlew,0,0,0
2022-10,Eurasian Dotterel,0,0,0
2022-10,Eurasian Eagle-Owl,26,2.4596116707695908,0.934728884043588
2022-10,Eurasian Golden Oriole,0,0,0
2022-10,Eurasian Green Woodpecker,97,92.68959061057593,1
2022-10,Eurasian Hobby,2,0.18737870570023651,0.17866565486128372
2022-10,Eurasian Hoopoe,0,0,0
2022-10,Eurasian Jackdaw,1001,942.1254574615035,1
2022-10,Eurasian Jay,55,32.74057700784795,1
2022-10,Eurasian Kestrel,0,0,0
2022-10,Eurasian Linnet,1,0.2288441590946089,0.22884415909460887
2022-10,Eurasian Magpie,53,17.09731373914638,0.9999999999998823
2022-10,Eurasian Moorhen,2,1.52737627793912,0.9637096584833097
2022-10,Eurasian Nightjar,0,0,0
2022-10,Eurasian Nutcracker,0,0,0
2022-10,Eurasian Nuthatch,1,0.3036806258228316,0.3036806258228316
2022-10,Eurasian Oystercatcher,0,0,0
2022-10,Eurasian Penduline-Tit,0,0,0
2022-10,Eurasian Pygmy-Owl,0,0,0
2022-10,Eurasian Reed Warbler,1,0.07356872604266024,0.07356872604266018
2022-10,Eurasian Scops-Owl,1,0.09321505476853445,0.09321505476853442
2022-10,Eurasian Siskin,1,0.2955298276177915,0.29552982761779145
2022-10,Eurasian Thick-knee,0,0,0
2022-10,Eurasian Three-toed Woodpecker,8,0.06289135550543039,0.06124866131283868
2022-10,Eurasian Treecreeper,6,1.290188872354786,0.7905340566056597
2022-10,Eurasian Wigeon,1,0.04300122583942199,0.04300122583942201
2022-10,Eurasian Woodcock,0,0,0
2022-10,Eurasian Wren,110,95.57419827864331,1
2022-10,Eurasian Wryneck,139,56.59095407822131,1
2022-10,European Bee-eater,0,0,0
2022-10,European Golden-Plover,0,0,0
2022-10,European Goldfinch,2,1.4291985997890835,0.9844347815101031
2022-10,European Greenfinch,16,3.781046350776305,0.9996761273351549
2022-10,European Honey-buzzard,1,0.028823367099098912,0.02882336709909894
2022-10,European Pied Flycatcher,1,0.5909278144677572,0.5909278144677572
2022-10,European Robin,545,464.9455313223774,1
2022-10,European Roller,1,0.12104105462245202,0.12104105462245207
2022-10,European Serin,12,1.9760540411840686,0.9342942794255649
2022-10,European Starling,0,0,0
2022-10,European Stonechat,0,0,0
2022-10,European Storm-Petrel,0,0,0
2022-10,European Turtle-Dove,0,0,0
2022-10,Fieldfare,2,0.10807543185003259,0.10529261903104192
2022-10,Garden Warbler,0,0,0
2022-10,Goldcrest,5,1.6320308849381282,0.8620786363272521
2022-10,Golden Eagle,0,0,0
2022-10,Gray Heron,0,0,0
2022-10,Gray Partridge,5,1.8402946127783564,0.9060413410088917
2022-10,Gray Wagtail,5,1.7345874348666026,0.9492130688946921
2022-10,Gray-headed Woodpecker,10,0.499192402151229,0.4388283036538003
2022-10,Graylag Goose,0,0,0
2022-10,Great Bittern,48,1.9151999727138234,0.8730578119664572
2022-10,Great Black-backed Gull,0,0,0
2022-10,Great Crested Grebe,0,0,0
2022-10,Great Reed Warbler,0,0,0
2022-10,Great Skua,0,0,0
2022-10,Great Spotted Woodpecker,6,4.499542329802053,0.9999645146158334
2022-10,Great Tit,10,7.758324694863191,0.9999998945990983
2022-10,Greater Short-toed Lark,0,0,0
2022-10,Greater White-fronted Goose,0,0,0
2022-10,Greater Whitethroat,1,0.09497630305700865,0.09497630305700866
2022-10,Green Sandpiper,1,0.08641190882251994,0.08641190882251992
2022-10,Green-winged Teal,0,0,0
2022-10,Hawfinch,8,3.425161064487178,0.9916946793927534
2022-10,Hazel Grouse,0,0,0
2022-10,Herring Gull,3,1.351872147834045,0.8391144816382073
2022-10,Hooded Crow,10,4.928159991575233,0.999163650275231
2022-10,Horned Lark,0,0,0
2022-10,Iberian Chiffchaff,2,0.05042126298214878,0.0497968461174676
2022-10,Iberian Green Woodpecker,0,0,0
2022-10,Lady Amherst's Pheasant,0,0,0
2022-10,Lesser Black-backed Gull,0,0,0
2022-10,Lesser Kestrel,0,0,0
2022-10,Lesser Spotted Woodpecker,0,0,0
2022-10,Lesser Whitethroat,4,1.2448624251550235,0.776446706507282
2022-10,Little Bittern,0,0,0
2022-10,Little Crake,1,0.28538115703264355,0.28538115703264355
2022-10,Little Grebe,0,0,0
2022-10,Little Owl,7,5.686964503312165,0.9999995316590041
2022-10,Little Ringed Plover,0,0,0
2022-10,Long-eared Owl,16,0.9239285067164001,0.6267570894464141
2022-10,Long-tailed Tit,101,85.64132500089902,1
2022-10,Mallard,0,0,0
2022-10,Mandarin Duck,1,0.972957579881415,0.972957579881415
2022-10,Manx Shearwater,4,0.2983457752749135,0.2712675649893347
2022-10,Marmora's Warbler,0,0,0
2022-10,Marsh Tit,10,1.077926519385607,0.6921805433813164
2022-10,Mediterranean Flycatcher,0,0,0
2022-10,Mediterranean Gull,0,0,0
2022-10,Mew Gull,0,0,0
2022-10,Middle Spotted Woodpecker,3,1.276784956709055,0.8310941074121954
2022-10,Mistle Thrush,6,1.0809313938352894,0.7017709836054021
2022-10,Northern Fulmar,0,0,0
2022-10,Northern Gannet,1,0.035974600854483355,0.03597460085448334
2022-10,Northern Goshawk,5,3.5049881458419665,0.9981360983660751
2022-10,Northern Lapwing,1,0.10278272337162848,0.10278272337162853
2022-10,Ortolan Bunting,0,0,0
2022-10,Osprey,0,0,0
2022-10,Parrot Crossbill,0,0,0
2022-10,Peregrine Falcon,0,0,0
2022-10,Pied Avocet,0,0,0
2022-10,Pin-tailed Sandgrouse,0,0,0
2022-10,Pin-tailed Whydah,0,0,0
2022-10,Pink-footed Goose,0,0,0
2022-10,Razorbill,0,0,0
2022-10,Red Crossbill,0,0,0
2022-10,Red Kite,10,7.64938846424254,0.9999999999999756
2022-10,Red-billed Chough,68,0.37106902183603446,0.31391417612499806
2022-10,Red-breasted Flycatcher,2,0.39009499078595344,0.35253788078724213
2022-10,Red-flanked Bluetail,0,0,0
2022-10,Red-legged Partridge,3,1.1236425727504722,0.8229086652521813
2022-10,Red-throated Loon,0,0,0
2022-10,Redwing,6,4.8863190648309445,0.9999998850069072
2022-10,Ring Ouzel,0,0,0
2022-10,Ring-necked Pheasant,35,33.460318915584544,1
2022-10,River Warbler,0,0,0
2022-10,Rock Bunting,1,0.37547820205873483,0.37547820205873483
2022-10,Rock Partridge,0,0,0
2022-10,Rock Pigeon,3,1.1911775728019822,0.8250787324319881
2022-10,Rock Sparrow,0,0,0
2022-10,Rook,28,23.38777296135478,1
2022-10,Rose-ringed Parakeet,1507,1472.1702080223972,1
2022-10,Rough-legged Hawk,0,0,0
2022-10,Ruddy Shelduck,0,0,0
2022-10,Ruff,0,0,0
2022-10,Sardinian Warbler,0,0,0
2022-10,Savi's Warbler,0,0,0
2022-10,Sedge Warbler,0,0,0
2022-10,Short-toed Treecreeper,2,1.2012052788484966,0.8930705902955457
2022-10,Siberian Accentor,0,0,0
2022-10,Small Buttonquail,0,0,0
2022-10,Song Thrush,2,0.38186336265683885,0.3499807465247686
2022-10,Spectacled Warbler,0,0,0
2022-10,Spotted Crake,1,0.40072240720094987,0.40072240720094987
2022-10,Spotted Flycatcher,0,0,0
2022-10,Stock Dove,0,0,0
2022-10,Subalpine Warbler,0,0,0
2022-10,Tawny Owl,105,76.13867116778441,1
2022-10,Tawny Pipit,0,0,0
2022-10,Twite,0,0,0
2022-10,Ural Owl,0,0,0
2022-10,Water Pipit,0,0,0
2022-10,Water Rail,0,0,0
2022-10,Western Bonelli's Warbler,0,0,0
2022-10,Western Capercaillie,5,0.05587395350589443,0.05468230292004561
2022-10,Western Orphean Warbler,0,0,0
2022-10,Western Yellow Wagtail,0,0,0
2022-10,Whinchat,0,0,0
2022-10,White Stork,0,0,0
2022-10,White Wagtail,0,0,0
2022-10,White-tailed Eagle,0,0,0
2022-10,White-winged Crossbill,0,0,0
2022-10,White-winged Snowfinch,0,0,0
2022-10,White-winged Tern,1,0.10679687047662406,0.10679687047662412
2022-10,Whooper Swan,1,0.2731396892804953,0.27313968928049537
2022-10,Willow Tit,0,0,0
2022-10,Willow Warbler,2,0.9234702703065301,0.7199262383284536
2022-10,Wood Lark,15,8.392580429343425,0.9999992325685829
2022-10,Wood Sandpiper,0,0,0
2022-10,Wood Warbler,2,1.501014907092962,0.9524883863007687
2022-10,Yellow-billed Chough,2,0.075204198371898,0.07381433815278293
2022-10,Yellow-browed Warbler,1,0.6406100543541834,0.6406100543541835
2022-10,Yellow-headed Parrot,0,0,0
2022-10,Yellow-legged Gull,0,0,0
2022-10,Yellowhammer,0,0,0
2022-11,Aquatic Warbler,0,0,0
2022-11,Atlantic Puffin,6,1.5726233301314347,0.8882950037193221
2022-11,Barn Owl,0,0,0
2022-11,Barn Swallow,0,0,0
2022-11,Barnacle Goose,0,0,0
2022-11,Bearded Reedling,1,0.1389110899521678,0.13891108995216783
2022-11,Black Grouse,0,0,0
2022-11,Black Kite,1,0.7239795234928202,0.7239795234928202
2022-11,Black Redstart,3,1.261155180424077,0.8223760649092011
2022-11,Black Tern,0,0,0
2022-11,Black Woodpecker,1,0.01751932784672934,0.017519327846729382
2022-11,Black-bellied Plover,0,0,0
2022-11,Black-crowned Night-Heron,0,0,0
2022-11,Black-legged Kittiwake,0,0,0
2022-11,Black-tailed Godwit,1,0.041115017906485904,0.04111501790648586
2022-11,Bluethroat,0,0,0
2022-11,Bohemian Waxwing,1,0.10887808035378145,0.10887808035378144
2022-11,Boreal Owl,21,9.431489648844611,0.9999999616644455
2022-11,Canada Goose,1,0.16489355870243264,0.1648935587024326
2022-11,Carrion Crow,16,13.531601762747249,0.9999999999999881
2022-11,Cetti's Warbler,0,0,0
2022-11,Cirl Bunting,1,0.08682889080457862,0.08682889080457867
2022-11,Coal Tit,6,5.38766110541922,0.9999999024104029
2022-11,Collared Flycatcher,1,0.4345183189782121,0.43451831897821214
2022-11,Common Buzzard,17,14.109017775032838,1
2022-11,Common Chaffinch,0,0,0
2022-11,Common Chiffchaff,0,0,0
2022-11,Common Crane,1,0.17077848459143702,0.17077848459143696
2022-11,Common Cuckoo,0,0,0
2022-11,Common Firecrest,41,9.09770424686093,0.9999929773723653
2022-11,Common Grasshopper-Warbler,2,0.4602879982609631,0.4089120545480568
2022-11,Common Greenshank,0,0,0
2022-11,Common House-Martin,0,0,0
2022-11,Common Kingfisher,0,0,0
2022-11,Common Murre,0,0,0
2022-11,Common Nightingale,0,0,0
2022-11,Common Pochard,0,0,0
2022-11,Common Quail,0,0,0
2022-11,Common Raven,0,0,0
2022-11,Common Redshank,0,0,0
2022-11,Common Ringed Plover,0,0,0
2022-11,Common Rosefinch,0,0,0
2022-11,Common Sandpiper,3,0.858770241808181,0.6475218819834822
2022-11,Common Scoter,0,0,0
2022-11,Common Snipe,0,0,0
2022-11,Common Swift,0,0,0
2022-11,Common Tern,0,0,0
2022-11,Common Waxbill,0,0,0
2022-11,Common Wood-Pigeon,1,0.4920753916565947,0.49207539165659464
2022-11,Corn Bunting,0,0,0
2022-11,Corsican Finch,0,0,0
2022-11,Corsican Nuthatch,0,0,0
2022-11,Crested Lark,0,0,0
2022-11,Crested Tit,1,0.0280260104175688,0.028026010417568803
2022-11,Dartford Warbler,0,0,0
2022-11,Dunnock,11,6.624917408611031,0.9999995968358618
2022-11,Egyptian Goose,2,0.3991637565819182,0.36788870127284856
2022-11,Eurasian Blackbird,16,9.088414226025968,0.9999997771419379
2022-11,Eurasian Blackcap,0,0,0
2022-11,Eurasian Blue Tit,32,28.840902873071702,1
2022-11,Eurasian Bullfinch,0,0,0
2022-11,Eurasian Collared-Dove,0,0,0
2022-11,Eurasian Coot,0,0,0
2022-11,Eurasian Crag-Martin,0,0,0
2022-11,Eurasian Curlew,4,0.7852373313892974,0.5937187618114557
2022-11,Eurasian Dotterel,0,0,0
2022-11,Eurasian Eagle-Owl,31,3.318194697991441,0.9763871390090659
2022-11,Eurasian Golden Oriole,0,0,0
2022-11,Eurasian Green Woodpecker,41,38.365061578805424,1
2022-11,Eurasian Hobby,2,0.1713404526949459,0.16481332533006676
2022-11,Eurasian Hoopoe,0,0,0
2022-11,Eurasian Jackdaw,408,384.27667049806445,1
2022-11,Eurasian Jay,34,19.75696308403403,1
2022-11,Eurasian Kestrel,1,0.9903251897554778,0.9903251897554778
2022-11,Eurasian Linnet,1,0.14906839360490656,0.14906839360490654
2022-11,Eurasian Magpie,16,4.763327131737808,0.999923953115077
2022-11,Eurasian Moorhen,0,0,0
2022-11,Eurasian Nightjar,0,0,0
2022-11,Eurasian Nutcracker,0,0,0
2022-11,Eurasian Nuthatch,0,0,0
2022-11,Eurasian Oystercatcher,0,0,0
2022-11,Eurasian Penduline-Tit,0,0,0
2022-11,Eurasian Pygmy-Owl,0,0,0
2022-11,Eurasian Reed Warbler,1,0.030513278269085533,0.030513278269085564
2022-11,Eurasian Scops-Owl,0,0,0
2022-11,Eurasian Siskin,1,0.246492773495821,0.246492773495821
2022-11,Eurasian Thick-knee,0,0,0
2022-11,Eurasian Three-toed Woodpecker,18,0.25099970879037403,0.22388636723582178
2022-11,Eurasian Treecreeper,3,0.8392528854784527,0.663178542256876
2022-11,Eurasian Wigeon,0,0,0
2022-11,Eurasian Woodcock,0,0,0
2022-11,Eurasian Wren,100,86.62296637266776,1
2022-11,Eurasian Wryneck,237,107.92723800150635,1
2022-11,European Bee-eater,0,0,0
2022-11,European Golden-Plover,0,0,0
2022-11,European Goldfinch,2,1.8100596142238028,0.9910885906408153
2022-11,European Greenfinch,0,0,0
2022-11,European Honey-buzzard,0,0,0
2022-11,European Pied Flycatcher,0,0,0
2022-11,European Robin,219,185.80624774021973,1
2022-11,European Roller,0,0,0
2022-11,European Serin,3,0.4508151292637522,0.40975659556645194
2022-11,European Starling,0,0,0
2022-11,European Stonechat,0,0,0
2022-11,European Storm-Petrel,0,0,0
2022-11,European Turtle-Dove,0,0,0
2022-11,Fieldfare,0,0,0
2022-11,Garden Warbler,0,0,0
2022-11,Goldcrest,20,10.068624104494578,0.9999999578972346
2022-11,Golden Eagle,0,0,0
2022-11,Gray Heron,0,0,0
2022-11,Gray Partridge,3,0.655606073284466,0.5254458650256651
2022-11,Gray Wagtail,3,0.7864427011535033,0.6061475139051646
2022-11,Gray-headed Woodpecker,6,0.08531582190308543,0.08261078191236182
2022-11,Graylag Goose,2,1.2718631651387637,0.8916054160654547
2022-11,Great Bittern,44,1.2587937086364676,0.7356399118937689
2022-11,Great Black-backed Gull,0,0,0
2022-11,Great Crested Grebe,0,0,0
2022-11,Great Reed Warbler,0,0,0
2022-11,Great Skua,0,0,0
2022-11,Great Spotted Woodpecker,4,2.68423722807589,0.9918684017688522
2022-11,Great Tit,1,0.8976738081044796,0.8976738081044796
2022-11,Greater Short-toed Lark,0,0,0
2022-11,Greater White-fronted Goose,0,0,0
2022-11,Greater Whitethroat,1,0.035565684747749425,0.03556568474774946
2022-11,Green Sandpiper,1,0.8827690808513808,0.8827690808513808
2022-11,Green-winged Teal,0,0,0
2022-11,Hawfinch,3,0.9013337143595586,0.65806426507807
2022-11,Hazel Grouse,3,0.3021579108836149,0.27752192192658054
2022-11,Herring Gull,0,0,0
2022-11,Hooded Crow,4,2.2610683006174983,0.9712710756103703
2022-11,Horned Lark,0,0,0
2022-11,Iberian Chiffchaff,2,0.05147528625260589,0.05082119136168406
2022-11,Iberian Green Woodpecker,0,0,0
2022-11,Lady Amherst's Pheasant,0,0,0
2022-11,Lesser Black-backed Gull,0,0,0
2022-11,Lesser Kestrel,1,0.05142857736550055,0.05142857736550055
2022-11,Lesser Spotted Woodpecker,0,0,0
2022-11,Lesser Whitethroat,0,0,0
2022-11,Little Bittern,0,0,0
2022-11,Little Crake,0,0,0
2022-11,Little Grebe,0,0,0
2022-11,Little Owl,13,9.49793424597682,0.9999999753283737
2022-11,Little Ringed Plover,0,0,0
2022-11,Long-eared Owl,12,0.9816006079114793,0.6892468614851015
2022-11,Long-tailed Tit,133,109.20976039366089,1
2022-11,Mallard,0,0,0
2022-11,Mandarin Duck,0,0,0
2022-11,Manx Shearwater,1,0.13235398099394485,0.1323539809939448
2022-11,Marmora's Warbler,0,0,0
2022-11,Marsh Tit,4,0.3482536539701927,0.30902759088267073
2022-11,Mediterranean Flycatcher,0,0,0
2022-11,Mediterranean Gull,0,0,0
2022-11,Mew Gull,0,0,0
2022-11,Middle Spotted Woodpecker,2,0.8233856662639696,0.6671161556497485
2022-11,Mistle Thrush,3,1.1956349215781847,0.9215979814167051
2022-11,Northern Fulmar,0,0,0
2022-11,Northern Gannet,0,0,0
2022-11,Northern Goshawk,0,0,0
2022-11,Northern Lapwing,5,1.2228742421351957,0.8113241345207488
2022-11,Ortolan Bunting,3,2.1749529417801576,0.9875703911357196
2022-11,Osprey,0,0,0
2022-11,Parrot Crossbill,0,0,0
2022-11,Peregrine Falcon,0,0,0
2022-11,Pied Avocet,0,0,0
2022-11,Pin-tailed Sandgrouse,0,0,0
2022-11,Pin-tailed Whydah,1,0.04204109380464327,0.04204109380464327
2022-11,Pink-footed Goose,0,0,0
2022-11,Razorbill,0,0,0
2022-11,Red Crossbill,0,0,0
2022-11,Red Kite,12,5.172839499368325,0.9999418866580998
2022-11,Red-billed Chough,25,0.060347533484938286,0.058742169600068506
2022-11,Red-breasted Flycatcher,0,0,0
2022-11,Red-flanked Bluetail,0,0,0
2022-11,Red-legged Partridge,1,0.9253601345641506,0.9253601345641506
2022-11,Red-throated Loon,0,0,0
2022-11,Redwing,3,2.5121209227965413,0.9993391916336015
2022-11,Ring Ouzel,1,0.06781164070143354,0.06781164070143353
2022-11,Ring-necked Pheasant,91,88.09128834788899,1
2022-11,River Warbler,0,0,0
2022-11,Rock Bunting,0,0,0
2022-11,Rock Partridge,0,0,0
2022-11,Rock Pigeon,0,0,0
2022-11,Rock Sparrow,0,0,0
2022-11,Rook,15,12.369435588176758,0.9999999999988768
2022-11,Rose-ringed Parakeet,1484,1451.7649954078822,1
2022-11,Rough-legged Hawk,0,0,0
2022-11,Ruddy Shelduck,0,0,0
2022-11,Ruff,0,0,0
2022-11,Sardinian Warbler,0,0,0
2022-11,Savi's Warbler,0,0,0
2022-11,Sedge Warbler,0,0,0
2022-11,Short-toed Treecreeper,0,0,0
2022-11,Siberian Accentor,0,0,0
2022-11,Small Buttonquail,0,0,0
2022-11,Song Thrush,0,0,0
2022-11,Spectacled Warbler,0,0,0
2022-11,Spotted Crake,0,0,0
2022-11,Spotted Flycatcher,0,0,0
2022-11,Stock Dove,0,0,0
2022-11,Subalpine Warbler,0,0,0
2022-11,Tawny Owl,167,124.02369128006671,1
2022-11,Tawny Pipit,0,0,0
2022-11,Twite,0,0,0
2022-11,Ural Owl,3,0.037822790507624444,0.03739884106107205
2022-11,Water Pipit,0,0,0
2022-11,Water Rail,0,0,0
2022-11,Western Bonelli's Warbler,0,0,0
2022-11,Western Capercaillie,6,0.08019432302941196,0.07800115977363975
2022-11,Western Orphean Warbler,0,0,0
2022-11,Western Yellow Wagtail,0,0,0
2022-11,Whinchat,0,0,0
2022-11,White Stork,0,0,0
2022-11,White Wagtail,0,0,0
2022-11,White-tailed Eagle,0,0,0
2022-11,White-winged Crossbill,0,0,0
2022-11,White-winged Snowfinch,0,0,0
2022-11,White-winged Tern,0,0,0
2022-11,Whooper Swan,1,0.5000756125637835,0.5000756125637835
2022-11,Willow Tit,0,0,0
2022-11,Willow Warbler,0,0,0
2022-11,Wood Lark,8,4.446724455833876,0.9988429950690917
2022-11,Wood Sandpiper,0,0,0
2022-11,Wood Warbler,0,0,0
2022-11,Yellow-billed Chough,0,0,0
2022-11,Yellow-browed Warbler,0,0,0
2022-11,Yellow-headed Parrot,0,0,0
2022-11,Yellow-legged Gull,0,0,0
2022-11,Yellowhammer,0,0,0
2022-12,Aquatic Warbler,0,0,0
2022-12,Atlantic Puffin,3,0.5448818367348218,0.46641097485334015
2022-12,Barn Owl,0,0,0
2022-12,Barn Swallow,9,3.2929397387908317,0.9869664221334851
2022-12,Barnacle Goose,0,0,0
2022-12,Bearded Reedling,0,0,0
2022-12,Black Grouse,0,0,0
2022-12,Black Kite,0,0,0
2022-12,Black Redstart,1,0.12986111515523094,0.1298611151552309
2022-12,Black Tern,0,0,0
2022-12,Black Woodpecker,0,0,0
2022-12,Black-bellied Plover,0,0,0
2022-12,Black-crowned Night-Heron,0,0,0
2022-12,Black-legged Kittiwake,0,0,0
2022-12,Black-tailed Godwit,1,0.05344434171780343,0.053444341717803434
2022-12,Bluethroat,0,0,0
2022-12,Bohemian Waxwing,1,0.1713350140695942,0.17133501406959417
2022-12,Boreal Owl,9,4.162400527303095,0.9991284782021699
2022-12,Canada Goose,1,0.917605070148387,0.917605070148387
2022-12,Carrion Crow,11,9.582520355128723,0.9999999999871564
2022-12,Cetti's Warbler,0,0,0
2022-12,Cirl Bunting,0,0,0
2022-12,Coal Tit,0,0,0
2022-12,Collared Flycatcher,0,0,0
2022-12,Common Buzzard,5,3.6196589184115666,0.9999995641948274
2022-12,Common Chaffinch,0,0,0
2022-12,Common Chiffchaff,0,0,0
2022-12,Common Crane,4,1.7190733930699347,0.9202311370742327
2022-12,Common Cuckoo,0,0,0
2022-12,Common Firecrest,12,2.6305813435090224,0.9785516075695652
2022-12,Common Grasshopper-Warbler,0,0,0
2022-12,Common Greenshank,0,0,0
2022-12,Common House-Martin,0,0,0
2022-12,Common Kingfisher,1,0.06482733167664008,0.06482733167664012
2022-12,Common Murre,6,0.25449139667183207,0.22912532809251374
2022-12,Common Nightingale,0,0,0
2022-12,Common Pochard,0,0,0
2022-12,Common Quail,0,0,0
2022-12,Common Raven,3,1.8537540876900076,0.9610052710566012
2022-12,Common Redshank,0,0,0
2022-12,Common Ringed Plover,0,0,0
2022-12,Common Rosefinch,0,0,0
2022-12,Common Sandpiper,0,0,0
2022-12,Common Scoter,0,0,0
2022-12,Common Snipe,1,0.3234794114635086,0.32347941146350867
2022-12,Common Swift,0,0,0
2022-12,Common Tern,0,0,0
2022-12,Common Waxbill,0,0,0
2022-12,Common Wood-Pigeon,1,0.6677629203141344,0.6677629203141344
2022-12,Corn Bunting,0,0,0
2022-12,Corsican Finch,0,0,0
2022-12,Corsican Nuthatch,0,0,0
2022-12,Crested Lark,0,0,0
2022-12,Crested Tit,1,0.03871302191125334,0.038713021911253365
2022-12,Dartford Warbler,0,0,0
2022-12,Dunnock,0,0,0
2022-12,Egyptian Goose,2,0.8248846895174617,0.7752794941075214
2022-12,Eurasian Blackbird,26,15.50231811737865,0.9999999999953262
2022-12,Eurasian Blackcap,0,0,0
2022-12,Eurasian Blue Tit,42,36.64123219344765,1
2022-12,Eurasian Bullfinch,1,0.8093661415972861,0.8093661415972861
2022-12,Eurasian Collared-Dove,0,0,0
2022-12,Eurasian Coot,0,0,0
2022-12,Eurasian Crag-Martin,0,0,0
2022-12,Eurasian Curlew,4,0.7846024824637801,0.5862113209314108
2022-12,Eurasian Dotterel,0,0,0
2022-12,Eurasian Eagle-Owl,5,0.3210750484555957,0.2849152083710298
2022-12,Eurasian Golden Oriole,0,0,0
2022-12,Eurasian Green Woodpecker,17,16.262387551516557,1
2022-12,Eurasian Hobby,2,0.21631998722103912,0.2049326789487571
2022-12,Eurasian Hoopoe,0,0,0
2022-12,Eurasian Jackdaw,173,162.08992438327064,1
2022-12,Eurasian Jay,12,7.560422925808068,0.9999999991651842
2022-12,Eurasian Kestrel,2,1.972990734433064,0.9999766587153076
2022-12,Eurasian Linnet,0,0,0
2022-12,Eurasian Magpie,9,3.719117802549647,0.9999747458747984
2022-12,Eurasian Moorhen,0,0,0
2022-12,Eurasian Nightjar,0,0,0
2022-12,Eurasian Nutcracker,0,0,0
2022-12,Eurasian Nuthatch,1,0.3334447139830449,0.33344471398304487
2022-12,Eurasian Oystercatcher,0,0,0
2022-12,Eurasian Penduline-Tit,0,0,0
2022-12,Eurasian Pygmy-Owl,0,0,0
2022-12,Eurasian Reed Warbler,0,0,0
2022-12,Eurasian Scops-Owl,1,0.11411070358468171,0.11411070358468167
2022-12,Eurasian Siskin,0,0,0
2022-12,Eurasian Thick-knee,0,0,0
2022-12,Eurasian Three-toed Woodpecker,2,0.015469728412576843,0.015412586588104071
2022-12,Eurasian Treecreeper,2,0.5642749983292463,0.49827133753414854
2022-12,Eurasian Wigeon,0,0,0
2022-12,Eurasian Woodcock,0,0,0
2022-12,Eurasian Wren,14,12.09260288820767,0.9999999999999964
2022-12,Eurasian Wryneck,93,32.314791881565846,1
2022-12,European Bee-eater,0,0,0
2022-12,European Golden-Plover,0,0,0
2022-12,European Goldfinch,0,0,0
2022-12,European Greenfinch,0,0,0
2022-12,European Honey-buzzard,0,0,0
2022-12,European Pied Flycatcher,0,0,0
2022-12,European Robin,4,3.328827798256326,0.9995209688771534
2022-12,European Roller,0,0,0
2022-12,European Serin,0,0,0
2022-12,European Starling,0,0,0
2022-12,European Stonechat,0,0,0
2022-12,European Storm-Petrel,0,0,0
2022-12,European Turtle-Dove,1,0.04945529293696472,0.04945529293696471
2022-12,Fieldfare,0,0,0
2022-12,Garden Warbler,0,0,0
2022-12,Goldcrest,0,0,0
2022-12,Golden Eagle,0,0,0
2022-12,Gray Heron,0,0,0
2022-12,Gray Partridge,3,0.7438687414906076,0.5763653339848135
2022-12,Gray Wagtail,3,0.5817939851603288,0.4815056935012628
2022-12,Gray-headed Woodpecker,2,0.06215414738318681,0.061236294856171214
2022-12,Graylag Goose,2,1.3517085108929265,0.919431744501036
2022-12,Great Bittern,36,1.6537801085869102,0.8452553824289458
2022-12,Great Black-backed Gull,0,0,0
2022-12,Great Crested Grebe,0,0,0
2022-12,Great Reed Warbler,0,0,0
2022-12,Great Skua,0,0,0
2022-12,Great Spotted Woodpecker,3,2.326053117438649,0.9934421036943952
2022-12,Great Tit,0,0,0
2022-12,Greater Short-toed Lark,0,0,0
2022-12,Greater White-fronted Goose,0,0,0
2022-12,Greater Whitethroat,0,0,0
2022-12,Green Sandpiper,0,0,0
2022-12,Green-winged Teal,0,0,0
2022-12,Hawfinch,0,0,0
2022-12,Hazel Grouse,1,0.023497424678592407,0.023497424678592393
2022-12,Herring Gull,0,0,0
2022-12,Hooded Crow,7,3.7894840597292614,0.9975768263479242
2022-12,Horned Lark,0,0,0
2022-12,Iberian Chiffchaff,0,0,0
2022-12,Iberian Green Woodpecker,0,0,0
2022-12,Lady Amherst's Pheasant,0,0,0
2022-12,Lesser Black-backed Gull,0,0,0
2022-12,Lesser Kestrel,0,0,0
2022-12,Lesser Spotted Woodpecker,0,0,0
2022-12,Lesser Whitethroat,0,0,0
2022-12,Little Bittern,0,0,0
2022-12,Little Crake,0,0,0
2022-12,Little Grebe,0,0,0
2022-12,Little Owl,4,3.16376359532401,0.9992969855096415
2022-12,Little Ringed Plover,0,0,0
2022-12,Long-eared Owl,0,0,0
2022-12,Long-tailed Tit,81,67.53776283931978,1
2022-12,Mallard,0,0,0
2022-12,Mandarin Duck,0,0,0
2022-12,Manx Shearwater,0,0,0
2022-12,Marmora's Warbler,0,0,0
2022-12,Marsh Tit,2,0.1773051450524922,0.1711709941309828
2022-12,Mediterranean Flycatcher,0,0,0
2022-12,Mediterranean Gull,0,0,0
2022-12,Mew Gull,0,0,0
2022-12,Middle Spotted Woodpecker,0,0,0
2022-12,Mistle Thrush,0,0,0
2022-12,Northern Fulmar,0,0,0
2022-12,Northern Gannet,0,0,0
2022-12,Northern Goshawk,0,0,0
2022-12,Northern Lapwing,1,0.20187016534053615,0.20187016534053615
2022-12,Ortolan Bunting,0,0,0
2022-12,Osprey,0,0,0
2022-12,Parrot Crossbill,0,0,0
2022-12,Peregrine Falcon,0,0,0
2022-12,Pied Avocet,0,0,0
2022-12,Pin-tailed Sandgrouse,0,0,0
2022-12,Pin-tailed Whydah,3,0.15095624921507173,0.14373954318085458
2022-12,Pink-footed Goose,0,0,0
2022-12,Razorbill,1,0.06478104222790367,0.0647810422279037
2022-12,Red Crossbill,0,0,0
2022-12,Red Kite,1,0.9658997006667016,0.9658997006667016
2022-12,Red-billed Chough,11,0.024174090124059217,0.023924025621448797
2022-12,Red-breasted Flycatcher,1,0.07450468948425022,0.07450468948425026
2022-12,Red-flanked Bluetail,0,0,0
2022-12,Red-legged Partridge,3,0.7140577098783523,0.5806298423791312
2022-12,Red-throated Loon,0,0,0
2022-12,Redwing,1,0.929076262208175,0.929076262208175
2022-12,Ring Ouzel,0,0,0
2022-12,Ring-necked Pheasant,20,19.31036300681723,1
2022-12,River Warbler,0,0,0
2022-12,Rock Bunting,1,0.2185371263688899,0.2185371263688899
2022-12,Rock Partridge,0,0,0
2022-12,Rock Pigeon,1,0.3144468316228976,0.31444683162289755
2022-12,Rock Sparrow,0,0,0
2022-12,Rook,8,6.891339229861871,0.9999999863171865
2022-12,Rose-ringed Parakeet,587,573.647842249442,1
2022-12,Rough-legged Hawk,0,0,0
2022-12,Ruddy Shelduck,0,0,0
2022-12,Ruff,0,0,0
2022-12,Sardinian Warbler,0,0,0
2022-12,Savi's Warbler,0,0,0
2022-12,Sedge Warbler,0,0,0
2022-12,Short-toed Treecreeper,0,0,0
2022-12,Siberian Accentor,0,0,0
2022-12,Small Buttonquail,0,0,0
2022-12,Song Thrush,0,0,0
2022-12,Spectacled Warbler,0,0,0
2022-12,Spotted Crake,1,0.12407937531642936,0.12407937531642932
2022-12,Spotted Flycatcher,1,0.30162000909436243,0.3016200090943624
2022-12,Stock Dove,0,0,0
2022-12,Subalpine Warbler,0,0,0
2022-12,Tawny Owl,67,48.8837207993711,1
2022-12,Tawny Pipit,0,0,0
2022-12,Twite,0,0,0
2022-12,Ural Owl,2,0.014955827343697945,0.014913185586106326
2022-12,Water Pipit,0,0,0
2022-12,Water Rail,0,0,0
2022-12,Western Bonelli's Warbler,0,0,0
2022-12,Western Capercaillie,0,0,0
2022-12,Western Orphean Warbler,0,0,0
2022-12,Western Yellow Wagtail,0,0,0
2022-12,Whinchat,0,0,0
2022-12,White Stork,0,0,0
2022-12,White Wagtail,0,0,0
2022-12,White-tailed Eagle,0,0,0
2022-12,White-winged Crossbill,0,0,0
2022-12,White-winged Snowfinch,0,0,0
2022-12,White-winged Tern,0,0,0
2022-12,Whooper Swan,0,0,0
2022-12,Willow Tit,0,0,0
2022-12,Willow Warbler,0,0,0
2022-12,Wood Lark,0,0,0
2022-12,Wood Sandpiper,0,0,0
2022-12,Wood Warbler,1,0.764642782975735,0.764642782975735
2022-12,Yellow-billed Chough,0,0,0
2022-12,Yellow-browed Warbler,0,0,0
2022-12,Yellow-headed Parrot,0,0,0
2022-12,Yellow-legged Gull,0,0,0
2022-12,Yellowhammer,0,0,0
2023-01,Aquatic Warbler,0,0,0
2023-01,Atlantic Puffin,2,0.2957775395005868,0.2740740108404208
2023-01,Barn Owl,0,0,0
2023-01,Barn Swallow,0,0,0
2023-01,Barnacle Goose,0,0,0
2023-01,Bearded Reedling,0,0,0
2023-01,Black Grouse,0,0,0
2023-01,Black Kite,0,0,0
2023-01,Black Redstart,1,0.37029663030912496,0.37029663030912496
2023-01,Black Tern,0,0,0
2023-01,Black Woodpecker,3,0.05938959722790192,0.058322838456800086
2023-01,Black-bellied Plover,0,0,0
2023-01,Black-crowned Night-Heron,0,0,0
2023-01,Black-legged Kittiwake,0,0,0
2023-01,Black-tailed Godwit,0,0,0
2023-01,Bluethroat,0,0,0
2023-01,Bohemian Waxwing,1,0.11651535916094177,0.1165153591609418
2023-01,Boreal Owl,20,10.430426174824138,0.9999999971845179
2023-01,Canada Goose,0,0,0
2023-01,Carrion Crow,2,1.8146526355026513,0.9946592818878898
2023-01,Cetti's Warbler,0,0,0
2023-01,Cirl Bunting,1,0.06874887656291374,0.06874887656291373
2023-01,Coal Tit,2,1.8280897746566596,0.992730895580156
2023-01,Collared Flycatcher,0,0,0
2023-01,Common Buzzard,9,5.988973818572929,0.9999983665183566
2023-01,Common Chaffinch,0,0,0
2023-01,Common Chiffchaff,0,0,0
2023-01,Common Crane,1,0.23969373153261214,0.2396937315326121
2023-01,Common Cuckoo,0,0,0
2023-01,Common Firecrest,9,2.0012401293979214,0.9409060205714648
2023-01,Common Grasshopper-Warbler,0,0,0
2023-01,Common Greenshank,0,0,0
2023-01,Common House-Martin,3,1.437661877605539,0.927910913980148
2023-01,Common Kingfisher,0,0,0
2023-01,Common Murre,1,0.026082016139157973,0.02608201613915795
2023-01,Common Nightingale,0,0,0
2023-01,Common Pochard,0,0,0
2023-01,Common Quail,0,0,0
2023-01,Common Raven,1,0.3504384987630025,0.3504384987630025
2023-01,Common Redshank,0,0,0
2023-01,Common Ringed Plover,0,0,0
2023-01,Common Rosefinch,0,0,0
2023-01,Common Sandpiper,4,2.858250320011055,0.9998450854085322
2023-01,Common Scoter,0,0,0
2023-01,Common Snipe,0,0,0
2023-01,Common Swift,0,0,0
2023-01,Common Tern,0,0,0
2023-01,Common Waxbill,0,0,0
2023-01,Common Wood-Pigeon,1,0.3834397721074913,0.38343977210749125
2023-01,Corn Bunting,0,0,0
2023-01,Corsican Finch,0,0,0
2023-01,Corsican Nuthatch,0,0,0
2023-01,Crested Lark,0,0,0
2023-01,Crested Tit,0,0,0
2023-01,Dartford Warbler,0,0,0
2023-01,Dunnock,0,0,0
2023-01,Egyptian Goose,9,6.246762487354928,0.9999999998171024
2023-01,Eurasian Blackbird,8,4.697203068727347,0.9996586106894918
2023-01,Eurasian Blackcap,0,0,0
2023-01,Eurasian Blue Tit,158,143.38590215269082,1
2023-01,Eurasian Bullfinch,2,1.7230742362733464,0.9821022368896487
2023-01,Eurasian Collared-Dove,0,0,0
2023-01,Eurasian Coot,0,0,0
2023-01,Eurasian Crag-Martin,0,0,0
2023-01,Eurasian Curlew,2,0.6100901584294768,0.5171099842674323
2023-01,Eurasian Dotterel,0,0,0
2023-01,Eurasian Eagle-Owl,23,2.025592210548209,0.8868323992101704
2023-01,Eurasian Golden Oriole,0,0,0
2023-01,Eurasian Green Woodpecker,12,11.693273364223746,1
2023-01,Eurasian Hobby,2,0.19567697237805684,0.1890158329763757
2023-01,Eurasian Hoopoe,0,0,0
2023-01,Eurasian Jackdaw,181,170.03263878537172,1
2023-01,Eurasian Jay,6,2.225334766823745,0.9975049543171619
2023-01,Eurasian Kestrel,0,0,0
2023-01,Eurasian Linnet,0,0,0
2023-01,Eurasian Magpie,2,0.29111623633595196,0.26994081174938744
2023-01,Eurasian Moorhen,0,0,0
2023-01,Eurasian Nightjar,0,0,0
2023-01,Eurasian Nutcracker,0,0,0
2023-01,Eurasian Nuthatch,3,1.3836353352476913,0.8523529602692714
2023-01,Eurasian Oystercatcher,0,0,0
2023-01,Eurasian Penduline-Tit,0,0,0
2023-01,Eurasian Pygmy-Owl,1,0.019712339713561344,0.019712339713561344
2023-01,Eurasian Reed Warbler,0,0,0
2023-01,Eurasian Scops-Owl,0,0,0
2023-01,Eurasian Siskin,0,0,0
2023-01,Eurasian Thick-knee,0,0,0
2023-01,Eurasian Three-toed Woodpecker,1,0.04928273810305932,0.049282738103059276
2023-01,Eurasian Treecreeper,4,0.31281278286088876,0.2783379933549637
2023-01,Eurasian Wigeon,0,0,0
2023-01,Eurasian Woodcock,0,0,0
2023-01,Eurasian Wren,3,1.8814080616871989,0.9551436531612781
2023-01,Eurasian Wryneck,70,27.55533107273043,1
2023-01,European Bee-eater,0,0,0
2023-01,European Golden-Plover,0,0,0
2023-01,European Goldfinch,0,0,0
2023-01,European Greenfinch,0,0,0
2023-01,European Honey-buzzard,0,0,0
2023-01,European Pied Flycatcher,0,0,0
2023-01,European Robin,13,10.195109573422336,0.9999999998872668
2023-01,European Roller,0,0,0
2023-01,European Serin,2,0.11905890383073303,0.1159146669693315
2023-01,European Starling,0,0,0
2023-01,European Stonechat,0,0,0
2023-01,European Storm-Petrel,0,0,0
2023-01,European Turtle-Dove,0,0,0
2023-01,Fieldfare,1,0.08962623685678178,0.08962623685678184
2023-01,Garden Warbler,0,0,0
2023-01,Goldcrest,5,1.8653974304727594,0.9369448363302013
2023-01,Golden Eagle,0,0,0
2023-01,Gray Heron,0,0,0
2023-01,Gray Partridge,0,0,0
2023-01,Gray Wagtail,4,1.5878748982027364,0.9081902533372894
2023-01,Gray-headed Woodpecker,1,0.012065672209507565,0.012065672209507605
2023-01,Graylag Goose,3,1.8111329339432052,0.946137992258911
2023-01,Great Bittern,29,1.495932682441409,0.8406932017164686
2023-01,Great Black-backed Gull,0,0,0
2023-01,Great Crested Grebe,0,0,0
2023-01,Great Reed Warbler,0,0,0
2023-01,Great Skua,1,0.06521823523768712,0.0652182352376871
2023-01,Great Spotted Woodpecker,6,4.647890879091318,0.999899017730422
2023-01,Great Tit,8,6.481880661401661,0.9999997919477978
2023-01,Greater Short-toed Lark,0,0,0
2023-01,Greater White-fronted Goose,0,0,0
2023-01,Greater Whitethroat,0,0,0
2023-01,Green Sandpiper,0,0,0
2023-01,Green-winged Teal,0,0,0
2023-01,Hawfinch,0,0,0
2023-01,Hazel Grouse,0,0,0
2023-01,Herring Gull,1,0.4285723041970933,0.42857230419709336
2023-01,Hooded Crow,1,0.7239888929441125,0.7239888929441125
2023-01,Horned Lark,0,0,0
2023-01,Iberian Chiffchaff,0,0,0
2023-01,Iberian Green Woodpecker,0,0,0
2023-01,Lady Amherst's Pheasant,0,0,0
2023-01,Lesser Black-backed Gull,0,0,0
2023-01,Lesser Kestrel,0,0,0
2023-01,Lesser Spotted Woodpecker,0,0,0
2023-01,Lesser Whitethroat,0,0,0
2023-01,Little Bittern,1,0.07997724052901418,0.07997724052901423
2023-01,Little Crake,0,0,0
2023-01,Little Grebe,0,0,0
2023-01,Little Owl,16,12.544626988279678,0.9999999999997549
2023-01,Little Ringed Plover,0,0,0
2023-01,Long-eared Owl,11,0.9617343210789921,0.7069836225432591
2023-01,Long-tailed Tit,28,23.134315510524647,1
2023-01,Mallard,0,0,0
2023-01,Mandarin Duck,1,0.9628278456531484,0.9628278456531484
2023-01,Manx Shearwater,0,0,0
2023-01,Marmora's Warbler,0,0,0
2023-01,Marsh Tit,1,0.04173945310468689,0.04173945310468685
2023-01,Mediterranean Flycatcher,0,0,0
2023-01,Mediterranean Gull,0,0,0
2023-01,Mew Gull,0,0,0
2023-01,Middle Spotted Woodpecker,0,0,0
2023-01,Mistle Thrush,2,0.3682031295332962,0.3472440399490694
2023-01,Northern Fulmar,0,0,0
2023-01,Northern Gannet,0,0,0
2023-01,Northern Goshawk,0,0,0
2023-01,Northern Lapwing,1,0.21994909401470897,0.21994909401470897
2023-01,Ortolan Bunting,0,0,0
2023-01,Osprey,0,0,0
2023-01,Parrot Crossbill,0,0,0
2023-01,Peregrine Falcon,0,0,0
2023-01,Pied Avocet,0,0,0
2023-01,Pin-tailed Sandgrouse,0,0,0
2023-01,Pin-tailed Whydah,0,0,0
2023-01,Pink-footed Goose,0,0,0
2023-01,Razorbill,0,0,0
2023-01,Red Crossbill,0,0,0
2023-01,Red Kite,5,1.5827796531939513,0.8583546226813571
2023-01,Red-billed Chough,6,0.011154640935461094,0.01111105170588833
2023-01,Red-breasted Flycatcher,0,0,0
2023-01,Red-flanked Bluetail,0,0,0
2023-01,Red-legged Partridge,0,0,0
2023-01,Red-throated Loon,0,0,0
2023-01,Redwing,0,0,0
2023-01,Ring Ouzel,0,0,0
2023-01,Ring-necked Pheasant,31,30.160630158348955,1
2023-01,River Warbler,0,0,0
2023-01,Rock Bunting,2,0.9136015436707734,0.7248844342121656
2023-01,Rock Partridge,0,0,0
2023-01,Rock Pigeon,2,0.45439420845345174,0.40326921422051265
2023-01,Rock Sparrow,0,0,0
2023-01,Rook,6,4.915565893612321,0.9999872563089445
2023-01,Rose-ringed Parakeet,605,593.1972799621196,1
2023-01,Rough-legged Hawk,0,0,0
2023-01,Ruddy Shelduck,0,0,0
2023-01,Ruff,0,0,0
2023-01,Sardinian Warbler,0,0,0
2023-01,Savi's Warbler,0,0,0
2023-01,Sedge Warbler,0,0,0
2023-01,Short-toed Treecreeper,0,0,0
2023-01,Siberian Accentor,0,0,0
2023-01,Small Buttonquail,0,0,0
2023-01,Song Thrush,0,0,0
2023-01,Spectacled Warbler,0,0,0
2023-01,Spotted Crake,0,0,0
2023-01,Spotted Flycatcher,1,0.11885392430015877,0.11885392430015873
2023-01,Stock Dove,0,0,0
2023-01,Subalpine Warbler,0,0,0
2023-01,Tawny Owl,98,70.65679701483977,1
2023-01,Tawny Pipit,0,0,0
2023-01,Twite,0,0,0
2023-01,Ural Owl,0,0,0
2023-01,Water Pipit,0,0,0
2023-01,Water Rail,1,0.036781190890416905,0.03678119089041687
2023-01,Western Bonelli's Warbler,0,0,0
2023-01,Western Capercaillie,5,0.11243692134509238,0.10844935496651709
2023-01,Western Orphean Warbler,0,0,0
2023-01,Western Yellow Wagtail,0,0,0
2023-01,Whinchat,0,0,0
2023-01,White Stork,0,0,0
2023-01,White Wagtail,0,0,0
2023-01,White-tailed Eagle,0,0,0
2023-01,White-winged Crossbill,0,0,0
2023-01,White-winged Snowfinch,0,0,0
2023-01,White-winged Tern,0,0,0
2023-01,Whooper Swan,0,0,0
2023-01,Willow Tit,0,0,0
2023-01,Willow Warbler,0,0,0
2023-01,Wood Lark,3,1.893660059135506,0.951525874598683
2023-01,Wood Sandpiper,0,0,0
2023-01,Wood Warbler,0,0,0
2023-01,Yellow-billed Chough,0,0,0
2023-01,Yellow-browed Warbler,0,0,0
2023-01,Yellow-headed Parrot,0,0,0
2023-01,Yellow-legged Gull,0,0,0
2023-01,Yellowhammer,0,0,0
2023-02,Aquatic Warbler,0,0,0
2023-02,Atlantic Puffin,2,1.1211728114406907,0.8084482258935346
2023-02,Barn Owl,0,0,0
2023-02,Barn Swallow,1,0.17043490386289803,0.17043490386289806
2023-02,Barnacle Goose,1,0.2016860100913889,0.20168601009138887
2023-02,Bearded Reedling,0,0,0
2023-02,Black Grouse,0,0,0
2023-02,Black Kite,1,0.9253929352552622,0.9253929352552622
2023-02,Black Redstart,0,0,0
2023-02,Black Tern,1,0.07691472069343157,0.07691472069343153
2023-02,Black Woodpecker,4,0.2749389919241025,0.2569924012170637
2023-02,Black-bellied Plover,1,0.07496418677473694,0.07496418677473693
2023-02,Black-crowned Night-Heron,0,0,0
2023-02,Black-legged Kittiwake,0,0,0
2023-02,Black-tailed Godwit,0,0,0
2023-02,Bluethroat,0,0,0
2023-02,Bohemian Waxwing,4,1.0883085157198438,0.750227665074889
2023-02,Boreal Owl,23,12.090924406374038,0.9999999994299348
2023-02,Canada Goose,8,2.1530182427413327,0.9587495166459223
2023-02,Carrion Crow,20,17.203179830682053,1
2023-02,Cetti's Warbler,0,0,0
2023-02,Cirl Bunting,1,0.24851105527126832,0.24851105527126838
2023-02,Coal Tit,6,5.0516481335681345,0.9999986931920227
2023-02,Collared Flycatcher,0,0,0
2023-02,Common Buzzard,40,30.094436358497504,1
2023-02,Common Chaffinch,0,0,0
2023-02,Common Chiffchaff,0,0,0
2023-02,Common Crane,0,0,0
2023-02,Common Cuckoo,0,0,0
2023-02,Common Firecrest,10,2.096905348126859,0.9108818831639063
2023-02,Common Grasshopper-Warbler,0,0,0
2023-02,Common Greenshank,1,0.6458798519767114,0.6458798519767114
2023-02,Common House-Martin,0,0,0
2023-02,Common Kingfisher,0,0,0
2023-02,Common Murre,6,0.2243545887399755,0.204659198033334
2023-02,Common Nightingale,1,0.4418188814604833,0.4418188814604833
2023-02,Common Pochard,0,0,0
2023-02,Common Quail,0,0,0
2023-02,Common Raven,3,1.5822104176612628,0.9908971060998385
2023-02,Common Redshank,0,0,0
2023-02,Common Ringed Plover,1,0.1780069450252524,0.17800694502525238
2023-02,Common Rosefinch,1,0.06463029969362194,0.06463029969362188
2023-02,Common Sandpiper,9,2.4014731531043574,0.9547249375686007
2023-02,Common Scoter,0,0,0
2023-02,Common Snipe,2,1.0246068968176731,0.832732274777956
2023-02,Common Swift,0,0,0
2023-02,Common Tern,1,0.03916434545945671,0.039164345459456684
2023-02,Common Waxbill,0,0,0
2023-02,Common Wood-Pigeon,1,0.6342331291045306,0.6342331291045306
2023-02,Corn Bunting,0,0,0
2023-02,Corsican Finch,0,0,0
2023-02,Corsican Nuthatch,0,0,0
2023-02,Crested Lark,0,0,0
2023-02,Crested Tit,2,0.060829550712002654,0.0599121266083491
2023-02,Dartford Warbler,0,0,0
2023-02,Dunnock,6,2.3524303644142592,0.9664992740901394
2023-02,Egyptian Goose,31,19.550944801583675,1
2023-02,Eurasian Blackbird,55,34.83473990571527,1
2023-02,Eurasian Blackcap,0,0,0
2023-02,Eurasian Blue Tit,226,205.47282909374772,1
2023-02,Eurasian Bullfinch,7,5.574264301998026,0.9999977152162659
2023-02,Eurasian Collared-Dove,0,0,0
2023-02,Eurasian Coot,1,0.8760551145519802,0.8760551145519802
2023-02,Eurasian Crag-Martin,0,0,0
2023-02,Eurasian Curlew,14,3.3014671836502005,0.9786266051231043
2023-02,Eurasian Dotterel,0,0,0
2023-02,Eurasian Eagle-Owl,24,3.03809581429464,0.9753776473501565
2023-02,Eurasian Golden Oriole,5,1.0899694502735593,0.7182953438722467
2023-02,Eurasian Green Woodpecker,86,81.15213669600493,1
2023-02,Eurasian Hobby,8,1.652642842374082,0.8612642477600931
2023-02,Eurasian Hoopoe,0,0,0
2023-02,Eurasian Jackdaw,811,762.777967329481,1
2023-02,Eurasian Jay,12,6.032197001966232,0.999963809931116
2023-02,Eurasian Kestrel,3,1.2513499217645807,0.9897244096101668
2023-02,Eurasian Linnet,0,0,0
2023-02,Eurasian Magpie,30,9.347291820408449,0.999999998493396
2023-02,Eurasian Moorhen,0,0,0
2023-02,Eurasian Nightjar,0,0,0
2023-02,Eurasian Nutcracker,0,0,0
2023-02,Eurasian Nuthatch,13,6.014247284169688,0.999935212927356
2023-02,Eurasian Oystercatcher,0,0,0
2023-02,Eurasian Penduline-Tit,1,0.07591774336236186,0.0759177433623619
2023-02,Eurasian Pygmy-Owl,0,0,0
2023-02,Eurasian Reed Warbler,1,0.04586923349800704,0.04586923349800709
2023-02,Eurasian Scops-Owl,0,0,0
2023-02,Eurasian Siskin,0,0,0
2023-02,Eurasian Thick-knee,0,0,0
2023-02,Eurasian Three-toed Woodpecker,3,0.017092894271508743,0.01699868891945122
2023-02,Eurasian Treecreeper,8,2.295240773956164,0.9865990130375549
2023-02,Eurasian Wigeon,1,0.06726508103176622,0.0672650810317662
2023-02,Eurasian Woodcock,0,0,0
2023-02,Eurasian Wren,24,20.11047834670145,1
2023-02,Eurasian Wryneck,225,92.13256827537056,1
2023-02,European Bee-eater,0,0,0
2023-02,European Golden-Plover,3,0.8237011835166459,0.6390810537086324
2023-02,European Goldfinch,2,1.2454311793437747,0.8869678474350353
2023-02,European Greenfinch,0,0,0
2023-02,European Honey-buzzard,0,0,0
2023-02,European Pied Flycatcher,0,0,0
2023-02,European Robin,23,18.41853126705808,1
2023-02,European Roller,0,0,0
2023-02,European Serin,0,0,0
2023-02,European Starling,0,0,0
2023-02,European Stonechat,1,0.9104824855906433,0.9104824855906433
2023-02,European Storm-Petrel,0,0,0
2023-02,European Turtle-Dove,0,0,0
2023-02,Fieldfare,0,0,0
2023-02,Garden Warbler,0,0,0
2023-02,Goldcrest,2,0.5170474146412978,0.45385279600678263
2023-02,Golden Eagle,0,0,0
2023-02,Gray Heron,0,0,0
2023-02,Gray Partridge,6,1.6256125588754484,0.8743734968465167
2023-02,Gray Wagtail,0,0,0
2023-02,Gray-headed Woodpecker,16,0.21774600914097772,0.19829220907982237
2023-02,Graylag Goose,8,5.9195826527415445,0.9999987498676555
2023-02,Great Bittern,44,0.9753648319962044,0.638274544596265
2023-02,Great Black-backed Gull,0,0,0
2023-02,Great Crested Grebe,0,0,0
2023-02,Great Reed Warbler,0,0,0
2023-02,Great Skua,0,0,0
2023-02,Great Spotted Woodpecker,12,8.563787849866511,0.9999999361525794
2023-02,Great Tit,12,9.532893630335753,0.9999999999794268
2023-02,Greater Short-toed Lark,0,0,0
2023-02,Greater White-fronted Goose,0,0,0
2023-02,Greater Whitethroat,0,0,0
2023-02,Green Sandpiper,0,0,0
2023-02,Green-winged Teal,0,0,0
2023-02,Hawfinch,0,0,0
2023-02,Hazel Grouse,0,0,0
2023-02,Herring Gull,6,4.24450638224117,0.999794853538063
2023-02,Hooded Crow,7,4.024460461120648,0.9988237128409826
2023-02,Horned Lark,0,0,0
2023-02,Iberian Chiffchaff,4,0.13005371482727301,0.12393867670859116
2023-02,Iberian Green Woodpecker,0,0,0
2023-02,Lady Amherst's Pheasant,0,0,0
2023-02,Lesser Black-backed Gull,0,0,0
2023-02,Lesser Kestrel,0,0,0
2023-02,Lesser Spotted Woodpecker,1,0.24327917627411227,0.24327917627411233
2023-02,Lesser Whitethroat,0,0,0
2023-02,Little Bittern,0,0,0
2023-02,Little Crake,0,0,0
2023-02,Little Grebe,0,0,0
2023-02,Little Owl,12,9.631144117841012,0.9999999998241037
2023-02,Little Ringed Plover,1,0.16643407771089458,0.16643407771089458
2023-02,Long-eared Owl,9,0.627859649963265,0.48989695979747916
2023-02,Long-tailed Tit,33,25.41034825826703,1
2023-02,Mallard,0,0,0
2023-02,Mandarin Duck,1,0.7715691426532169,0.7715691426532169
2023-02,Manx Shearwater,5,0.17335960075558743,0.162021710425441
2023-02,Marmora's Warbler,0,0,0
2023-02,Marsh Tit,7,0.4694955906955355,0.3861420204075574
2023-02,Mediterranean Flycatcher,0,0,0
2023-02,Mediterranean Gull,0,0,0
2023-02,Mew Gull,0,0,0
2023-02,Middle Spotted Woodpecker,0,0,0
2023-02,Mistle Thrush,35,14.666596096537816,1
2023-02,Northern Fulmar,0,0,0
2023-02,Northern Gannet,0,0,0
2023-02,Northern Goshawk,0,0,0
2023-02,Northern Lapwing,8,1.7350371493528507,0.8863878842919388
2023-02,Ortolan Bunting,0,0,0
2023-02,Osprey,0,0,0
2023-02,Parrot Crossbill,0,0,0
2023-02,Peregrine Falcon,1,0.019082779276131074,0.019082779276131112
2023-02,Pied Avocet,0,0,0
2023-02,Pin-tailed Sandgrouse,0,0,0
2023-02,Pin-tailed Whydah,0,0,0
2023-02,Pink-footed Goose,0,0,0
2023-02,Razorbill,0,0,0
2023-02,Red Crossbill,0,0,0
2023-02,Red Kite,4,1.9073217300794592,0.9845085162627415
2023-02,Red-billed Chough,50,0.10645936950266081,0.10139177624600648
2023-02,Red-breasted Flycatcher,0,0,0
2023-02,Red-flanked Bluetail,0,0,0
2023-02,Red-legged Partridge,0,0,0
2023-02,Red-throated Loon,0,0,0
2023-02,Redwing,1,0.8189315006353551,0.8189315006353551
2023-02,Ring Ouzel,1,0.102263830707833,0.10226383070783296
2023-02,Ring-necked Pheasant,92,89.97414921757097,1
2023-02,River Warbler,0,0,0
2023-02,Rock Bunting,0,0,0
2023-02,Rock Partridge,0,0,0
2023-02,Rock Pigeon,1,0.430412276612988,0.430412276612988
2023-02,Rock Sparrow,0,0,0
2023-02,Rook,17,15.003768578676038,1
2023-02,Rose-ringed Parakeet,1689,1652.020761347104,1
2023-02,Rough-legged Hawk,0,0,0
2023-02,Ruddy Shelduck,0,0,0
2023-02,Ruff,0,0,0
2023-02,Sardinian Warbler,0,0,0
2023-02,Savi's Warbler,0,0,0
2023-02,Sedge Warbler,0,0,0
2023-02,Short-toed Treecreeper,0,0,0
2023-02,Siberian Accentor,0,0,0
2023-02,Small Buttonquail,0,0,0
2023-02,Song Thrush,0,0,0
2023-02,Spectacled Warbler,0,0,0
2023-02,Spotted Crake,6,1.4809923865157175,0.8274281286858193
2023-02,Spotted Flycatcher,0,0,0
2023-02,Stock Dove,0,0,0
2023-02,Subalpine Warbler,0,0,0
2023-02,Tawny Owl,94,66.35861955462738,1
2023-02,Tawny Pipit,0,0,0
2023-02,Twite,0,0,0
2023-02,Ural Owl,3,0.023407191990690586,0.023246339332499866
2023-02,Water Pipit,1,0.09048276689878752,0.09048276689878754
2023-02,Water Rail,2,0.16315020988048196,0.15881000799605605
2023-02,Western Bonelli's Warbler,0,0,0
2023-02,Western Capercaillie,3,0.2551248570928236,0.24970456891825732
2023-02,Western Orphean Warbler,0,0,0
2023-02,Western Yellow Wagtail,1,0.5648678668323074,0.5648678668323074
2023-02,Whinchat,0,0,0
2023-02,White Stork,0,0,0
2023-02,White Wagtail,0,0,0
2023-02,White-tailed Eagle,0,0,0
2023-02,White-winged Crossbill,0,0,0
2023-02,White-winged Snowfinch,0,0,0
2023-02,White-winged Tern,0,0,0
2023-02,Whooper Swan,2,0.5090408284169868,0.4444634891673698
2023-02,Willow Tit,0,0,0
2023-02,Willow Warbler,0,0,0
2023-02,Wood Lark,16,8.43318186028002,0.9999975988608225
2023-02,Wood Sandpiper,0,0,0
2023-02,Wood Warbler,0,0,0
2023-02,Yellow-billed Chough,2,0.06805539191214452,0.06737495455890918
2023-02,Yellow-browed Warbler,0,0,0
2023-02,Yellow-headed Parrot,0,0,0
2023-02,Yellow-legged Gull,0,0,0
2023-02,Yellowhammer,0,0,0
2023-03,Aquatic Warbler,1,0.39018238892230184,0.39018238892230184
2023-03,Atlantic Puffin,5,0.38087877835093276,0.3292229684148742
2023-03,Barn Owl,0,0,0
2023-03,Barn Swallow,0,0,0
2023-03,Barnacle Goose,0,0,0
2023-03,Bearded Reedling,12,2.4635289313075637,0.9752126043026281
2023-03,Black Grouse,0,0,0
2023-03,Black Kite,0,0,0
2023-03,Black Redstart,1,0.17136482227877736,0.17136482227877736
2023-03,Black Tern,0,0,0
2023-03,Black Woodpecker,6,0.1275410521157071,0.12127908491751704
2023-03,Black-bellied Plover,0,0,0
2023-03,Black-crowned Night-Heron,0,0,0
2023-03,Black-legged Kittiwake,0,0,0
2023-03,Black-tailed Godwit,0,0,0
2023-03,Bluethroat,0,0,0
2023-03,Bohemian Waxwing,0,0,0
2023-03,Boreal Owl,17,6.84671255858505,0.9999975488595135
2023-03,Canada Goose,7,2.0331661240900045,0.9403555927794618
2023-03,Carrion Crow,36,30.305964188499996,1
2023-03,Cetti's Warbler,0,0,0
2023-03,Cirl Bunting,4,0.6746518415011483,0.5296794685450449
2023-03,Coal Tit,9,7.419788109632518,0.9999999981357378
2023-03,Collared Flycatcher,0,0,0
2023-03,Common Buzzard,56,40.68428789253234,1
2023-03,Common Chaffinch,0,0,0
2023-03,Common Chiffchaff,2,1.8885379116935188,0.997189458504597
2023-03,Common Crane,2,0.5901454423774797,0.5077303982951917
2023-03,Common Cuckoo,0,0,0
2023-03,Common Firecrest,10,1.4997482357922582,0.8121308378143904
2023-03,Common Grasshopper-Warbler,1,0.5276984724653315,0.5276984724653315
2023-03,Common Greenshank,13,6.666781516533166,0.9999317834894035
2023-03,Common House-Martin,0,0,0
2023-03,Common Kingfisher,1,0.06644816785846382,0.06644816785846386
2023-03,Common Murre,1,0.03474770015717233,0.03474770015717232
2023-03,Common Nightingale,0,0,0
2023-03,Common Pochard,0,0,0
2023-03,Common Quail,0,0,0
2023-03,Common Raven,2,1.4510208062667358,0.9420815228690327
2023-03,Common Redshank,1,0.08264962487801931,0.0826496248780193
2023-03,Common Ringed Plover,0,0,0
2023-03,Common Rosefinch,0,0,0
2023-03,Common Sandpiper,9,3.61261019359782,0.9981925919543756
2023-03,Common Scoter,0,0,0
2023-03,Common Snipe,2,1.3022692586410223,0.9219252455552396
2023-03,Common Swift,0,0,0
2023-03,Common Tern,0,0,0
2023-03,Common Waxbill,0,0,0
2023-03,Common Wood-Pigeon,3,1.4310924738665753,0.8586467784832161
2023-03,Corn Bunting,0,0,0
2023-03,Corsican Finch,0,0,0
2023-03,Corsican Nuthatch,0,0,0
2023-03,Crested Lark,2,0.05819671080413254,0.057408831865810694
2023-03,Crested Tit,1,0.03195238825114203,0.031952388251141994
2023-03,Dartford Warbler,0,0,0
2023-03,Dunnock,23,9.449701684272677,0.9999967198173513
2023-03,Egyptian Goose,14,6.222454599889306,0.9999992340836547
2023-03,Eurasian Blackbird,88,56.155247335985,1
2023-03,Eurasian Blackcap,1,0.9524597606997405,0.9524597606997405
2023-03,Eurasian Blue Tit,285,257.20260875458075,1
2023-03,Eurasian Bullfinch,8,7.057300376748312,0.99999999401073
2023-03,Eurasian Collared-Dove,1,0.4282753685061963,0.4282753685061963
2023-03,Eurasian Coot,0,0,0
2023-03,Eurasian Crag-Martin,0,0,0
2023-03,Eurasian Curlew,11,3.749513398476642,0.9980133106353997
2023-03,Eurasian Dotterel,0,0,0
2023-03,Eurasian Eagle-Owl,22,1.8748400465179151,0.8860960114928347
2023-03,Eurasian Golden Oriole,1,0.16512417252076855,0.1651241725207685
2023-03,Eurasian Green Woodpecker,151,142.7972816878138,1
2023-03,Eurasian Hobby,19,2.885505500820649,0.9664578070912322
2023-03,Eurasian Hoopoe,0,0,0
2023-03,Eurasian Jackdaw,1620,1521.4930658263843,1
2023-03,Eurasian Jay,16,6.941249332476981,0.9999997200658788
2023-03,Eurasian Kestrel,0,0,0
2023-03,Eurasian Linnet,0,0,0
2023-03,Eurasian Magpie,58,13.426021981079321,0.999999998926727
2023-03,Eurasian Moorhen,7,5.213448880967138,0.9999991846351388
2023-03,Eurasian Nightjar,1,0.06571194496090671,0.06571194496090671
2023-03,Eurasian Nutcracker,0,0,0
2023-03,Eurasian Nuthatch,15,7.33014294948678,0.9999995938405115
2023-03,Eurasian Oystercatcher,1,0.0636449333352974,0.06364493333529742
2023-03,Eurasian Penduline-Tit,1,0.050748522028016385,0.050748522028016385
2023-03,Eurasian Pygmy-Owl,1,0.2697596031457309,0.2697596031457309
2023-03,Eurasian Reed Warbler,1,0.05319125470351062,0.053191254703510604
2023-03,Eurasian Scops-Owl,1,0.06947449259690078,0.06947449259690075
2023-03,Eurasian Siskin,7,4.3135348284917825,0.9995286842796306
2023-03,Eurasian Thick-knee,0,0,0
2023-03,Eurasian Three-toed Woodpecker,0,0,0
2023-03,Eurasian Treecreeper,49,12.742555443356471,0.9999999958487594
2023-03,Eurasian Wigeon,1,0.041850184955301115,0.04185018495530113
2023-03,Eurasian Woodcock,2,1.954213442881915,0.999976921021436
2023-03,Eurasian Wren,245,216.64006968799788,1
2023-03,Eurasian Wryneck,250,105.09484666727857,1
2023-03,European Bee-eater,0,0,0
2023-03,European Golden-Plover,0,0,0
2023-03,European Goldfinch,7,5.077346419369692,0.9999632200724753
2023-03,European Greenfinch,3,0.31193673917503356,0.2841507275148343
2023-03,European Honey-buzzard,1,0.0525549083639904,0.05255490836399035
2023-03,European Pied Flycatcher,0,0,0
2023-03,European Robin,158,132.97863512745744,1
2023-03,European Roller,0,0,0
2023-03,European Serin,6,0.27083927790773427,0.24344196041276955
2023-03,European Starling,0,0,0
2023-03,European Stonechat,1,0.813060238396899,0.813060238396899
2023-03,European Storm-Petrel,0,0,0
2023-03,European Turtle-Dove,0,0,0
2023-03,Fieldfare,0,0,0
2023-03,Garden Warbler,0,0,0
2023-03,Goldcrest,3,1.3360010094550154,0.8360270268541963
2023-03,Golden Eagle,0,0,0
2023-03,Gray Heron,0,0,0
2023-03,Gray Partridge,5,1.0978889572280683,0.7132826884543619
2023-03,Gray Wagtail,3,0.8199655244466583,0.626379525792824
2023-03,Gray-headed Woodpecker,16,0.18941281901913745,0.17412049520002904
2023-03,Graylag Goose,2,1.6766969709972055,0.9779241194318781
2023-03,Great Bittern,122,6.1390517627610945,0.9995331253959464
2023-03,Great Black-backed Gull,1,0.3241053761400668,0.32410537614006685
2023-03,Great Crested Grebe,0,0,0
2023-03,Great Reed Warbler,0,0,0
2023-03,Great Skua,0,0,0
2023-03,Great Spotted Woodpecker,31,24.847982770432527,1
2023-03,Great Tit,35,28.492948175559896,1
2023-03,Greater Short-toed Lark,0,0,0
2023-03,Greater White-fronted Goose,0,0,0
2023-03,Greater Whitethroat,0,0,0
2023-03,Green Sandpiper,7,2.055510218805702,0.9289815328584702
2023-03,Green-winged Teal,3,0.20594237126972478,0.19339355894051635
2023-03,Hawfinch,0,0,0
2023-03,Hazel Grouse,0,0,0
2023-03,Herring Gull,1,0.5754480559988819,0.5754480559988819
2023-03,Hooded Crow,8,4.872743889445676,0.9999048879682975
2023-03,Horned Lark,0,0,0
2023-03,Iberian Chiffchaff,2,0.08076508970727211,0.07947341150381237
2023-03,Iberian Green Woodpecker,0,0,0
2023-03,Lady Amherst's Pheasant,0,0,0
2023-03,Lesser Black-backed Gull,0,0,0
2023-03,Lesser Kestrel,0,0,0
2023-03,Lesser Spotted Woodpecker,8,1.2671586286597174,0.7811760051472412
2023-03,Lesser Whitethroat,0,0,0
2023-03,Little Bittern,0,0,0
2023-03,Little Crake,0,0,0
2023-03,Little Grebe,0,0,0
2023-03,Little Owl,17,13.040920482257084,0.9999999999994553
2023-03,Little Ringed Plover,0,0,0
2023-03,Long-eared Owl,8,0.4359844549184634,0.36513011500138737
2023-03,Long-tailed Tit,14,11.375528997763642,0.9999999999992786
2023-03,Mallard,0,0,0
2023-03,Mandarin Duck,6,4.800426622600084,0.9999990165568924
2023-03,Manx Shearwater,5,0.15891028400225032,0.14953956704480553
2023-03,Marmora's Warbler,0,0,0
2023-03,Marsh Tit,14,1.7928369869515652,0.8918513928595982
2023-03,Mediterranean Flycatcher,0,0,0
2023-03,Mediterranean Gull,0,0,0
2023-03,Mew Gull,0,0,0
2023-03,Middle Spotted Woodpecker,0,0,0
2023-03,Mistle Thrush,202,85.82221360807554,1
2023-03,Northern Fulmar,0,0,0
2023-03,Northern Gannet,0,0,0
2023-03,Northern Goshawk,3,2.094406327748585,0.9764968093730797
2023-03,Northern Lapwing,1,0.08070422395031725,0.08070422395031729
2023-03,Ortolan Bunting,1,0.6627300078049673,0.6627300078049673
2023-03,Osprey,1,0.031236718760229036,0.031236718760229043
2023-03,Parrot Crossbill,0,0,0
2023-03,Peregrine Falcon,0,0,0
2023-03,Pied Avocet,0,0,0
2023-03,Pin-tailed Sandgrouse,0,0,0
2023-03,Pin-tailed Whydah,0,0,0
2023-03,Pink-footed Goose,0,0,0
2023-03,Razorbill,1,0.022709552608148026,0.022709552608147998
2023-03,Red Crossbill,0,0,0
2023-03,Red Kite,21,10.010912743397846,0.9999999840150338
2023-03,Red-billed Chough,110,0.31072210539409506,0.2680791594270381
2023-03,Red-breasted Flycatcher,0,0,0
2023-03,Red-flanked Bluetail,0,0,0
2023-03,Red-legged Partridge,0,0,0
2023-03,Red-throated Loon,0,0,0
2023-03,Redwing,12,9.268877449771741,0.9999999995299892
2023-03,Ring Ouzel,2,0.27920756416561354,0.26429385114517145
2023-03,Ring-necked Pheasant,605,590.8609498312563,1
2023-03,River Warbler,0,0,0
2023-03,Rock Bunting,2,0.3796147775636046,0.35080051635497045
2023-03,Rock Partridge,0,0,0
2023-03,Rock Pigeon,1,0.2626892654621873,0.2626892654621873
2023-03,Rock Sparrow,0,0,0
2023-03,Rook,22,18.821535685912604,1
2023-03,Rose-ringed Parakeet,2075,2036.8490730372516,1
2023-03,Rough-legged Hawk,0,0,0
2023-03,Ruddy Shelduck,1,0.07266232832485374,0.07266232832485375
2023-03,Ruff,0,0,0
2023-03,Sardinian Warbler,0,0,0
2023-03,Savi's Warbler,0,0,0
2023-03,Sedge Warbler,0,0,0
2023-03,Short-toed Treecreeper,2,0.5339372462768371,0.4658710060991358
2023-03,Siberian Accentor,0,0,0
2023-03,Small Buttonquail,0,0,0
2023-03,Song Thrush,0,0,0
2023-03,Spectacled Warbler,0,0,0
2023-03,Spotted Crake,0,0,0
2023-03,Spotted Flycatcher,1,0.10723802001177701,0.10723802001177707
2023-03,Stock Dove,0,0,0
2023-03,Subalpine Warbler,0,0,0
2023-03,Tawny Owl,55,41.00834746165271,1
2023-03,Tawny Pipit,0,0,0
2023-03,Twite,0,0,0
2023-03,Ural Owl,1,0.003252990118728576,0.0032529901187285937
2023-03,Water Pipit,0,0,0
2023-03,Water Rail,2,0.09381610529269502,0.09165482984527396
2023-03,Western Bonelli's Warbler,0,0,0
2023-03,Western Capercaillie,13,0.10833199587404266,0.10314205321157133
2023-03,Western Orphean Warbler,1,0.08286425130617325,0.08286425130617325
2023-03,Western Yellow Wagtail,1,0.1417845362857924,0.14178453628579246
2023-03,Whinchat,0,0,0
2023-03,White Stork,0,0,0
2023-03,White Wagtail,1,0.12100413767647801,0.121004137676478
2023-03,White-tailed Eagle,0,0,0
2023-03,White-winged Crossbill,0,0,0
2023-03,White-winged Snowfinch,0,0,0
2023-03,White-winged Tern,0,0,0
2023-03,Whooper Swan,1,0.857458122622183,0.857458122622183
2023-03,Willow Tit,0,0,0
2023-03,Willow Warbler,2,0.2588626163823025,0.24297009401352754
2023-03,Wood Lark,26,15.26539756359802,0.9999999999982216
2023-03,Wood Sandpiper,0,0,0
2023-03,Wood Warbler,1,0.36587774725520233,0.3658777472552024
2023-03,Yellow-billed Chough,2,0.19621316613082035,0.19111551136577065
2023-03,Yellow-browed Warbler,0,0,0
2023-03,Yellow-headed Parrot,0,0,0
2023-03,Yellow-legged Gull,0,0,0
2023-03,Yellowhammer,0,0,0
2023-04,Aquatic Warbler,2,1.0201107793484971,0.8406557567749611
2023-04,Atlantic Puffin,7,0.7300364681814627,0.5390244067693615
2023-04,Barn Owl,4,3.3122280175448386,0.9994218374591555
2023-04,Barn Swallow,1,0.12487171290072084,0.12487171290072085
2023-04,Barnacle Goose,0,0,0
2023-04,Bearded Reedling,0,0,0
2023-04,Black Grouse,1,0.17836245179728874,0.1783624517972887
2023-04,Black Kite,1,0.8881910077841477,0.8881910077841477
2023-04,Black Redstart,1,0.3501821337322237,0.35018213373222373
2023-04,Black Tern,0,0,0
2023-04,Black Woodpecker,12,0.3665914584381067,0.31316967469650214
2023-04,Black-bellied Plover,0,0,0
2023-04,Black-crowned Night-Heron,0,0,0
2023-04,Black-legged Kittiwake,2,0.22364448707959408,0.21193370701729086
2023-04,Black-tailed Godwit,2,0.09558950591338475,0.09379718120787683
2023-04,Bluethroat,1,0.1343898463694459,0.13438984636944584
2023-04,Bohemian Waxwing,4,0.784188302392354,0.5880351319553137
2023-04,Boreal Owl,10,5.853574525772329,0.9999936815337758
2023-04,Canada Goose,8,1.421575136202448,0.8052045685015943
2023-04,Carrion Crow,22,18.131235582226815,1
2023-04,Cetti's Warbler,0,0,0
2023-04,Cirl Bunting,18,3.81013172903331,0.9938491187615979
2023-04,Coal Tit,36,30.352530851401706,1
2023-04,Collared Flycatcher,1,0.5260972746969955,0.5260972746969955
2023-04,Common Buzzard,13,8.425050612292187,0.9999999901422061
2023-04,Common Chaffinch,2,1.8047394561813646,0.9935684844757796
2023-04,Common Chiffchaff,79,71.23520364277898,1
2023-04,Common Crane,9,3.419142776003641,0.9965802370933167
2023-04,Common Cuckoo,0,0,0
2023-04,Common Firecrest,22,6.099791135747243,0.9998146585097237
2023-04,Common Grasshopper-Warbler,15,4.579125412437816,0.9984127641604035
2023-04,Common Greenshank,1,0.4074261936022906,0.4074261936022906
2023-04,Common House-Martin,0,0,0
2023-04,Common Kingfisher,6,1.0354309849323382,0.6877960944212329
2023-04,Common Murre,1,0.031165032349989404,0.031165032349989352
2023-04,Common Nightingale,0,0,0
2023-04,Common Pochard,1,0.08851172308472631,0.08851172308472632
2023-04,Common Quail,0,0,0
2023-04,Common Raven,0,0,0
2023-04,Common Redshank,0,0,0
2023-04,Common Ringed Plover,0,0,0
2023-04,Common Rosefinch,0,0,0
2023-04,Common Sandpiper,4,1.5544069556467284,0.9379884948399008
2023-04,Common Scoter,0,0,0
2023-04,Common Snipe,2,0.4339784523329421,0.3871724183656935
2023-04,Common Swift,1,0.19101039554600588,0.19101039554600585
2023-04,Common Tern,0,0,0
2023-04,Common Waxbill,1,0.044643207919371465,0.044643207919371486
2023-04,Common Wood-Pigeon,2,1.744098113064728,0.9870932930012876
2023-04,Corn Bunting,0,0,0
2023-04,Corsican Finch,6,0.35486015955305183,0.3181295432655903
2023-04,Corsican Nuthatch,4,0.22960545882801492,0.21137988258213336
2023-04,Crested Lark,4,0.31372724023251863,0.2834605248472505
2023-04,Crested Tit,7,0.3909502766459185,0.33557035265402013
2023-04,Dartford Warbler,0,0,0
2023-04,Dunnock,317,222.9819452946667,1
2023-04,Egyptian Goose,5,1.8521522220928492,0.9569259321508047
2023-04,Eurasian Blackbird,116,69.35897207431522,1
2023-04,Eurasian Blackcap,50,45.98518205272201,1
2023-04,Eurasian Blue Tit,634,566.7740420161424,1
2023-04,Eurasian Bullfinch,5,4.383018093264944,0.9999905585591375
2023-04,Eurasian Collared-Dove,1,0.7164344957246512,0.7164344957246512
2023-04,Eurasian Coot,1,0.4062475031609854,0.40624750316098546
2023-04,Eurasian Crag-Martin,0,0,0
2023-04,Eurasian Curlew,8,3.5541987188337307,0.9968871094445891
2023-04,Eurasian Dotterel,0,0,0
2023-04,Eurasian Eagle-Owl,13,1.0441421159453494,0.6788711742576301
2023-04,Eurasian Golden Oriole,4,0.647670576588668,0.5105031993205861
2023-04,Eurasian Green Woodpecker,196,184.98237324368395,1
2023-04,Eurasian Hobby,7,1.3469790903130994,0.7933308310267813
2023-04,Eurasian Hoopoe,1,0.4964551948206949,0.4964551948206949
2023-04,Eurasian Jackdaw,676,635.0432149177846,1
2023-04,Eurasian Jay,9,5.667382417708805,0.999999045087581
2023-04,Eurasian Kestrel,1,0.2388089880519521,0.23880898805195216
2023-04,Eurasian Linnet,0,0,0
2023-04,Eurasian Magpie,33,11.427269016886616,0.9999999999999905
2023-04,Eurasian Moorhen,2,1.492979443247843,0.9357830177949142
2023-04,Eurasian Nightjar,0,0,0
2023-04,Eurasian Nutcracker,0,0,0
2023-04,Eurasian Nuthatch,81,42.6490738660826,1
2023-04,Eurasian Oystercatcher,2,0.05384494295090395,0.05312021693597824
2023-04,Eurasian Penduline-Tit,2,0.09736560294395413,0.09499971682189312
2023-04,Eurasian Pygmy-Owl,0,0,0
2023-04,Eurasian Reed Warbler,0,0,0
2023-04,Eurasian Scops-Owl,0,0,0
2023-04,Eurasian Siskin,10,4.698535232872746,0.9992602380724122
2023-04,Eurasian Thick-knee,0,0,0
2023-04,Eurasian Three-toed Woodpecker,2,0.4987296228680162,0.4954551781771218
2023-04,Eurasian Treecreeper,87,19.975810689445773,0.9999999999999623
2023-04,Eurasian Wigeon,0,0,0
2023-04,Eurasian Woodcock,7,5.980313564196076,0.9999999999994672
2023-04,Eurasian Wren,834,706.8928178533796,1
2023-04,Eurasian Wryneck,193,71.68547013624168,1
2023-04,European Bee-eater,1,0.2839232717594877,0.2839232717594877
2023-04,European Golden-Plover,0,0,0
2023-04,European Goldfinch,27,18.932578364248382,1
2023-04,European Greenfinch,18,4.24704381960516,0.9990765412752654
2023-04,European Honey-buzzard,2,0.332974179724902,0.3058347836301295
2023-04,European Pied Flycatcher,0,0,0
2023-04,European Robin,492,412.2442600230972,1
2023-04,European Roller,1,0.0695073414278586,0.06950734142785864
2023-04,European Serin,11,2.0128992219186754,0.9629186391372606
2023-04,European Starling,1,0.173344643157604,0.173344643157604
2023-04,European Stonechat,2,1.6908091969011223,0.9803124602168622
2023-04,European Storm-Petrel,0,0,0
2023-04,European Turtle-Dove,2,0.30280263451010087,0.2863099815206518
2023-04,Fieldfare,1,0.056657658768241914,0.056657658768241914
2023-04,Garden Warbler,0,0,0
2023-04,Goldcrest,10,3.9303500156406845,0.9939528164316691
2023-04,Golden Eagle,0,0,0
2023-04,Gray Heron,0,0,0
2023-04,Gray Partridge,5,1.4069400646873067,0.8588984961095472
2023-04,Gray Wagtail,11,4.30698795504861,0.9977203671641083
2023-04,Gray-headed Woodpecker,6,0.10490634541817045,0.1009681241947693
2023-04,Graylag Goose,2,1.5016775508149642,0.9581264953293114
2023-04,Great Bittern,57,2.900924580400211,0.9591680572882715
2023-04,Great Black-backed Gull,0,0,0
2023-04,Great Crested Grebe,0,0,0
2023-04,Great Reed Warbler,0,0,0
2023-04,Great Skua,0,0,0
2023-04,Great Spotted Woodpecker,27,23.147634124314493,1
2023-04,Great Tit,87,72.14734150945814,1
2023-04,Greater Short-toed Lark,0,0,0
2023-04,Greater White-fronted Goose,0,0,0
2023-04,Greater Whitethroat,1,0.03087315129539483,0.030873151295394807
2023-04,Green Sandpiper,3,0.8646503074991454,0.7374809498283097
2023-04,Green-winged Teal,2,0.09788250610649354,0.095669299643104
2023-04,Hawfinch,8,3.019015977148431,0.9815557011945115
2023-04,Hazel Grouse,0,0,0
2023-04,Herring Gull,0,0,0
2023-04,Hooded Crow,10,5.933124502111336,0.9999808993588017
2023-04,Horned Lark,0,0,0
2023-04,Iberian Chiffchaff,6,0.23380515461179652,0.2127312142089791
2023-04,Iberian Green Woodpecker,0,0,0
2023-04,Lady Amherst's Pheasant,0,0,0
2023-04,Lesser Black-backed Gull,0,0,0
2023-04,Lesser Kestrel,0,0,0
2023-04,Lesser Spotted Woodpecker,4,0.4525106792510531,0.38933315181077
2023-04,Lesser Whitethroat,3,1.6267522609802012,0.9468259476227064
2023-04,Little Bittern,1,0.013738271966300855,0.013738271966300841
2023-04,Little Crake,0,0,0
2023-04,Little Grebe,0,0,0
2023-04,Little Owl,5,3.8088365165965783,0.9998542378740133
2023-04,Little Ringed Plover,4,0.8824208052888083,0.6700158746679447
2023-04,Long-eared Owl,8,0.5848726459630673,0.4747790707352707
2023-04,Long-tailed Tit,9,7.423439425124238,0.9999999916574421
2023-04,Mallard,1,0.065116350170483,0.065116350170483
2023-04,Mandarin Duck,4,2.934897537175316,0.998290827335031
2023-04,Manx Shearwater,5,0.14608947087890264,0.13795578268674336
2023-04,Marmora's Warbler,0,0,0
2023-04,Marsh Tit,5,0.5928205575250833,0.47733965996577843
2023-04,Mediterranean Flycatcher,0,0,0
2023-04,Mediterranean Gull,0,0,0
2023-04,Mew Gull,0,0,0
2023-04,Middle Spotted Woodpecker,0,0,0
2023-04,Mistle Thrush,168,62.65617431480358,1
2023-04,Northern Fulmar,0,0,0
2023-04,Northern Gannet,0,0,0
2023-04,Northern Goshawk,1,0.6151347746131405,0.6151347746131405
2023-04,Northern Lapwing,0,0,0
2023-04,Ortolan Bunting,0,0,0
2023-04,Osprey,0,0,0
2023-04,Parrot Crossbill,2,0.08694986213127617,0.08511385574050623
2023-04,Peregrine Falcon,0,0,0
2023-04,Pied Avocet,0,0,0
2023-04,Pin-tailed Sandgrouse,0,0,0
2023-04,Pin-tailed Whydah,0,0,0
2023-04,Pink-footed Goose,0,0,0
2023-04,Razorbill,0,0,0
2023-04,Red Crossbill,1,0.04849474159064277,0.04849474159064282
2023-04,Red Kite,14,7.567726637039786,0.9999994938383108
2023-04,Red-billed Chough,72,0.12658149288905485,0.1191269900868589
2023-04,Red-breasted Flycatcher,0,0,0
2023-04,Red-flanked Bluetail,0,0,0
2023-04,Red-legged Partridge,0,0,0
2023-04,Red-throated Loon,0,0,0
2023-04,Redwing,0,0,0
2023-04,Ring Ouzel,3,0.17569968273172998,0.16569733448226542
2023-04,Ring-necked Pheasant,188,178.5247924352116,1
2023-04,River Warbler,0,0,0
2023-04,Rock Bunting,8,3.163744762337519,0.9962395348327743
2023-04,Rock Partridge,1,0.03368105947405475,0.03368105947405475
2023-04,Rock Pigeon,5,1.8856994534774831,0.9267909455594449
2023-04,Rock Sparrow,0,0,0
2023-04,Rook,21,17.815549376315833,1
2023-04,Rose-ringed Parakeet,1596,1559.4566444179238,1
2023-04,Rough-legged Hawk,0,0,0
2023-04,Ruddy Shelduck,0,0,0
2023-04,Ruff,0,0,0
2023-04,Sardinian Warbler,0,0,0
2023-04,Savi's Warbler,0,0,0
2023-04,Sedge Warbler,0,0,0
2023-04,Short-toed Treecreeper,7,2.325729503180269,0.9444991316661976
2023-04,Siberian Accentor,0,0,0
2023-04,Small Buttonquail,0,0,0
2023-04,Song Thrush,3,1.2281738967253624,0.9111693866434821
2023-04,Spectacled Warbler,0,0,0
2023-04,Spotted Crake,0,0,0
2023-04,Spotted Flycatcher,1,0.47674223628402684,0.4767422362840268
2023-04,Stock Dove,0,0,0
2023-04,Subalpine Warbler,0,0,0
2023-04,Tawny Owl,17,11.056986108376188,0.9999999999982782
2023-04,Tawny Pipit,0,0,0
2023-04,Twite,0,0,0
2023-04,Ural Owl,0,0,0
2023-04,Water Pipit,0,0,0
2023-04,Water Rail,1,0.025163098178389527,0.025163098178389576
2023-04,Western Bonelli's Warbler,1,0.06836716187770221,0.0683671618777022
2023-04,Western Capercaillie,8,0.08888223517734607,0.0855566588527037
2023-04,Western Orphean Warbler,0,0,0
2023-04,Western Yellow Wagtail,2,0.24080272134982889,0.2263074124154275
2023-04,Whinchat,1,0.3889818055076455,0.3889818055076455
2023-04,White Stork,0,0,0
2023-04,White Wagtail,0,0,0
2023-04,White-tailed Eagle,1,0.07170456895244771,0.0717045689524477
2023-04,White-winged Crossbill,1,0.04017979900253632,0.04017979900253632
2023-04,White-winged Snowfinch,1,0.05531460390264573,0.055314603902645754
2023-04,White-winged Tern,0,0,0
2023-04,Whooper Swan,0,0,0
2023-04,Willow Tit,4,1.7395818559313798,0.9015255312452836
2023-04,Willow Warbler,7,2.7829598840967615,0.9883169678789253
2023-04,Wood Lark,51,27.111042666869725,1
2023-04,Wood Sandpiper,1,0.05038046936036427,0.05038046936036422
2023-04,Wood Warbler,0,0,0
2023-04,Yellow-billed Chough,0,0,0
2023-04,Yellow-browed Warbler,0,0,0
2023-04,Yellow-headed Parrot,0,0,0
2023-04,Yellow-legged Gull,0,0,0
2023-04,Yellowhammer,0,0,0
2023-05,Aquatic Warbler,1,0.3662654898481932,0.3662654898481932
2023-05,Atlantic Puffin,12,1.3272852778024122,0.7657829702423892
2023-05,Barn Owl,2,1.9408311043163464,0.9993014445042174
2023-05,Barn Swallow,1,0.3042423760482185,0.3042423760482186
2023-05,Barnacle Goose,2,1.0572480172064531,0.8392291300000361
2023-05,Bearded Reedling,1,0.1020307648710413,0.10203076487104135
2023-05,Black Grouse,0,0,0
2023-05,Black Kite,1,0.8216961824931391,0.8216961824931391
2023-05,Black Redstart,0,0,0
2023-05,Black Tern,0,0,0
2023-05,Black Woodpecker,23,0.9509004830905727,0.6280960600311102
2023-05,Black-bellied Plover,0,0,0
2023-05,Black-crowned Night-Heron,1,0.14647842017973298,0.146478420179733
2023-05,Black-legged Kittiwake,6,0.5476080156194294,0.4394478412495244
2023-05,Black-tailed Godwit,2,0.052562716300207285,0.05189930760665251
2023-05,Bluethroat,0,0,0
2023-05,Bohemian Waxwing,0,0,0
2023-05,Boreal Owl,7,3.020594478859251,0.9974185640855231
2023-05,Canada Goose,2,0.4489675327411276,0.40371111866401055
2023-05,Carrion Crow,162,139.1924903231444,1
2023-05,Cetti's Warbler,0,0,0
2023-05,Cirl Bunting,7,1.0622623753358893,0.6956595507317651
2023-05,Coal Tit,16,13.27195326647005,0.9999999999999842
2023-05,Collared Flycatcher,1,0.305099851413633,0.30509985141363294
2023-05,Common Buzzard,36,21.223339769290224,1
2023-05,Common Chaffinch,1,0.7692326091847735,0.7692326091847735
2023-05,Common Chiffchaff,27,23.97992438058273,1
2023-05,Common Crane,3,0.642054025976122,0.5146403110648956
2023-05,Common Cuckoo,1,0.1249249320201475,0.12492493202014754
2023-05,Common Firecrest,20,3.162360445139939,0.9726677680701369
2023-05,Common Grasshopper-Warbler,4,1.283264509751879,0.7948591300033656
2023-05,Common Greenshank,0,0,0
2023-05,Common House-Martin,0,0,0
2023-05,Common Kingfisher,0,0,0
2023-05,Common Murre,0,0,0
2023-05,Common Nightingale,1,0.7478233583749856,0.7478233583749856
2023-05,Common Pochard,0,0,0
2023-05,Common Quail,1,0.2232581597631681,0.2232581597631681
2023-05,Common Raven,1,0.5060816065925925,0.5060816065925925
2023-05,Common Redshank,0,0,0
2023-05,Common Ringed Plover,0,0,0
2023-05,Common Rosefinch,0,0,0
2023-05,Common Sandpiper,26,10.94514297630303,0.9999999999777276
2023-05,Common Scoter,0,0,0
2023-05,Common Snipe,0,0,0
2023-05,Common Swift,0,0,0
2023-05,Common Tern,0,0,0
2023-05,Common Waxbill,0,0,0
2023-05,Common Wood-Pigeon,8,5.05029898194108,0.9998893495955237
2023-05,Corn Bunting,0,0,0
2023-05,Corsican Finch,1,0.03430407181109319,0.034304071811093184
2023-05,Corsican Nuthatch,0,0,0
2023-05,Crested Lark,0,0,0
2023-05,Crested Tit,1,0.09748026260108479,0.09748026260108478
2023-05,Dartford Warbler,1,0.8228681323748511,0.8228681323748511
2023-05,Dunnock,69,38.97274517305751,1
2023-05,Egyptian Goose,1,0.21576265656337618,0.21576265656337612
2023-05,Eurasian Blackbird,87,52.79840554549416,1
2023-05,Eurasian Blackcap,239,218.6514477030452,1
2023-05,Eurasian Blue Tit,398,350.3605749313674,1
2023-05,Eurasian Bullfinch,20,16.609637454604236,1
2023-05,Eurasian Collared-Dove,0,0,0
2023-05,Eurasian Coot,0,0,0
2023-05,Eurasian Crag-Martin,2,0.13756122946768365,0.1332139097852807
2023-05,Eurasian Curlew,28,7.676887106578139,0.9999575810682831
2023-05,Eurasian Dotterel,0,0,0
2023-05,Eurasian Eagle-Owl,9,0.5992255100676562,0.46723107763303984
2023-05,Eurasian Golden Oriole,19,5.261432158318694,0.9989852195784684
2023-05,Eurasian Green Woodpecker,155,147.88174153620054,1
2023-05,Eurasian Hobby,0,0,0
2023-05,Eurasian Hoopoe,2,0.24466422189885723,0.22984234639350054
2023-05,Eurasian Jackdaw,1680,1599.9352899911682,1
2023-05,Eurasian Jay,7,2.4003428028802545,0.9699231265843875
2023-05,Eurasian Kestrel,0,0,0
2023-05,Eurasian Linnet,1,0.3563491302005889,0.3563491302005889
2023-05,Eurasian Magpie,70,26.170669910943356,1
2023-05,Eurasian Moorhen,2,1.4456323499277786,0.923530969294167
2023-05,Eurasian Nightjar,1,0.04726059755727773,0.04726059755727774
2023-05,Eurasian Nutcracker,2,0.11737842797369014,0.11449897069718418
2023-05,Eurasian Nuthatch,30,20.641850067244004,1
2023-05,Eurasian Oystercatcher,0,0,0
2023-05,Eurasian Penduline-Tit,4,0.17568980606173107,0.16499795567540287
2023-05,Eurasian Pygmy-Owl,0,0,0
2023-05,Eurasian Reed Warbler,0,0,0
2023-05,Eurasian Scops-Owl,3,0.355557650990963,0.3203586925162223
2023-05,Eurasian Siskin,2,0.6632179320344349,0.5607448084864243
2023-05,Eurasian Thick-knee,0,0,0
2023-05,Eurasian Three-toed Woodpecker,2,0.02175079461180372,0.021678657837705506
2023-05,Eurasian Treecreeper,50,7.24540809021633,0.9998592383646757
2023-05,Eurasian Wigeon,0,0,0
2023-05,Eurasian Woodcock,6,5.066992455296434,0.9999999323310471
2023-05,Eurasian Wren,1596,1295.3293394099856,1
2023-05,Eurasian Wryneck,18,7.096677888799265,0.9999984777205577
2023-05,European Bee-eater,0,0,0
2023-05,European Golden-Plover,3,0.856190425994991,0.652514859841008
2023-05,European Goldfinch,11,7.4880425296418185,0.9999997999893794
2023-05,European Greenfinch,8,0.9310108390462104,0.6386066449009531
2023-05,European Honey-buzzard,1,0.21100538868397814,0.2110053886839781
2023-05,European Pied Flycatcher,3,1.1827502425672611,0.7810502726472235
2023-05,European Robin,151,123.41353462148,1
2023-05,European Roller,0,0,0
2023-05,European Serin,6,0.2711376079745518,0.24871685447487413
2023-05,European Starling,0,0,0
2023-05,European Stonechat,0,0,0
2023-05,European Storm-Petrel,4,2.5442846518993347,0.9848214424128563
2023-05,European Turtle-Dove,1,0.0536051001610305,0.05360510016103048
2023-05,Fieldfare,2,1.0736627464315003,0.8206952462188271
2023-05,Garden Warbler,1,0.6025704806270523,0.6025704806270523
2023-05,Goldcrest,8,4.0446307320983585,0.9990626686449677
2023-05,Golden Eagle,0,0,0
2023-05,Gray Heron,3,0.16777798297705898,0.1595684096784531
2023-05,Gray Partridge,2,0.36522528457387105,0.3320155366134795
2023-05,Gray Wagtail,60,20.773907447089815,0.999999999999463
2023-05,Gray-headed Woodpecker,5,0.12442101537848171,0.11915819178184539
2023-05,Graylag Goose,10,9.104770552114655,1
2023-05,Great Bittern,49,1.7426898414268321,0.8448714358918524
2023-05,Great Black-backed Gull,1,0.3234067605267044,0.32340676052670436
2023-05,Great Crested Grebe,0,0,0
2023-05,Great Reed Warbler,0,0,0
2023-05,Great Skua,0,0,0
2023-05,Great Spotted Woodpecker,79,66.32932034552854,1
2023-05,Great Tit,84,69.72288027566414,1
2023-05,Greater Short-toed Lark,0,0,0
2023-05,Greater White-fronted Goose,0,0,0
2023-05,Greater Whitethroat,5,0.3227541760038183,0.2875769261253188
2023-05,Green Sandpiper,2,0.23406226489523968,0.22050397528273835
2023-05,Green-winged Teal,0,0,0
2023-05,Hawfinch,1,0.33439270440830465,0.3343927044083047
2023-05,Hazel Grouse,0,0,0
2023-05,Herring Gull,0,0,0
2023-05,Hooded Crow,74,44.40249422220098,1
2023-05,Horned Lark,0,0,0
2023-05,Iberian Chiffchaff,5,0.1621324826417268,0.15227057012802936
2023-05,Iberian Green Woodpecker,2,0.037845956740005376,0.037514282797659004
2023-05,Lady Amherst's Pheasant,0,0,0
2023-05,Lesser Black-backed Gull,0,0,0
2023-05,Lesser Kestrel,0,0,0
2023-05,Lesser Spotted Woodpecker,1,0.1768916326922388,0.17689163269223884
2023-05,Lesser Whitethroat,1,0.2015803461924125,0.2015803461924125
2023-05,Little Bittern,1,0.018077891519654634,0.018077891519654665
2023-05,Little Crake,0,0,0
2023-05,Little Grebe,0,0,0
2023-05,Little Owl,90,67.1560685944394,1
2023-05,Little Ringed Plover,1,0.3856700709781482,0.3856700709781482
2023-05,Long-eared Owl,4,0.2253498318354461,0.21102923301625465
2023-05,Long-tailed Tit,18,15.165393335430782,1
2023-05,Mallard,0,0,0
2023-05,Mandarin Duck,0,0,0
2023-05,Manx Shearwater,4,0.19831675875690877,0.1871288837438495
2023-05,Marmora's Warbler,0,0,0
2023-05,Marsh Tit,1,0.05256345337044009,0.052563453370440105
2023-05,Mediterranean Flycatcher,0,0,0
2023-05,Mediterranean Gull,1,0.07620586684436702,0.07620586684436703
2023-05,Mew Gull,0,0,0
2023-05,Middle Spotted Woodpecker,0,0,0
2023-05,Mistle Thrush,40,12.6267322367518,0.9999999974978419
2023-05,Northern Fulmar,0,0,0
2023-05,Northern Gannet,0,0,0
2023-05,Northern Goshawk,6,4.749449276137667,0.999929525962242
2023-05,Northern Lapwing,2,0.5259640913181858,0.464446528851014
2023-05,Ortolan Bunting,3,1.5446693961977898,0.8897178286005233
2023-05,Osprey,0,0,0
2023-05,Parrot Crossbill,0,0,0
2023-05,Peregrine Falcon,0,0,0
2023-05,Pied Avocet,0,0,0
2023-05,Pin-tailed Sandgrouse,1,0.07283013596452934,0.07283013596452936
2023-05,Pin-tailed Whydah,0,0,0
2023-05,Pink-footed Goose,1,0.5448530944904826,0.5448530944904826
2023-05,Razorbill,0,0,0
2023-05,Red Crossbill,0,0,0
2023-05,Red Kite,24,18.216000492578463,1
2023-05,Red-billed Chough,131,1.1639838210433897,0.8369592465706549
2023-05,Red-breasted Flycatcher,0,0,0
2023-05,Red-flanked Bluetail,0,0,0
2023-05,Red-legged Partridge,1,0.1075778099685289,0.10757780996852895
2023-05,Red-throated Loon,6,0.3158588070201138,0.2875467967796974
2023-05,Redwing,0,0,0
2023-05,Ring Ouzel,9,1.4523135636910498,0.8486895943550417
2023-05,Ring-necked Pheasant,1827,1797.2328422628618,1
2023-05,River Warbler,0,0,0
2023-05,Rock Bunting,1,0.2888415955267167,0.28884159552671673
2023-05,Rock Partridge,0,0,0
2023-05,Rock Pigeon,1,0.5697971222549968,0.5697971222549968
2023-05,Rock Sparrow,0,0,0
2023-05,Rook,59,50.67326195160115,1
2023-05,Rose-ringed Parakeet,293,286.3278896130441,1
2023-05,Rough-legged Hawk,0,0,0
2023-05,Ruddy Shelduck,0,0,0
2023-05,Ruff,0,0,0
2023-05,Sardinian Warbler,0,0,0
2023-05,Savi's Warbler,1,0.07270139622662315,0.0727013962266232
2023-05,Sedge Warbler,0,0,0
2023-05,Short-toed Treecreeper,0,0,0
2023-05,Siberian Accentor,0,0,0
2023-05,Small Buttonquail,0,0,0
2023-05,Song Thrush,0,0,0
2023-05,Spectacled Warbler,1,0.269892614254815,0.2698926142548149
2023-05,Spotted Crake,0,0,0
2023-05,Spotted Flycatcher,3,0.613591047574374,0.499053842207025
2023-05,Stock Dove,2,1.5337710827366349,0.9983141427494777
2023-05,Subalpine Warbler,1,0.22635250897394601,0.226352508973946
2023-05,Tawny Owl,96,59.04355069496869,1
2023-05,Tawny Pipit,0,0,0
2023-05,Twite,0,0,0
2023-05,Ural Owl,5,0.061046985639436176,0.0596729603281424
2023-05,Water Pipit,0,0,0
2023-05,Water Rail,1,0.030905522605750486,0.030905522605750524
2023-05,Western Bonelli's Warbler,0,0,0
2023-05,Western Capercaillie,6,0.09840295820893359,0.09478158272355863
2023-05,Western Orphean Warbler,0,0,0
2023-05,Western Yellow Wagtail,1,0.15087638724902644,0.1508763872490264
2023-05,Whinchat,7,2.3003588702674795,0.9908305628493139
2023-05,White Stork,0,0,0
2023-05,White Wagtail,0,0,0
2023-05,White-tailed Eagle,0,0,0
2023-05,White-winged Crossbill,1,0.06514404157880845,0.06514404157880849
2023-05,White-winged Snowfinch,0,0,0
2023-05,White-winged Tern,0,0,0
2023-05,Whooper Swan,3,0.8662662443537696,0.6434258782288419
2023-05,Willow Tit,4,1.9362162379194172,0.9393236274251575
2023-05,Willow Warbler,7,1.9549459917948808,0.9269092652826534
2023-05,Wood Lark,150,87.51922173240364,1
2023-05,Wood Sandpiper,0,0,0
2023-05,Wood Warbler,5,3.451701790618938,0.9997447878525696
2023-05,Yellow-billed Chough,0,0,0
2023-05,Yellow-browed Warbler,0,0,0
2023-05,Yellow-headed Parrot,0,0,0
2023-05,Yellow-legged Gull,0,0,0
2023-05,Yellowhammer,1,0.06421848736956018,0.06421848736956015
2023-06,Aquatic Warbler,1,0.7913255325149313,0.7913255325149313
2023-06,Atlantic Puffin,5,0.5774322142526134,0.4617559989178809
2023-06,Barn Owl,0,0,0
2023-06,Barn Swallow,4,1.6786186847343687,0.9660511023568326
2023-06,Barnacle Goose,2,0.5891919717291728,0.5121646293413502
2023-06,Bearded Reedling,8,0.7997526756414199,0.5740120156871087
2023-06,Black Grouse,1,0.033328299156418925,0.033328299156418884
2023-06,Black Kite,5,3.221848315504347,0.9970967741745661
2023-06,Black Redstart,0,0,0
2023-06,Black Tern,0,0,0
2023-06,Black Woodpecker,75,2.2805474132242876,0.9056845490349402
2023-06,Black-bellied Plover,0,0,0
2023-06,Black-crowned Night-Heron,0,0,0
2023-06,Black-legged Kittiwake,10,0.7931555012783245,0.5645551025365636
2023-06,Black-tailed Godwit,3,0.25607598617725236,0.23505021951895988
2023-06,Bluethroat,0,0,0
2023-06,Bohemian Waxwing,0,0,0
2023-06,Boreal Owl,7,4.132259403354258,0.9999938837178839
2023-06,Canada Goose,4,0.30958911013444396,0.2761321452621739
2023-06,Carrion Crow,18,14.92909886793535,0.9999999999999944
2023-06,Cetti's Warbler,0,0,0
2023-06,Cirl Bunting,5,1.1725259619939108,0.7917493669307476
2023-06,Coal Tit,158,135.11725644673774,1
2023-06,Collared Flycatcher,2,0.42169744778632173,0.389214616206392
2023-06,Common Buzzard,121,77.79108683254714,1
2023-06,Common Chaffinch,2,1.6106226277116131,0.9626723185580635
2023-06,Common Chiffchaff,3,2.650439048326748,0.99972647572465545
2023-06,Common Crane,18,5.455263790894223,0.9992787765275984
2023-06,Common Cuckoo,0,0,0
2023-06,Common Firecrest,28,4.360037164446889,0.991763429226907
2023-06,Common Grasshopper-Warbler,8,2.2331205748053393,0.9378417186781859
2023-06,Common Greenshank,0,0,0
2023-06,Common House-Martin,0,0,0
2023-06,Common Kingfisher,0,0,0
2023-06,Common Murre,0,0,0
2023-06,Common Nightingale,0,0,0
2023-06,Common Pochard,0,0,0
2023-06,Common Quail,0,0,0
2023-06,Common Raven,11,5.3708224992382565,0.9997833260863018
2023-06,Common Redshank,0,0,0
2023-06,Common Ringed Plover,0,0,0
2023-06,Common Rosefinch,0,0,0
2023-06,Common Sandpiper,14,6.162392046832149,0.9999802735794511
2023-06,Common Scoter,0,0,0
2023-06,Common Snipe,1,0.2071354048743404,0.20713540487434046
2023-06,Common Swift,0,0,0
2023-06,Common Tern,0,0,0
2023-06,Common Waxbill,1,0.048137508311601615,0.04813750831160157
2023-06,Common Wood-Pigeon,9,4.670925551166347,0.9993646302055312
2023-06,Corn Bunting,1,0.5150329220402758,0.5150329220402758
2023-06,Corsican Finch,0,0,0
2023-06,Corsican Nuthatch,0,0,0
2023-06,Crested Lark,0,0,0
2023-06,Crested Tit,3,0.0762195412697173,0.07435325264915571
2023-06,Dartford Warbler,1,0.6885102832599783,0.6885102832599783
2023-06,Dunnock,20,10.013311279621398,0.9999999706010098
2023-06,Egyptian Goose,0,0,0
2023-06,Eurasian Blackbird,40,25.303413803849654,1
2023-06,Eurasian Blackcap,29,26.07005000324665,1
2023-06,Eurasian Blue Tit,217,188.13333616232586,1
2023-06,Eurasian Bullfinch,26,22.618149615234817,1
2023-06,Eurasian Collared-Dove,4,2.324347901079459,0.9841261575967226
2023-06,Eurasian Coot,0,0,0
2023-06,Eurasian Crag-Martin,0,0,0
2023-06,Eurasian Curlew,6,2.087777920502695,0.9320359493807139
2023-06,Eurasian Dotterel,0,0,0
2023-06,Eurasian Eagle-Owl,18,1.7885556347831342,0.8666627444502332
2023-06,Eurasian Golden Oriole,5,1.2869967189421139,0.8322696484684817
2023-06,Eurasian Green Woodpecker,242,231.83056720025687,1
2023-06,Eurasian Hobby,0,0,0
2023-06,Eurasian Hoopoe,0,0,0
2023-06,Eurasian Jackdaw,1888,1754.0081392976667,1
2023-06,Eurasian Jay,57,29.077324648035425,1
2023-06,Eurasian Kestrel,3,1.4849933898596785,0.9162929334649544
2023-06,Eurasian Linnet,0,0,0
2023-06,Eurasian Magpie,65,20.73826868486846,1
2023-06,Eurasian Moorhen,0,0,0
2023-06,Eurasian Nightjar,0,0,0
2023-06,Eurasian Nutcracker,2,0.07956868670564213,0.07802274021695044
2023-06,Eurasian Nuthatch,40,24.036678927391257,1
2023-06,Eurasian Oystercatcher,0,0,0
2023-06,Eurasian Penduline-Tit,0,0,0
2023-06,Eurasian Pygmy-Owl,3,0.06875581093136365,0.06727961083460665
2023-06,Eurasian Reed Warbler,1,0.031812074200893284,0.03181207420089327
2023-06,Eurasian Scops-Owl,10,3.037597026039228,0.9907779346251029
2023-06,Eurasian Siskin,2,1.1575936773183981,0.8309293270631097
2023-06,Eurasian Thick-knee,0,0,0
2023-06,Eurasian Three-toed Woodpecker,23,0.29806701573013017,0.2612676395375897
2023-06,Eurasian Treecreeper,98,23.165021872356952,1
2023-06,Eurasian Wigeon,0,0,0
2023-06,Eurasian Woodcock,1,0.9973899935676528,0.9973899935676528
2023-06,Eurasian Wren,2669,2166.078502477936,1
2023-06,Eurasian Wryneck,3,0.8333401766376651,0.6385412737541063
2023-06,European Bee-eater,0,0,0
2023-06,European Golden-Plover,1,0.2076549711863189,0.20765497118631893
2023-06,European Goldfinch,10,6.306094157516611,0.9999999753469444
2023-06,European Greenfinch,0,0,0
2023-06,European Honey-buzzard,2,0.10760604079772751,0.1047974623733503
2023-06,European Pied Flycatcher,0,0,0
2023-06,European Robin,52,41.651189055718085,1
2023-06,European Roller,0,0,0
2023-06,European Serin,0,0,0
2023-06,European Starling,0,0,0
2023-06,European Stonechat,0,0,0
2023-06,European Storm-Petrel,4,2.4453483321214096,0.9788766077097032
2023-06,European Turtle-Dove,9,1.7589812124669522,0.9793251246652497
2023-06,Fieldfare,2,0.2728241920102693,0.2575167255160459
2023-06,Garden Warbler,0,0,0
2023-06,Goldcrest,7,2.0821200264834916,0.9180617958822
2023-06,Golden Eagle,0,0,0
2023-06,Gray Heron,4,0.31504228395040057,0.2892353266569695
2023-06,Gray Partridge,1,0.13781553512178996,0.13781553512179
2023-06,Gray Wagtail,2,0.47213879178247203,0.41852475157038926
2023-06,Gray-headed Woodpecker,4,0.10280806369076834,0.09920519256150051
2023-06,Graylag Goose,24,16.46183399287244,0.9999999999999994
2023-06,Great Bittern,39,1.0835314828055258,0.676316308784366
2023-06,Great Black-backed Gull,0,0,0
2023-06,Great Crested Grebe,0,0,0
2023-06,Great Reed Warbler,1,0.07298423103292448,0.07298423103292451
2023-06,Great Skua,0,0,0
2023-06,Great Spotted Woodpecker,181,151.23275762038696,1
2023-06,Great Tit,0,0,0
2023-06,Greater Short-toed Lark,0,0,0
2023-06,Greater White-fronted Goose,1,0.05711777596600925,0.0571177759660092
2023-06,Greater Whitethroat,0,0,0
2023-06,Green Sandpiper,0,0,0
2023-06,Green-winged Teal,0,0,0
2023-06,Hawfinch,5,2.532812290626029,0.9769955217501122
2023-06,Hazel Grouse,0,0,0
2023-06,Herring Gull,0,0,0
2023-06,Hooded Crow,2,1.5648585008732527,0.969248005548034
2023-06,Horned Lark,0,0,0
2023-06,Iberian Chiffchaff,0,0,0
2023-06,Iberian Green Woodpecker,3,0.21748188537135338,0.20255323285055793
2023-06,Lady Amherst's Pheasant,0,0,0
2023-06,Lesser Black-backed Gull,3,1.3943298324447162,0.8522315382728199
2023-06,Lesser Kestrel,0,0,0
2023-06,Lesser Spotted Woodpecker,2,0.15340276422357232,0.14782381363401897
2023-06,Lesser Whitethroat,0,0,0
2023-06,Little Bittern,2,0.4072119103802084,0.3815828357097404
2023-06,Little Crake,0,0,0
2023-06,Little Grebe,1,0.31426961394622516,0.3142696139462251
2023-06,Little Owl,81,63.63163713558708,1
2023-06,Little Ringed Plover,2,0.36720378120400665,0.34391891300457267
2023-06,Long-eared Owl,3,0.07543605263515361,0.07361334218160986
2023-06,Long-tailed Tit,19,15.300822249646579,1
2023-06,Mallard,0,0,0
2023-06,Mandarin Duck,0,0,0
2023-06,Manx Shearwater,7,0.3354179782414086,0.2972580274600032
2023-06,Marmora's Warbler,0,0,0
2023-06,Marsh Tit,7,0.40139960612463993,0.3395474331682924
2023-06,Mediterranean Flycatcher,1,0.12051820759705133,0.12051820759705134
2023-06,Mediterranean Gull,0,0,0
2023-06,Mew Gull,0,0,0
2023-06,Middle Spotted Woodpecker,6,2.926527069621252,0.9884097759921667
2023-06,Mistle Thrush,21,6.525490735562364,0.999939284828902
2023-06,Northern Fulmar,0,0,0
2023-06,Northern Gannet,1,0.07005372235776225,0.0700537223577623
2023-06,Northern Goshawk,2,1.2837376056004275,0.8795633414355988
2023-06,Northern Lapwing,7,1.3680956151430135,0.8017992306942119
2023-06,Ortolan Bunting,0,0,0
2023-06,Osprey,0,0,0
2023-06,Parrot Crossbill,0,0,0
2023-06,Peregrine Falcon,1,0.05526846094076272,0.055268460940762765
2023-06,Pied Avocet,0,0,0
2023-06,Pin-tailed Sandgrouse,0,0,0
2023-06,Pin-tailed Whydah,0,0,0
2023-06,Pink-footed Goose,1,0.5199068504339596,0.5199068504339596
2023-06,Razorbill,3,0.32808917786695607,0.2990925375939424
2023-06,Red Crossbill,0,0,0
2023-06,Red Kite,33,19.176044950754683,1
2023-06,Red-billed Chough,621,5.850706376552402,0.9988924913851474
2023-06,Red-breasted Flycatcher,0,0,0
2023-06,Red-flanked Bluetail,0,0,0
2023-06,Red-legged Partridge,1,0.10587351374386157,0.10587351374386156
2023-06,Red-throated Loon,4,0.32737756261693296,0.29529574946288517
2023-06,Redwing,0,0,0
2023-06,Ring Ouzel,2,0.12109857763143406,0.11744890270464503
2023-06,Ring-necked Pheasant,67,62.80827224909397,1
2023-06,River Warbler,0,0,0
2023-06,Rock Bunting,0,0,0
2023-06,Rock Partridge,0,0,0
2023-06,Rock Pigeon,1,0.28781188441547123,0.28781188441547123
2023-06,Rock Sparrow,0,0,0
2023-06,Rook,31,25.858260300722282,1
2023-06,Rose-ringed Parakeet,142,137.78889839413765,1
2023-06,Rough-legged Hawk,0,0,0
2023-06,Ruddy Shelduck,0,0,0
2023-06,Ruff,1,0.16898674795839735,0.1689867479583973
2023-06,Sardinian Warbler,1,0.06009135689440157,0.06009135689440159
2023-06,Savi's Warbler,0,0,0
2023-06,Sedge Warbler,0,0,0
2023-06,Short-toed Treecreeper,10,3.044203718599363,0.9840298880139062
2023-06,Siberian Accentor,0,0,0
2023-06,Small Buttonquail,1,0.04576496666542969,0.04576496666542973
2023-06,Song Thrush,7,1.1456991526611027,0.7167616554172846
2023-06,Spectacled Warbler,1,0.47282670210955113,0.47282670210955113
2023-06,Spotted Crake,1,0.1647962293241649,0.16479622932416493
2023-06,Spotted Flycatcher,2,0.9573178334516089,0.820698313417292
2023-06,Stock Dove,7,3.5941744751206213,0.9979693413171933
2023-06,Subalpine Warbler,0,0,0
2023-06,Tawny Owl,96,64.97650606722952,1
2023-06,Tawny Pipit,0,0,0
2023-06,Twite,0,0,0
2023-06,Ural Owl,5,0.06256065821983808,0.06109844638438877
2023-06,Water Pipit,0,0,0
2023-06,Water Rail,0,0,0
2023-06,Western Bonelli's Warbler,0,0,0
2023-06,Western Capercaillie,8,0.5272026983295769,0.4647479492006218
2023-06,Western Orphean Warbler,0,0,0
2023-06,Western Yellow Wagtail,0,0,0
2023-06,Whinchat,0,0,0
2023-06,White Stork,0,0,0
2023-06,White Wagtail,0,0,0
2023-06,White-tailed Eagle,0,0,0
2023-06,White-winged Crossbill,0,0,0
2023-06,White-winged Snowfinch,0,0,0
2023-06,White-winged Tern,0,0,0
2023-06,Whooper Swan,6,1.8593476503939839,0.8988728927624289
2023-06,Willow Tit,1,0.3256194233543515,0.32561942335435157
2023-06,Willow Warbler,3,0.43817354547184456,0.37851015203562655
2023-06,Wood Lark,10,5.815278065182515,0.9999174444037401
2023-06,Wood Sandpiper,0,0,0
2023-06,Wood Warbler,3,1.6788545498649603,0.9275688663992981
2023-06,Yellow-billed Chough,0,0,0
2023-06,Yellow-browed Warbler,4,2.2370558057532564,0.9632978186852093
2023-06,Yellow-headed Parrot,4,0.4018962641703579,0.35475215729826304
2023-06,Yellow-legged Gull,0,0,0
2023-06,Yellowhammer,0,0,0
2023-07,Aquatic Warbler,0,0,0
2023-07,Atlantic Puffin,4,0.5719458054191936,0.4711402852743771
2023-07,Barn Owl,0,0,0
2023-07,Barn Swallow,0,0,0
2023-07,Barnacle Goose,1,0.5023358976918378,0.5023358976918378
2023-07,Bearded Reedling,1,0.11412868763649475,0.11412868763649475
2023-07,Black Grouse,0,0,0
2023-07,Black Kite,2,1.269480160091086,0.8673106432316833
2023-07,Black Redstart,0,0,0
2023-07,Black Tern,0,0,0
2023-07,Black Woodpecker,7,0.12617503454728868,0.12023924688397136
2023-07,Black-bellied Plover,2,0.12722689787559455,0.12349456745974807
2023-07,Black-crowned Night-Heron,0,0,0
2023-07,Black-legged Kittiwake,6,0.5849603445957492,0.4608156752059933
2023-07,Black-tailed Godwit,0,0,0
2023-07,Bluethroat,0,0,0
2023-07,Bohemian Waxwing,1,0.16192160302115258,0.16192160302115255
2023-07,Boreal Owl,7,2.6247329760514893,0.9993294769054603
2023-07,Canada Goose,2,0.17894985164604216,0.17119030288519177
2023-07,Carrion Crow,8,6.681229410692479,0.9999998451324464
2023-07,Cetti's Warbler,0,0,0
2023-07,Cirl Bunting,2,0.18467766953699521,0.1767737317351803
2023-07,Coal Tit,59,51.08670582442962,1
2023-07,Collared Flycatcher,5,1.3786640410433444,0.8103238055250612
2023-07,Common Buzzard,140,104.89150197064012,1
2023-07,Common Chaffinch,0,0,0
2023-07,Common Chiffchaff,0,0,0
2023-07,Common Crane,8,2.5319078739159115,0.9700168261472244
2023-07,Common Cuckoo,0,0,0
2023-07,Common Firecrest,10,1.5695866101859617,0.8245065745301066
2023-07,Common Grasshopper-Warbler,5,2.0848103072350033,0.9694218291211152
2023-07,Common Greenshank,0,0,0
2023-07,Common House-Martin,0,0,0
2023-07,Common Kingfisher,21,3.6951522975928537,0.9898772007717013
2023-07,Common Murre,0,0,0
2023-07,Common Nightingale,0,0,0
2023-07,Common Pochard,0,0,0
2023-07,Common Quail,0,0,0
2023-07,Common Raven,16,8.02031832162218,0.999992245823987
2023-07,Common Redshank,0,0,0
2023-07,Common Ringed Plover,0,0,0
2023-07,Common Rosefinch,1,0.057304359616817485,0.05730435961681746
2023-07,Common Sandpiper,2,1.3294824709422537,0.8898050096874067
2023-07,Common Scoter,0,0,0
2023-07,Common Snipe,0,0,0
2023-07,Common Swift,1,0.767557353282658,0.767557353282658
2023-07,Common Tern,0,0,0
2023-07,Common Waxbill,0,0,0
2023-07,Common Wood-Pigeon,26,15.097648616618804,0.999999999978513
2023-07,Corn Bunting,1,0.2411043948631271,0.24110439486312707
2023-07,Corsican Finch,0,0,0
2023-07,Corsican Nuthatch,0,0,0
2023-07,Crested Lark,0,0,0
2023-07,Crested Tit,0,0,0
2023-07,Dartford Warbler,0,0,0
2023-07,Dunnock,33,14.872931043784366,0.9999999997568081
2023-07,Egyptian Goose,0,0,0
2023-07,Eurasian Blackbird,1,0.6756859027945348,0.6756859027945348
2023-07,Eurasian Blackcap,0,0,0
2023-07,Eurasian Blue Tit,36,30.26859162752492,1
2023-07,Eurasian Bullfinch,1,0.8748862475136545,0.8748862475136545
2023-07,Eurasian Collared-Dove,8,4.101521031041447,0.9987248062810662
2023-07,Eurasian Coot,0,0,0
2023-07,Eurasian Crag-Martin,0,0,0
2023-07,Eurasian Curlew,1,0.19031268143758195,0.19031268143758195
2023-07,Eurasian Dotterel,0,0,0
2023-07,Eurasian Eagle-Owl,30,2.1624416543644283,0.8996500932633994
2023-07,Eurasian Golden Oriole,1,0.2251405165636358,0.22514051656363576
2023-07,Eurasian Green Woodpecker,263,250.77589813705612,1
2023-07,Eurasian Hobby,0,0,0
2023-07,Eurasian Hoopoe,2,0.4866048121832565,0.44063442899389227
2023-07,Eurasian Jackdaw,132,122.77163427987081,1
2023-07,Eurasian Jay,48,26.75924721297591,1
2023-07,Eurasian Kestrel,6,5.388711322574345,0.999999999397436
2023-07,Eurasian Linnet,0,0,0
2023-07,Eurasian Magpie,9,4.026180623670986,0.9999992530732789
2023-07,Eurasian Moorhen,0,0,0
2023-07,Eurasian Nightjar,0,0,0
2023-07,Eurasian Nutcracker,0,0,0
2023-07,Eurasian Nuthatch,3,2.1471328456524197,0.9988897951074467
2023-07,Eurasian Oystercatcher,0,0,0
2023-07,Eurasian Penduline-Tit,0,0,0
2023-07,Eurasian Pygmy-Owl,0,0,0
2023-07,Eurasian Reed Warbler,3,0.10339605577962802,0.09989841849757941
2023-07,Eurasian Scops-Owl,20,4.192445312366272,0.9965381764306014
2023-07,Eurasian Siskin,1,0.5794213914492683,0.5794213914492683
2023-07,Eurasian Thick-knee,0,0,0
2023-07,Eurasian Three-toed Woodpecker,0,0,0
2023-07,Eurasian Treecreeper,33,11.51248970565908,0.9999999969833335
2023-07,Eurasian Wigeon,0,0,0
2023-07,Eurasian Woodcock,0,0,0
2023-07,Eurasian Wren,629,513.0291796819747,1
2023-07,Eurasian Wryneck,0,0,0
2023-07,European Bee-eater,0,0,0
2023-07,European Golden-Plover,3,1.141606469677723,0.779426956642016
2023-07,European Goldfinch,0,0,0
2023-07,European Greenfinch,0,0,0
2023-07,European Honey-buzzard,22,3.6885786528079105,0.9933340733800244
2023-07,European Pied Flycatcher,0,0,0
2023-07,European Robin,10,8.515006008589092,0.9999999999956077
2023-07,European Roller,0,0,0
2023-07,European Serin,0,0,0
2023-07,European Starling,0,0,0
2023-07,European Stonechat,0,0,0
2023-07,European Storm-Petrel,4,2.7527607609974445,0.9937212452018523
2023-07,European Turtle-Dove,1,0.749394033341683,0.749394033341683
2023-07,Fieldfare,0,0,0
2023-07,Garden Warbler,0,0,0
2023-07,Goldcrest,4,2.329813966408011,0.9963734532688634
2023-07,Golden Eagle,0,0,0
2023-07,Gray Heron,3,0.11551815870551257,0.11306921182874985
2023-07,Gray Partridge,0,0,0
2023-07,Gray Wagtail,3,1.3348621324260388,0.9225813759702755
2023-07,Gray-headed Woodpecker,18,0.5625407278889277,0.44243392709684626
2023-07,Graylag Goose,9,4.569622445407114,0.9985512481867599
2023-07,Great Bittern,53,2.2890405328026757,0.9287890669585996
2023-07,Great Black-backed Gull,0,0,0
2023-07,Great Crested Grebe,0,0,0
2023-07,Great Reed Warbler,0,0,0
2023-07,Great Skua,0,0,0
2023-07,Great Spotted Woodpecker,11,9.52167100401083,0.9999999999999907
2023-07,Great Tit,1,0.8457093664242525,0.8457093664242525
2023-07,Greater Short-toed Lark,0,0,0
2023-07,Greater White-fronted Goose,1,0.04782188768848441,0.04782188768848439
2023-07,Greater Whitethroat,0,0,0
2023-07,Green Sandpiper,0,0,0
2023-07,Green-winged Teal,0,0,0
2023-07,Hawfinch,0,0,0
2023-07,Hazel Grouse,0,0,0
2023-07,Herring Gull,2,0.7672388927626785,0.6200752646044588
2023-07,Hooded Crow,2,1.1411756355836398,0.8158115309258349
2023-07,Horned Lark,0,0,0
2023-07,Iberian Chiffchaff,0,0,0
2023-07,Iberian Green Woodpecker,1,0.14736903937689388,0.14736903937689394
2023-07,Lady Amherst's Pheasant,0,0,0
2023-07,Lesser Black-backed Gull,3,1.2276964413118627,0.7940981319103939
2023-07,Lesser Kestrel,0,0,0
2023-07,Lesser Spotted Woodpecker,0,0,0
2023-07,Lesser Whitethroat,0,0,0
2023-07,Little Bittern,1,0.04806387296884776,0.04806387296884773
2023-07,Little Crake,0,0,0
2023-07,Little Grebe,1,0.3909393510266184,0.39093935102661836
2023-07,Little Owl,54,45.1871073110399,1
2023-07,Little Ringed Plover,0,0,0
2023-07,Long-eared Owl,16,1.3893002937141352,0.8712350379813215
2023-07,Long-tailed Tit,2,1.510683035287438,0.9710515132353738
2023-07,Mallard,0,0,0
2023-07,Mandarin Duck,0,0,0
2023-07,Manx Shearwater,9,0.31920791527620995,0.27869466159926604
2023-07,Marmora's Warbler,0,0,0
2023-07,Marsh Tit,0,0,0
2023-07,Mediterranean Flycatcher,0,0,0
2023-07,Mediterranean Gull,0,0,0
2023-07,Mew Gull,0,0,0
2023-07,Middle Spotted Woodpecker,0,0,0
2023-07,Mistle Thrush,0,0,0
2023-07,Northern Fulmar,0,0,0
2023-07,Northern Gannet,0,0,0
2023-07,Northern Goshawk,12,7.597702631224527,0.9999979569387974
2023-07,Northern Lapwing,2,0.446204565894476,0.4017447242249158
2023-07,Ortolan Bunting,0,0,0
2023-07,Osprey,0,0,0
2023-07,Parrot Crossbill,0,0,0
2023-07,Peregrine Falcon,1,0.050007156064144395,0.05000715606414441
2023-07,Pied Avocet,0,0,0
2023-07,Pin-tailed Sandgrouse,0,0,0
2023-07,Pin-tailed Whydah,0,0,0
2023-07,Pink-footed Goose,0,0,0
2023-07,Razorbill,2,0.1485725278949482,0.14357876314147633
2023-07,Red Crossbill,0,0,0
2023-07,Red Kite,14,5.3159419569187705,0.9997951049336743
2023-07,Red-billed Chough,26,0.1403350236645945,0.13234748871206714
2023-07,Red-breasted Flycatcher,2,0.637698406070297,0.5473495269924478
2023-07,Red-flanked Bluetail,0,0,0
2023-07,Red-legged Partridge,0,0,0
2023-07,Red-throated Loon,4,0.1027439270290467,0.0990322227751742
2023-07,Redwing,0,0,0
2023-07,Ring Ouzel,1,0.05992162206082724,0.059921622060827184
2023-07,Ring-necked Pheasant,11,10.47747784198345,1
2023-07,River Warbler,0,0,0
2023-07,Rock Bunting,0,0,0
2023-07,Rock Partridge,0,0,0
2023-07,Rock Pigeon,1,0.6513748227195408,0.6513748227195408
2023-07,Rock Sparrow,0,0,0
2023-07,Rook,12,10.693393614691004,0.9999999999999991
2023-07,Rose-ringed Parakeet,9,8.824627015659955,1
2023-07,Rough-legged Hawk,2,0.13331821797918963,0.12930352256867816
2023-07,Ruddy Shelduck,0,0,0
2023-07,Ruff,0,0,0
2023-07,Sardinian Warbler,0,0,0
2023-07,Savi's Warbler,0,0,0
2023-07,Sedge Warbler,0,0,0
2023-07,Short-toed Treecreeper,4,2.435810454407019,0.9871954922762611
2023-07,Siberian Accentor,0,0,0
2023-07,Small Buttonquail,0,0,0
2023-07,Song Thrush,0,0,0
2023-07,Spectacled Warbler,0,0,0
2023-07,Spotted Crake,0,0,0
2023-07,Spotted Flycatcher,1,0.2642229517994321,0.2642229517994321
2023-07,Stock Dove,4,1.9749977707492539,0.9429747579863516
2023-07,Subalpine Warbler,0,0,0
2023-07,Tawny Owl,109,70.63608586249907,1
2023-07,Tawny Pipit,0,0,0
2023-07,Twite,0,0,0
2023-07,Ural Owl,24,0.4130852688004715,0.3421347479689403
2023-07,Water Pipit,0,0,0
2023-07,Water Rail,3,0.1343776520672977,0.12859943011377506
2023-07,Western Bonelli's Warbler,0,0,0
2023-07,Western Capercaillie,8,0.7349020112927019,0.6476633090540074
2023-07,Western Orphean Warbler,0,0,0
2023-07,Western Yellow Wagtail,0,0,0
2023-07,Whinchat,0,0,0
2023-07,White Stork,0,0,0
2023-07,White Wagtail,0,0,0
2023-07,White-tailed Eagle,0,0,0
2023-07,White-winged Crossbill,0,0,0
2023-07,White-winged Snowfinch,0,0,0
2023-07,White-winged Tern,0,0,0
2023-07,Whooper Swan,2,0.49805483120860206,0.4362536867629324
2023-07,Willow Tit,1,0.3337275110181656,0.33372751101816567
2023-07,Willow Warbler,0,0,0
2023-07,Wood Lark,0,0,0
2023-07,Wood Sandpiper,0,0,0
2023-07,Wood Warbler,0,0,0
2023-07,Yellow-billed Chough,0,0,0
2023-07,Yellow-browed Warbler,1,0.4761700577890544,0.4761700577890544
2023-07,Yellow-headed Parrot,4,0.15511770902660313,0.14652413540016984
2023-07,Yellow-legged Gull,0,0,0
2023-07,Yellowhammer,0,0,0
2023-08,Aquatic Warbler,0,0,0
2023-08,Atlantic Puffin,0,0,0
2023-08,Barn Owl,0,0,0
2023-08,Barn Swallow,0,0,0
2023-08,Barnacle Goose,0,0,0
2023-08,Bearded Reedling,0,0,0
2023-08,Black Grouse,0,0,0
2023-08,Black Kite,0,0,0
2023-08,Black Redstart,0,0,0
2023-08,Black Tern,0,0,0
2023-08,Black Woodpecker,0,0,0
2023-08,Black-bellied Plover,0,0,0
2023-08,Black-crowned Night-Heron,0,0,0
2023-08,Black-legged Kittiwake,1,0.06606827650482092,0.06606827650482094
2023-08,Black-tailed Godwit,0,0,0
2023-08,Bluethroat,0,0,0
2023-08,Bohemian Waxwing,0,0,0
2023-08,Boreal Owl,2,0.5502380794392615,0.47933147774740603
2023-08,Canada Goose,1,0.1297946993621475,0.1297946993621475
2023-08,Carrion Crow,0,0,0
2023-08,Cetti's Warbler,0,0,0
2023-08,Cirl Bunting,0,0,0
2023-08,Coal Tit,6,4.9587124848723,0.9999863172175603
2023-08,Collared Flycatcher,0,0,0
2023-08,Common Buzzard,20,13.9818446932655,0.9999999999999966
2023-08,Common Chaffinch,0,0,0
2023-08,Common Chiffchaff,0,0,0
2023-08,Common Crane,1,0.5185971708234229,0.5185971708234229
2023-08,Common Cuckoo,0,0,0
2023-08,Common Firecrest,1,0.12097665211341457,0.12097665211341457
2023-08,Common Grasshopper-Warbler,0,0,0
2023-08,Common Greenshank,0,0,0
2023-08,Common House-Martin,0,0,0
2023-08,Common Kingfisher,0,0,0
2023-08,Common Murre,0,0,0
2023-08,Common Nightingale,0,0,0
2023-08,Common Pochard,0,0,0
2023-08,Common Quail,0,0,0
2023-08,Common Raven,0,0,0
2023-08,Common Redshank,0,0,0
2023-08,Common Ringed Plover,0,0,0
2023-08,Common Rosefinch,0,0,0
2023-08,Common Sandpiper,0,0,0
2023-08,Common Scoter,0,0,0
2023-08,Common Snipe,0,0,0
2023-08,Common Swift,0,0,0
2023-08,Common Tern,0,0,0
2023-08,Common Waxbill,0,0,0
2023-08,Common Wood-Pigeon,3,1.9993411614792267,0.9653694100762437
2023-08,Corn Bunting,0,0,0
2023-08,Corsican Finch,0,0,0
2023-08,Corsican Nuthatch,0,0,0
2023-08,Crested Lark,0,0,0
2023-08,Crested Tit,0,0,0
2023-08,Dartford Warbler,0,0,0
2023-08,Dunnock,0,0,0
2023-08,Egyptian Goose,0,0,0
2023-08,Eurasian Blackbird,0,0,0
2023-08,Eurasian Blackcap,0,0,0
2023-08,Eurasian Blue Tit,0,0,0
2023-08,Eurasian Bullfinch,0,0,0
2023-08,Eurasian Collared-Dove,0,0,0
2023-08,Eurasian Coot,0,0,0
2023-08,Eurasian Crag-Martin,0,0,0
2023-08,Eurasian Curlew,0,0,0
2023-08,Eurasian Dotterel,0,0,0
2023-08,Eurasian Eagle-Owl,5,0.6726804393047637,0.5218095891789081
2023-08,Eurasian Golden Oriole,0,0,0
2023-08,Eurasian Green Woodpecker,40,38.06796123384807,1
2023-08,Eurasian Hobby,0,0,0
2023-08,Eurasian Hoopoe,0,0,0
2023-08,Eurasian Jackdaw,10,9.29933263903945,0.9999999999999996
2023-08,Eurasian Jay,3,1.8815382437008645,0.9962041015525597
2023-08,Eurasian Kestrel,0,0,0
2023-08,Eurasian Linnet,0,0,0
2023-08,Eurasian Magpie,1,0.06511374361973023,0.06511374361973021
2023-08,Eurasian Moorhen,0,0,0
2023-08,Eurasian Nightjar,0,0,0
2023-08,Eurasian Nutcracker,0,0,0
2023-08,Eurasian Nuthatch,0,0,0
2023-08,Eurasian Oystercatcher,0,0,0
2023-08,Eurasian Penduline-Tit,0,0,0
2023-08,Eurasian Pygmy-Owl,0,0,0
2023-08,Eurasian Reed Warbler,0,0,0
2023-08,Eurasian Scops-Owl,2,0.7802588351494855,0.6282011979894853
2023-08,Eurasian Siskin,0,0,0
2023-08,Eurasian Thick-knee,1,0.7448717096176963,0.7448717096176963
2023-08,Eurasian Three-toed Woodpecker,0,0,0
2023-08,Eurasian Treecreeper,5,1.5019744812876248,0.8632742269034264
2023-08,Eurasian Wigeon,0,0,0
2023-08,Eurasian Woodcock,0,0,0
2023-08,Eurasian Wren,15,11.666377574599991,0.999999999960429
2023-08,Eurasian Wryneck,0,0,0
2023-08,European Bee-eater,0,0,0
2023-08,European Golden-Plover,0,0,0
2023-08,European Goldfinch,0,0,0
2023-08,European Greenfinch,0,0,0
2023-08,European Honey-buzzard,8,1.3347554777176274,0.776426493550785
2023-08,European Pied Flycatcher,0,0,0
2023-08,European Robin,0,0,0
2023-08,European Roller,0,0,0
2023-08,European Serin,0,0,0
2023-08,European Starling,0,0,0
2023-08,European Stonechat,0,0,0
2023-08,European Storm-Petrel,0,0,0
2023-08,European Turtle-Dove,0,0,0
2023-08,Fieldfare,0,0,0
2023-08,Garden Warbler,0,0,0
2023-08,Goldcrest,0,0,0
2023-08,Golden Eagle,0,0,0
2023-08,Gray Heron,0,0,0
2023-08,Gray Partridge,0,0,0
2023-08,Gray Wagtail,0,0,0
2023-08,Gray-headed Woodpecker,5,0.1363754513866953,0.13227634069294691
2023-08,Graylag Goose,1,0.5230448792431014,0.5230448792431014
2023-08,Great Bittern,7,0.10036850651910463,0.09643995100630942
2023-08,Great Black-backed Gull,0,0,0
2023-08,Great Crested Grebe,0,0,0
2023-08,Great Reed Warbler,0,0,0
2023-08,Great Skua,0,0,0
2023-08,Great Spotted Woodpecker,0,0,0
2023-08,Great Tit,0,0,0
2023-08,Greater Short-toed Lark,0,0,0
2023-08,Greater White-fronted Goose,0,0,0
2023-08,Greater Whitethroat,0,0,0
2023-08,Green Sandpiper,0,0,0
2023-08,Green-winged Teal,0,0,0
2023-08,Hawfinch,0,0,0
2023-08,Hazel Grouse,0,0,0
2023-08,Herring Gull,0,0,0
2023-08,Hooded Crow,0,0,0
2023-08,Horned Lark,0,0,0
2023-08,Iberian Chiffchaff,0,0,0
2023-08,Iberian Green Woodpecker,0,0,0
2023-08,Lady Amherst's Pheasant,0,0,0
2023-08,Lesser Black-backed Gull,0,0,0
2023-08,Lesser Kestrel,0,0,0
2023-08,Lesser Spotted Woodpecker,0,0,0
2023-08,Lesser Whitethroat,0,0,0
2023-08,Little Bittern,0,0,0
2023-08,Little Crake,0,0,0
2023-08,Little Grebe,0,0,0
2023-08,Little Owl,18,13.977314671913373,0.9999999999999858
2023-08,Little Ringed Plover,0,0,0
2023-08,Long-eared Owl,6,0.3234927265473562,0.2835698832494796
2023-08,Long-tailed Tit,2,1.5010399819137787,0.9664231174326884
2023-08,Mallard,0,0,0
2023-08,Mandarin Duck,0,0,0
2023-08,Manx Shearwater,2,0.05077878516693655,0.05014415994565968
2023-08,Marmora's Warbler,0,0,0
2023-08,Marsh Tit,0,0,0
2023-08,Mediterranean Flycatcher,0,0,0
2023-08,Mediterranean Gull,0,0,0
2023-08,Mew Gull,0,0,0
2023-08,Middle Spotted Woodpecker,0,0,0
2023-08,Mistle Thrush,0,0,0
2023-08,Northern Fulmar,0,0,0
2023-08,Northern Gannet,0,0,0
2023-08,Northern Goshawk,3,1.9787490576599553,0.9745344127578923
2023-08,Northern Lapwing,0,0,0
2023-08,Ortolan Bunting,0,0,0
2023-08,Osprey,0,0,0
2023-08,Parrot Crossbill,0,0,0
2023-08,Peregrine Falcon,0,0,0
2023-08,Pied Avocet,0,0,0
2023-08,Pin-tailed Sandgrouse,0,0,0
2023-08,Pin-tailed Whydah,0,0,0
2023-08,Pink-footed Goose,0,0,0
2023-08,Razorbill,0,0,0
2023-08,Red Crossbill,0,0,0
2023-08,Red Kite,3,0.8698883684293086,0.6421494587057102
2023-08,Red-billed Chough,0,0,0
2023-08,Red-breasted Flycatcher,0,0,0
2023-08,Red-flanked Bluetail,0,0,0
2023-08,Red-legged Partridge,0,0,0
2023-08,Red-throated Loon,0,0,0
2023-08,Redwing,0,0,0
2023-08,Ring Ouzel,0,0,0
2023-08,Ring-necked Pheasant,1,0.912615710598259,0.912615710598259
2023-08,River Warbler,0,0,0
2023-08,Rock Bunting,0,0,0
2023-08,Rock Partridge,0,0,0
2023-08,Rock Pigeon,0,0,0
2023-08,Rock Sparrow,0,0,0
2023-08,Rook,0,0,0
2023-08,Rose-ringed Parakeet,6,5.934478089654232,0.999999999999999
2023-08,Rough-legged Hawk,0,0,0
2023-08,Ruddy Shelduck,0,0,0
2023-08,Ruff,0,0,0
2023-08,Sardinian Warbler,0,0,0
2023-08,Savi's Warbler,0,0,0
2023-08,Sedge Warbler,0,0,0
2023-08,Short-toed Treecreeper,0,0,0
2023-08,Siberian Accentor,0,0,0
2023-08,Small Buttonquail,0,0,0
2023-08,Song Thrush,0,0,0
2023-08,Spectacled Warbler,0,0,0
2023-08,Spotted Crake,0,0,0
2023-08,Spotted Flycatcher,0,0,0
2023-08,Stock Dove,0,0,0
2023-08,Subalpine Warbler,0,0,0
2023-08,Tawny Owl,39,24.59793213598478,1
2023-08,Tawny Pipit,0,0,0
2023-08,Twite,0,0,0
2023-08,Ural Owl,1,0.005380692078623086,0.005380692078623128
2023-08,Water Pipit,0,0,0
2023-08,Water Rail,0,0,0
2023-08,Western Bonelli's Warbler,0,0,0
2023-08,Western Capercaillie,4,0.025439281389166898,0.02520121191983138
2023-08,Western Orphean Warbler,0,0,0
2023-08,Western Yellow Wagtail,0,0,0
2023-08,Whinchat,0,0,0
2023-08,White Stork,0,0,0
2023-08,White Wagtail,0,0,0
2023-08,White-tailed Eagle,0,0,0
2023-08,White-winged Crossbill,0,0,0
2023-08,White-winged Snowfinch,0,0,0
2023-08,White-winged Tern,0,0,0
2023-08,Whooper Swan,7,2.5624609078648923,0.9648158335559986
2023-08,Willow Tit,0,0,0
2023-08,Willow Warbler,0,0,0
2023-08,Wood Lark,0,0,0
2023-08,Wood Sandpiper,0,0,0
2023-08,Wood Warbler,0,0,0
2023-08,Yellow-billed Chough,0,0,0
2023-08,Yellow-browed Warbler,0,0,0
2023-08,Yellow-headed Parrot,0,0,0
2023-08,Yellow-legged Gull,0,0,0
2023-08,Yellowhammer,0,0,0
2023-10,Aquatic Warbler,0,0,0
2023-10,Atlantic Puffin,5,0.5200906794048662,0.42552660017936084
2023-10,Barn Owl,0,0,0
2023-10,Barn Swallow,1,0.2814188714251666,0.28141887142516653
2023-10,Barnacle Goose,0,0,0
2023-10,Bearded Reedling,0,0,0
2023-10,Black Grouse,0,0,0
2023-10,Black Kite,0,0,0
2023-10,Black Redstart,0,0,0
2023-10,Black Tern,0,0,0
2023-10,Black Woodpecker,4,0.14974670773366605,0.14313289450115307
2023-10,Black-bellied Plover,0,0,0
2023-10,Black-crowned Night-Heron,0,0,0
2023-10,Black-legged Kittiwake,0,0,0
2023-10,Black-tailed Godwit,0,0,0
2023-10,Bluethroat,0,0,0
2023-10,Bohemian Waxwing,0,0,0
2023-10,Boreal Owl,0,0,0
2023-10,Canada Goose,5,2.012205506552601,0.9796931883235613
2023-10,Carrion Crow,22,18.33471599366092,1
2023-10,Cetti's Warbler,0,0,0
2023-10,Cirl Bunting,0,0,0
2023-10,Coal Tit,0,0,0
2023-10,Collared Flycatcher,0,0,0
2023-10,Common Buzzard,4,2.765231337095684,0.9937580885992633
2023-10,Common Chaffinch,0,0,0
2023-10,Common Chiffchaff,0,0,0
2023-10,Common Crane,4,1.2893880276211376,0.8185069044256912
2023-10,Common Cuckoo,0,0,0
2023-10,Common Firecrest,1,0.10100982228622207,0.10100982228622202
2023-10,Common Grasshopper-Warbler,0,0,0
2023-10,Common Greenshank,0,0,0
2023-10,Common House-Martin,0,0,0
2023-10,Common Kingfisher,2,0.15224561431085903,0.1465276823127898
2023-10,Common Murre,0,0,0
2023-10,Common Nightingale,0,0,0
2023-10,Common Pochard,0,0,0
2023-10,Common Quail,0,0,0
2023-10,Common Raven,6,3.3435508075861735,0.995219944959399
2023-10,Common Redshank,0,0,0
2023-10,Common Ringed Plover,0,0,0
2023-10,Common Rosefinch,0,0,0
2023-10,Common Sandpiper,0,0,0
2023-10,Common Scoter,0,0,0
2023-10,Common Snipe,0,0,0
2023-10,Common Swift,0,0,0
2023-10,Common Tern,0,0,0
2023-10,Common Waxbill,1,0.036679357398024186,0.03667935739802419
2023-10,Common Wood-Pigeon,0,0,0
2023-10,Corn Bunting,0,0,0
2023-10,Corsican Finch,0,0,0
2023-10,Corsican Nuthatch,0,0,0
2023-10,Crested Lark,0,0,0
2023-10,Crested Tit,0,0,0
2023-10,Dartford Warbler,0,0,0
2023-10,Dunnock,4,2.337999261542473,0.977050086353599
2023-10,Egyptian Goose,0,0,0
2023-10,Eurasian Blackbird,2,1.2844339365462538,0.8872748548255626
2023-10,Eurasian Blackcap,0,0,0
2023-10,Eurasian Blue Tit,2,1.709321356576135,0.9821766109539919
2023-10,Eurasian Bullfinch,1,0.7319465165585974,0.7319465165585974
2023-10,Eurasian Collared-Dove,0,0,0
2023-10,Eurasian Coot,0,0,0
2023-10,Eurasian Crag-Martin,0,0,0
2023-10,Eurasian Curlew,0,0,0
2023-10,Eurasian Dotterel,0,0,0
2023-10,Eurasian Eagle-Owl,13,2.657893486463013,0.9770749521338826
2023-10,Eurasian Golden Oriole,0,0,0
2023-10,Eurasian Green Woodpecker,14,13.0030339890089,1
2023-10,Eurasian Hobby,0,0,0
2023-10,Eurasian Hoopoe,0,0,0
2023-10,Eurasian Jackdaw,148,140.181544700277,1
2023-10,Eurasian Jay,26,13.958972544043593,0.9999999999982424
2023-10,Eurasian Kestrel,0,0,0
2023-10,Eurasian Linnet,0,0,0
2023-10,Eurasian Magpie,8,4.675676822715535,0.9999999984668775
2023-10,Eurasian Moorhen,1,0.6801449991837234,0.6801449991837234
2023-10,Eurasian Nightjar,0,0,0
2023-10,Eurasian Nutcracker,0,0,0
2023-10,Eurasian Nuthatch,0,0,0
2023-10,Eurasian Oystercatcher,0,0,0
2023-10,Eurasian Penduline-Tit,0,0,0
2023-10,Eurasian Pygmy-Owl,1,0.013815438110407188,0.013815438110407197
2023-10,Eurasian Reed Warbler,0,0,0
2023-10,Eurasian Scops-Owl,3,0.7315971840566596,0.604217403323843
2023-10,Eurasian Siskin,0,0,0
2023-10,Eurasian Thick-knee,0,0,0
2023-10,Eurasian Three-toed Woodpecker,1,0.004183911799717176,0.0041839117997172215
2023-10,Eurasian Treecreeper,3,0.2700136691524031,0.24705270287216918
2023-10,Eurasian Wigeon,0,0,0
2023-10,Eurasian Woodcock,0,0,0
2023-10,Eurasian Wren,35,29.390562350196348,1
2023-10,Eurasian Wryneck,0,0,0
2023-10,European Bee-eater,0,0,0
2023-10,European Golden-Plover,0,0,0
2023-10,European Goldfinch,0,0,0
2023-10,European Greenfinch,0,0,0
2023-10,European Honey-buzzard,1,0.09177748965354549,0.09177748965354549
2023-10,European Pied Flycatcher,0,0,0
2023-10,European Robin,16,13.72351418590169,1
2023-10,European Roller,0,0,0
2023-10,European Serin,0,0,0
2023-10,European Starling,0,0,0
2023-10,European Stonechat,0,0,0
2023-10,European Storm-Petrel,1,0.749655938942407,0.749655938942407
2023-10,European Turtle-Dove,0,0,0
2023-10,Fieldfare,1,0.10056962405986536,0.10056962405986536
2023-10,Garden Warbler,0,0,0
2023-10,Goldcrest,0,0,0
2023-10,Golden Eagle,0,0,0
2023-10,Gray Heron,0,0,0
2023-10,Gray Partridge,0,0,0
2023-10,Gray Wagtail,0,0,0
2023-10,Gray-headed Woodpecker,1,0.00856344627384656,0.008563446273846531
2023-10,Graylag Goose,9,5.748806653164767,0.9999491719060543
2023-10,Great Bittern,67,1.669561465048591,0.8331205941166453
2023-10,Great Black-backed Gull,0,0,0
2023-10,Great Crested Grebe,0,0,0
2023-10,Great Reed Warbler,0,0,0
2023-10,Great Skua,0,0,0
2023-10,Great Spotted Woodpecker,5,4.134028381823972,0.9999253228150403
2023-10,Great Tit,0,0,0
2023-10,Greater Short-toed Lark,0,0,0
2023-10,Greater White-fronted Goose,0,0,0
2023-10,Greater Whitethroat,0,0,0
2023-10,Green Sandpiper,0,0,0
2023-10,Green-winged Teal,0,0,0
2023-10,Hawfinch,2,0.9546367354729038,0.7655123843731474
2023-10,Hazel Grouse,0,0,0
2023-10,Herring Gull,0,0,0
2023-10,Hooded Crow,12,7.1159973203339435,0.9999944507473582
2023-10,Horned Lark,0,0,0
2023-10,Iberian Chiffchaff,0,0,0
2023-10,Iberian Green Woodpecker,0,0,0
2023-10,Lady Amherst's Pheasant,0,0,0
2023-10,Lesser Black-backed Gull,0,0,0
2023-10,Lesser Kestrel,0,0,0
2023-10,Lesser Spotted Woodpecker,0,0,0
2023-10,Lesser Whitethroat,0,0,0
2023-10,Little Bittern,0,0,0
2023-10,Little Crake,0,0,0
2023-10,Little Grebe,0,0,0
2023-10,Little Owl,15,11.414352477294281,0.9999999999631675
2023-10,Little Ringed Plover,0,0,0
2023-10,Long-eared Owl,5,0.21078789434269377,0.1940440694306741
2023-10,Long-tailed Tit,11,8.378007760516923,0.9999999909127406
2023-10,Mallard,0,0,0
2023-10,Mandarin Duck,0,0,0
2023-10,Manx Shearwater,0,0,0
2023-10,Marmora's Warbler,0,0,0
2023-10,Marsh Tit,0,0,0
2023-10,Mediterranean Flycatcher,0,0,0
2023-10,Mediterranean Gull,0,0,0
2023-10,Mew Gull,0,0,0
2023-10,Middle Spotted Woodpecker,0,0,0
2023-10,Mistle Thrush,1,0.23506882307522164,0.2350688230752216
2023-10,Northern Fulmar,0,0,0
2023-10,Northern Gannet,0,0,0
2023-10,Northern Goshawk,1,0.5775919755405481,0.5775919755405481
2023-10,Northern Lapwing,5,1.5155348265861146,0.887842305333642
2023-10,Ortolan Bunting,0,0,0
2023-10,Osprey,0,0,0
2023-10,Parrot Crossbill,0,0,0
2023-10,Peregrine Falcon,5,2.4203698330719634,0.9995846673817581
2023-10,Pied Avocet,0,0,0
2023-10,Pin-tailed Sandgrouse,0,0,0
2023-10,Pin-tailed Whydah,0,0,0
2023-10,Pink-footed Goose,1,0.2779048444485716,0.27790484444857166
2023-10,Razorbill,0,0,0
2023-10,Red Crossbill,0,0,0
2023-10,Red Kite,0,0,0
2023-10,Red-billed Chough,5,0.014612233369726519,0.014558426257315515
2023-10,Red-breasted Flycatcher,0,0,0
2023-10,Red-flanked Bluetail,0,0,0
2023-10,Red-legged Partridge,0,0,0
2023-10,Red-throated Loon,0,0,0
2023-10,Redwing,1,0.7954012229073578,0.7954012229073578
2023-10,Ring Ouzel,0,0,0
2023-10,Ring-necked Pheasant,1,0.9999905465486818,0.9999905465486818
2023-10,River Warbler,0,0,0
2023-10,Rock Bunting,0,0,0
2023-10,Rock Partridge,0,0,0
2023-10,Rock Pigeon,1,0.18541219487815605,0.18541219487815608
2023-10,Rock Sparrow,0,0,0
2023-10,Rook,15,12.77444397185621,0.9999999999999998
2023-10,Rose-ringed Parakeet,89,87.00208068757328,1
2023-10,Rough-legged Hawk,0,0,0
2023-10,Ruddy Shelduck,0,0,0
2023-10,Ruff,0,0,0
2023-10,Sardinian Warbler,1,0.1152013196363165,0.11520131963631652
2023-10,Savi's Warbler,0,0,0
2023-10,Sedge Warbler,1,0.04899752176376733,0.04899752176376737
2023-10,Short-toed Treecreeper,1,0.54923110535502,0.54923110535502
2023-10,Siberian Accentor,0,0,0
2023-10,Small Buttonquail,0,0,0
2023-10,Song Thrush,0,0,0
2023-10,Spectacled Warbler,0,0,0
2023-10,Spotted Crake,0,0,0
2023-10,Spotted Flycatcher,1,0.29274148085555024,0.2927414808555503
2023-10,Stock Dove,0,0,0
2023-10,Subalpine Warbler,0,0,0
2023-10,Tawny Owl,46,33.678764582199214,1
2023-10,Tawny Pipit,0,0,0
2023-10,Twite,0,0,0
2023-10,Ural Owl,0,0,0
2023-10,Water Pipit,0,0,0
2023-10,Water Rail,0,0,0
2023-10,Western Bonelli's Warbler,0,0,0
2023-10,Western Capercaillie,3,0.03635160185157145,0.03603165255272689
2023-10,Western Orphean Warbler,0,0,0
2023-10,Western Yellow Wagtail,0,0,0
2023-10,Whinchat,0,0,0
2023-10,White Stork,0,0,0
2023-10,White Wagtail,0,0,0
2023-10,White-tailed Eagle,0,0,0
2023-10,White-winged Crossbill,0,0,0
2023-10,White-winged Snowfinch,0,0,0
2023-10,White-winged Tern,0,0,0
2023-10,Whooper Swan,0,0,0
2023-10,Willow Tit,0,0,0
2023-10,Willow Warbler,0,0,0
2023-10,Wood Lark,0,0,0
2023-10,Wood Sandpiper,0,0,0
2023-10,Wood Warbler,0,0,0
2023-10,Yellow-billed Chough,0,0,0
2023-10,Yellow-browed Warbler,0,0,0
2023-10,Yellow-headed Parrot,0,0,0
2023-10,Yellow-legged Gull,0,0,0
2023-10,Yellowhammer,0,0,0
2023-11,Aquatic Warbler,0,0,0
2023-11,Atlantic Puffin,1,0.05348899738062331,0.05348899738062329
2023-11,Barn Owl,0,0,0
2023-11,Barn Swallow,0,0,0
2023-11,Barnacle Goose,1,0.5842017299562735,0.5842017299562735
2023-11,Bearded Reedling,0,0,0
2023-11,Black Grouse,0,0,0
2023-11,Black Kite,2,1.6797879172509085,0.9778188428500977
2023-11,Black Redstart,0,0,0
2023-11,Black Tern,0,0,0
2023-11,Black Woodpecker,1,0.014791064084766426,0.014791064084766381
2023-11,Black-bellied Plover,0,0,0
2023-11,Black-crowned Night-Heron,0,0,0
2023-11,Black-legged Kittiwake,0,0,0
2023-11,Black-tailed Godwit,0,0,0
2023-11,Bluethroat,0,0,0
2023-11,Bohemian Waxwing,0,0,0
2023-11,Boreal Owl,4,1.8230531688327232,0.9818309739280748
2023-11,Canada Goose,0,0,0
2023-11,Carrion Crow,16,13.611039167581096,0.9999999999999801
2023-11,Cetti's Warbler,0,0,0
2023-11,Cirl Bunting,0,0,0
2023-11,Coal Tit,0,0,0
2023-11,Collared Flycatcher,2,0.6859489328979997,0.5761985835884457
2023-11,Common Buzzard,7,5.81958452953254,0.999999972953735
2023-11,Common Chaffinch,0,0,0
2023-11,Common Chiffchaff,0,0,0
2023-11,Common Crane,0,0,0
2023-11,Common Cuckoo,0,0,0
2023-11,Common Firecrest,2,0.5260549096433592,0.46898526704898913
2023-11,Common Grasshopper-Warbler,4,2.18853136179896,0.982352041564055
2023-11,Common Greenshank,0,0,0
2023-11,Common House-Martin,0,0,0
2023-11,Common Kingfisher,5,0.4825855716825786,0.40119158184526305
2023-11,Common Murre,0,0,0
2023-11,Common Nightingale,0,0,0
2023-11,Common Pochard,0,0,0
2023-11,Common Quail,0,0,0
2023-11,Common Raven,2,1.6016196073430606,0.9676947489954163
2023-11,Common Redshank,0,0,0
2023-11,Common Ringed Plover,0,0,0
2023-11,Common Rosefinch,0,0,0
2023-11,Common Sandpiper,0,0,0
2023-11,Common Scoter,0,0,0
2023-11,Common Snipe,0,0,0
2023-11,Common Swift,0,0,0
2023-11,Common Tern,0,0,0
2023-11,Common Waxbill,0,0,0
2023-11,Common Wood-Pigeon,2,0.923872597987567,0.7105065018079756
2023-11,Corn Bunting,0,0,0
2023-11,Corsican Finch,0,0,0
2023-11,Corsican Nuthatch,0,0,0
2023-11,Crested Lark,0,0,0
2023-11,Crested Tit,0,0,0
2023-11,Dartford Warbler,0,0,0
2023-11,Dunnock,9,4.638668357840516,0.9995387227488267
2023-11,Egyptian Goose,0,0,0
2023-11,Eurasian Blackbird,0,0,0
2023-11,Eurasian Blackcap,0,0,0
2023-11,Eurasian Blue Tit,1,0.8253453204388534,0.8253453204388534
2023-11,Eurasian Bullfinch,0,0,0
2023-11,Eurasian Collared-Dove,0,0,0
2023-11,Eurasian Coot,0,0,0
2023-11,Eurasian Crag-Martin,0,0,0
2023-11,Eurasian Curlew,0,0,0
2023-11,Eurasian Dotterel,0,0,0
2023-11,Eurasian Eagle-Owl,22,3.123636924451783,0.9880111222517485
2023-11,Eurasian Golden Oriole,0,0,0
2023-11,Eurasian Green Woodpecker,6,5.49535116341677,0.9999999962593263
2023-11,Eurasian Hobby,0,0,0
2023-11,Eurasian Hoopoe,0,0,0
2023-11,Eurasian Jackdaw,40,37.203385271675316,1
2023-11,Eurasian Jay,20,12.268182536078525,0.9999999999040632
2023-11,Eurasian Kestrel,0,0,0
2023-11,Eurasian Linnet,0,0,0
2023-11,Eurasian Magpie,7,4.237343212484217,0.9999309744691098
2023-11,Eurasian Moorhen,1,0.7685633290134218,0.7685633290134218
2023-11,Eurasian Nightjar,0,0,0
2023-11,Eurasian Nutcracker,0,0,0
2023-11,Eurasian Nuthatch,0,0,0
2023-11,Eurasian Oystercatcher,1,0.13184218811661005,0.13184218811661008
2023-11,Eurasian Penduline-Tit,0,0,0
2023-11,Eurasian Pygmy-Owl,0,0,0
2023-11,Eurasian Reed Warbler,0,0,0
2023-11,Eurasian Scops-Owl,1,0.1199435319151811,0.11994353191518115
2023-11,Eurasian Siskin,1,0.4734996530168451,0.47349965301684516
2023-11,Eurasian Thick-knee,0,0,0
2023-11,Eurasian Three-toed Woodpecker,16,0.3818908899173545,0.33793770766311604
2023-11,Eurasian Treecreeper,0,0,0
2023-11,Eurasian Wigeon,0,0,0
2023-11,Eurasian Woodcock,0,0,0
2023-11,Eurasian Wren,84,74.26922643522498,1
2023-11,Eurasian Wryneck,1,0.3704249274491004,0.3704249274491004
2023-11,European Bee-eater,0,0,0
2023-11,European Golden-Plover,0,0,0
2023-11,European Goldfinch,0,0,0
2023-11,European Greenfinch,0,0,0
2023-11,European Honey-buzzard,0,0,0
2023-11,European Pied Flycatcher,0,0,0
2023-11,European Robin,11,8.594594899707456,0.9999999950856304
2023-11,European Roller,0,0,0
2023-11,European Serin,0,0,0
2023-11,European Starling,0,0,0
2023-11,European Stonechat,0,0,0
2023-11,European Storm-Petrel,0,0,0
2023-11,European Turtle-Dove,0,0,0
2023-11,Fieldfare,0,0,0
2023-11,Garden Warbler,0,0,0
2023-11,Goldcrest,0,0,0
2023-11,Golden Eagle,0,0,0
2023-11,Gray Heron,4,0.19675716617183395,0.18432122564318587
2023-11,Gray Partridge,1,0.2574426766839731,0.257442676683973
2023-11,Gray Wagtail,0,0,0
2023-11,Gray-headed Woodpecker,0,0,0
2023-11,Graylag Goose,1,0.972140840760134,0.972140840760134
2023-11,Great Bittern,34,0.5782383791623825,0.4465785642998964
2023-11,Great Black-backed Gull,0,0,0
2023-11,Great Crested Grebe,0,0,0
2023-11,Great Reed Warbler,0,0,0
2023-11,Great Skua,0,0,0
2023-11,Great Spotted Woodpecker,1,0.9747665879300025,0.9747665879300025
2023-11,Great Tit,0,0,0
2023-11,Greater Short-toed Lark,0,0,0
2023-11,Greater White-fronted Goose,0,0,0
2023-11,Greater Whitethroat,0,0,0
2023-11,Green Sandpiper,0,0,0
2023-11,Green-winged Teal,0,0,0
2023-11,Hawfinch,0,0,0
2023-11,Hazel Grouse,0,0,0
2023-11,Herring Gull,0,0,0
2023-11,Hooded Crow,5,2.746642054961077,0.9879400273980599
2023-11,Horned Lark,0,0,0
2023-11,Iberian Chiffchaff,0,0,0
2023-11,Iberian Green Woodpecker,0,0,0
2023-11,Lady Amherst's Pheasant,0,0,0
2023-11,Lesser Black-backed Gull,0,0,0
2023-11,Lesser Kestrel,0,0,0
2023-11,Lesser Spotted Woodpecker,0,0,0
2023-11,Lesser Whitethroat,0,0,0
2023-11,Little Bittern,0,0,0
2023-11,Little Crake,0,0,0
2023-11,Little Grebe,0,0,0
2023-11,Little Owl,13,10.362716572864883,0.9999999999656501
2023-11,Little Ringed Plover,1,0.06296411701942511,0.06296411701942506
2023-11,Long-eared Owl,9,0.9806156918732412,0.6776663172240249
2023-11,Long-tailed Tit,8,6.074513438614799,0.9999973193940718
2023-11,Mallard,0,0,0
2023-11,Mandarin Duck,0,0,0
2023-11,Manx Shearwater,3,0.15229440788248633,0.1449782092673334
2023-11,Marmora's Warbler,0,0,0
2023-11,Marsh Tit,0,0,0
2023-11,Mediterranean Flycatcher,0,0,0
2023-11,Mediterranean Gull,0,0,0
2023-11,Mew Gull,0,0,0
2023-11,Middle Spotted Woodpecker,0,0,0
2023-11,Mistle Thrush,9,1.8174299358985864,0.8747309655133597
2023-11,Northern Fulmar,2,0.12643809191934213,0.12253010151383759
2023-11,Northern Gannet,0,0,0
2023-11,Northern Goshawk,2,1.7370775999005856,0.987589238573428
2023-11,Northern Lapwing,0,0,0
2023-11,Ortolan Bunting,0,0,0
2023-11,Osprey,0,0,0
2023-11,Parrot Crossbill,0,0,0
2023-11,Peregrine Falcon,0,0,0
2023-11,Pied Avocet,0,0,0
2023-11,Pin-tailed Sandgrouse,0,0,0
2023-11,Pin-tailed Whydah,0,0,0
2023-11,Pink-footed Goose,0,0,0
2023-11,Razorbill,0,0,0
2023-11,Red Crossbill,0,0,0
2023-11,Red Kite,4,2.8360728299212195,0.9965467886759387
2023-11,Red-billed Chough,3,0.009813926314386155,0.009795145892912971
2023-11,Red-breasted Flycatcher,1,0.19972582658049853,0.19972582658049853
2023-11,Red-flanked Bluetail,0,0,0
2023-11,Red-legged Partridge,1,0.08507780667720326,0.08507780667720322
2023-11,Red-throated Loon,0,0,0
2023-11,Redwing,1,0.5627139275121833,0.5627139275121833
2023-11,Ring Ouzel,0,0,0
2023-11,Ring-necked Pheasant,0,0,0
2023-11,River Warbler,0,0,0
2023-11,Rock Bunting,0,0,0
2023-11,Rock Partridge,7,0.42594612221936645,0.3583890841541423
2023-11,Rock Pigeon,0,0,0
2023-11,Rock Sparrow,0,0,0
2023-11,Rook,11,9.2408349464581665,0.999999999984019
2023-11,Rose-ringed Parakeet,38,36.87588638007557,1
2023-11,Rough-legged Hawk,0,0,0
2023-11,Ruddy Shelduck,0,0,0
2023-11,Ruff,0,0,0
2023-11,Sardinian Warbler,0,0,0
2023-11,Savi's Warbler,0,0,0
2023-11,Sedge Warbler,0,0,0
2023-11,Short-toed Treecreeper,0,0,0
2023-11,Siberian Accentor,0,0,0
2023-11,Small Buttonquail,1,0.10101703989342019,0.10101703989342015
2023-11,Song Thrush,0,0,0
2023-11,Spectacled Warbler,3,1.6198785001939369,0.9042324021055033
2023-11,Spotted Crake,0,0,0
2023-11,Spotted Flycatcher,0,0,0
2023-11,Stock Dove,0,0,0
2023-11,Subalpine Warbler,0,0,0
2023-11,Tawny Owl,34,25.693288997089713,1
2023-11,Tawny Pipit,0,0,0
2023-11,Twite,0,0,0
2023-11,Ural Owl,2,0.010415670622895033,0.010389614852377438
2023-11,Water Pipit,0,0,0
2023-11,Water Rail,0,0,0
2023-11,Western Bonelli's Warbler,0,0,0
2023-11,Western Capercaillie,4,0.19856473857192958,0.18862339025236985
2023-11,Western Orphean Warbler,0,0,0
2023-11,Western Yellow Wagtail,0,0,0
2023-11,Whinchat,0,0,0
2023-11,White Stork,0,0,0
2023-11,White Wagtail,1,0.06352406357771276,0.06352406357771279
2023-11,White-tailed Eagle,0,0,0
2023-11,White-winged Crossbill,0,0,0
2023-11,White-winged Snowfinch,0,0,0
2023-11,White-winged Tern,0,0,0
2023-11,Whooper Swan,1,0.7797151309958176,0.7797151309958176
2023-11,Willow Tit,0,0,0
2023-11,Willow Warbler,0,0,0
2023-11,Wood Lark,0,0,0
2023-11,Wood Sandpiper,0,0,0
2023-11,Wood Warbler,0,0,0
2023-11,Yellow-billed Chough,0,0,0
2023-11,Yellow-browed Warbler,0,0,0
2023-11,Yellow-headed Parrot,0,0,0
2023-11,Yellow-legged Gull,0,0,0
2023-11,Yellowhammer,0,0,0
2023-12,Aquatic Warbler,0,0,0
2023-12,Atlantic Puffin,1,0.7351099248129632,0.7351099248129632
2023-12,Barn Owl,0,0,0
2023-12,Barn Swallow,0,0,0
2023-12,Barnacle Goose,0,0,0
2023-12,Bearded Reedling,0,0,0
2023-12,Black Grouse,1,0.0755634265770867,0.0755634265770867
2023-12,Black Kite,0,0,0
2023-12,Black Redstart,1,0.15260288135167208,0.1526028813516721
2023-12,Black Tern,0,0,0
2023-12,Black Woodpecker,0,0,0
2023-12,Black-bellied Plover,0,0,0
2023-12,Black-crowned Night-Heron,0,0,0
2023-12,Black-legged Kittiwake,0,0,0
2023-12,Black-tailed Godwit,0,0,0
2023-12,Bluethroat,0,0,0
2023-12,Bohemian Waxwing,0,0,0
2023-12,Boreal Owl,3,1.2977727580204066,0.8863952742650114
2023-12,Canada Goose,1,0.41833567955217893,0.418335679552179
2023-12,Carrion Crow,9,7.4332508727070605,0.9999999514132963
2023-12,Cetti's Warbler,0,0,0
2023-12,Cirl Bunting,0,0,0
2023-12,Coal Tit,0,0,0
2023-12,Collared Flycatcher,0,0,0
2023-12,Common Buzzard,6,5.35262317778494,0.9999999999992384
2023-12,Common Chaffinch,0,0,0
2023-12,Common Chiffchaff,0,0,0
2023-12,Common Crane,1,0.44452799794847425,0.4445279979484743
2023-12,Common Cuckoo,0,0,0
2023-12,Common Firecrest,1,0.12902506491843585,0.1290250649184359
2023-12,Common Grasshopper-Warbler,11,4.0482539023656035,0.9984883500387223
2023-12,Common Greenshank,0,0,0
2023-12,Common House-Martin,0,0,0
2023-12,Common Kingfisher,0,0,0
2023-12,Common Murre,0,0,0
2023-12,Common Nightingale,0,0,0
2023-12,Common Pochard,0,0,0
2023-12,Common Quail,0,0,0
2023-12,Common Raven,2,1.0061369795050144,0.780598842805904
2023-12,Common Redshank,0,0,0
2023-12,Common Ringed Plover,0,0,0
2023-12,Common Rosefinch,0,0,0
2023-12,Common Sandpiper,0,0,0
2023-12,Common Scoter,0,0,0
2023-12,Common Snipe,0,0,0
2023-12,Common Swift,0,0,0
2023-12,Common Tern,0,0,0
2023-12,Common Waxbill,0,0,0
2023-12,Common Wood-Pigeon,0,0,0
2023-12,Corn Bunting,0,0,0
2023-12,Corsican Finch,0,0,0
2023-12,Corsican Nuthatch,0,0,0
2023-12,Crested Lark,0,0,0
2023-12,Crested Tit,0,0,0
2023-12,Dartford Warbler,0,0,0
2023-12,Dunnock,10,5.190265574065906,0.9998827174323869
2023-12,Egyptian Goose,0,0,0
2023-12,Eurasian Blackbird,0,0,0
2023-12,Eurasian Blackcap,0,0,0
2023-12,Eurasian Blue Tit,3,2.7496175237388645,0.9994789332262651
2023-12,Eurasian Bullfinch,0,0,0
2023-12,Eurasian Collared-Dove,0,0,0
2023-12,Eurasian Coot,0,0,0
2023-12,Eurasian Crag-Martin,0,0,0
2023-12,Eurasian Curlew,0,0,0
2023-12,Eurasian Dotterel,0,0,0
2023-12,Eurasian Eagle-Owl,11,1.6062686851939831,0.8530682156150675
2023-12,Eurasian Golden Oriole,0,0,0
2023-12,Eurasian Green Woodpecker,0,0,0
2023-12,Eurasian Hobby,0,0,0
2023-12,Eurasian Hoopoe,0,0,0
2023-12,Eurasian Jackdaw,19,17.565739180956314,1
2023-12,Eurasian Jay,1,0.7631977865876526,0.7631977865876526
2023-12,Eurasian Kestrel,0,0,0
2023-12,Eurasian Linnet,0,0,0
2023-12,Eurasian Magpie,0,0,0
2023-12,Eurasian Moorhen,1,0.8894149067220668,0.8894149067220668
2023-12,Eurasian Nightjar,0,0,0
2023-12,Eurasian Nutcracker,0,0,0
2023-12,Eurasian Nuthatch,0,0,0
2023-12,Eurasian Oystercatcher,0,0,0
2023-12,Eurasian Penduline-Tit,0,0,0
2023-12,Eurasian Pygmy-Owl,0,0,0
2023-12,Eurasian Reed Warbler,0,0,0
2023-12,Eurasian Scops-Owl,1,0.07968613055743752,0.07968613055743756
2023-12,Eurasian Siskin,0,0,0
2023-12,Eurasian Thick-knee,0,0,0
2023-12,Eurasian Three-toed Woodpecker,3,0.024186392605758878,0.024005127838233165
2023-12,Eurasian Treecreeper,0,0,0
2023-12,Eurasian Wigeon,0,0,0
2023-12,Eurasian Woodcock,0,0,0
2023-12,Eurasian Wren,83,74.82921280362659,1
2023-12,Eurasian Wryneck,0,0,0
2023-12,European Bee-eater,0,0,0
2023-12,European Golden-Plover,0,0,0
2023-12,European Goldfinch,0,0,0
2023-12,European Greenfinch,0,0,0
2023-12,European Honey-buzzard,0,0,0
2023-12,European Pied Flycatcher,0,0,0
2023-12,European Robin,5,4.098567008992713,0.9999788106379189
2023-12,European Roller,0,0,0
2023-12,European Serin,0,0,0
2023-12,European Starling,0,0,0
2023-12,European Stonechat,0,0,0
2023-12,European Storm-Petrel,0,0,0
2023-12,European Turtle-Dove,0,0,0
2023-12,Fieldfare,0,0,0
2023-12,Garden Warbler,0,0,0
2023-12,Goldcrest,1,0.3974123027222542,0.39741230272225425
2023-12,Golden Eagle,0,0,0
2023-12,Gray Heron,0,0,0
2023-12,Gray Partridge,0,0,0
2023-12,Gray Wagtail,0,0,0
2023-12,Gray-headed Woodpecker,0,0,0
2023-12,Graylag Goose,0,0,0
2023-12,Great Bittern,11,0.9907449875336918,0.7172162164174629
2023-12,Great Black-backed Gull,0,0,0
2023-12,Great Crested Grebe,0,0,0
2023-12,Great Reed Warbler,0,0,0
2023-12,Great Skua,0,0,0
2023-12,Great Spotted Woodpecker,0,0,0
2023-12,Great Tit,0,0,0
2023-12,Greater Short-toed Lark,0,0,0
2023-12,Greater White-fronted Goose,0,0,0
2023-12,Greater Whitethroat,0,0,0
2023-12,Green Sandpiper,0,0,0
2023-12,Green-winged Teal,0,0,0
2023-12,Hawfinch,0,0,0
2023-12,Hazel Grouse,0,0,0
2023-12,Herring Gull,0,0,0
2023-12,Hooded Crow,9,5.744024483531141,0.9999942691671384
2023-12,Horned Lark,0,0,0
2023-12,Iberian Chiffchaff,0,0,0
2023-12,Iberian Green Woodpecker,0,0,0
2023-12,Lady Amherst's Pheasant,0,0,0
2023-12,Lesser Black-backed Gull,0,0,0
2023-12,Lesser Kestrel,0,0,0
2023-12,Lesser Spotted Woodpecker,0,0,0
2023-12,Lesser Whitethroat,0,0,0
2023-12,Little Bittern,1,0.011358691282101506,0.01135869128210154
2023-12,Little Crake,0,0,0
2023-12,Little Grebe,0,0,0
2023-12,Little Owl,2,1.352642325200603,0.8957790943734616
2023-12,Little Ringed Plover,0,0,0
2023-12,Long-eared Owl,7,0.3347671028264959,0.2924982494905517
2023-12,Long-tailed Tit,3,2.407134099469963,0.995316761588431
2023-12,Mallard,0,0,0
2023-12,Mandarin Duck,0,0,0
2023-12,Manx Shearwater,2,0.07352382090480004,0.07237359456765191
2023-12,Marmora's Warbler,0,0,0
2023-12,Marsh Tit,0,0,0
2023-12,Mediterranean Flycatcher,0,0,0
2023-12,Mediterranean Gull,0,0,0
2023-12,Mew Gull,0,0,0
2023-12,Middle Spotted Woodpecker,0,0,0
2023-12,Mistle Thrush,13,2.4275701175100863,0.9550741025990519
2023-12,Northern Fulmar,0,0,0
2023-12,Northern Gannet,0,0,0
2023-12,Northern Goshawk,1,0.5261462233880901,0.5261462233880901
2023-12,Northern Lapwing,0,0,0
2023-12,Ortolan Bunting,0,0,0
2023-12,Osprey,0,0,0
2023-12,Parrot Crossbill,0,0,0
2023-12,Peregrine Falcon,0,0,0
2023-12,Pied Avocet,0,0,0
2023-12,Pin-tailed Sandgrouse,0,0,0
2023-12,Pin-tailed Whydah,0,0,0
2023-12,Pink-footed Goose,0,0,0
2023-12,Razorbill,0,0,0
2023-12,Red Crossbill,0,0,0
2023-12,Red Kite,1,0.42776773089206266,0.42776773089206266
2023-12,Red-billed Chough,0,0,0
2023-12,Red-breasted Flycatcher,1,0.08934317038361868,0.08934317038361872
2023-12,Red-flanked Bluetail,0,0,0
2023-12,Red-legged Partridge,0,0,0
2023-12,Red-throated Loon,0,0,0
2023-12,Redwing,3,2.1136603585498728,0.9960905070079282
2023-12,Ring Ouzel,0,0,0
2023-12,Ring-necked Pheasant,3,2.9662357666245542,0.9999999999962788
2023-12,River Warbler,0,0,0
2023-12,Rock Bunting,0,0,0
2023-12,Rock Partridge,0,0,0
2023-12,Rock Pigeon,0,0,0
2023-12,Rock Sparrow,0,0,0
2023-12,Rook,1,0.8990272138897779,0.8990272138897779
2023-12,Rose-ringed Parakeet,8,7.866636350271376,1
2023-12,Rough-legged Hawk,0,0,0
2023-12,Ruddy Shelduck,0,0,0
2023-12,Ruff,0,0,0
2023-12,Sardinian Warbler,0,0,0
2023-12,Savi's Warbler,0,0,0
2023-12,Sedge Warbler,4,0.21597067611052212,0.19944782121925775
2023-12,Short-toed Treecreeper,0,0,0
2023-12,Siberian Accentor,0,0,0
2023-12,Small Buttonquail,0,0,0
2023-12,Song Thrush,0,0,0
2023-12,Spectacled Warbler,3,1.1684268790855254,0.7735684903956511
2023-12,Spotted Crake,0,0,0
2023-12,Spotted Flycatcher,1,0.10806139369727989,0.10806139369727985
2023-12,Stock Dove,0,0,0
2023-12,Subalpine Warbler,0,0,0
2023-12,Tawny Owl,16,10.278580857141808,0.9999999945822002
2023-12,Tawny Pipit,0,0,0
2023-12,Twite,0,0,0
2023-12,Ural Owl,0,0,0
2023-12,Water Pipit,0,0,0
2023-12,Water Rail,0,0,0
2023-12,Western Bonelli's Warbler,0,0,0
2023-12,Western Capercaillie,5,0.1624538849477248,0.15541881302511829
2023-12,Western Orphean Warbler,0,0,0
2023-12,Western Yellow Wagtail,0,0,0
2023-12,Whinchat,0,0,0
2023-12,White Stork,0,0,0
2023-12,White Wagtail,0,0,0
2023-12,White-tailed Eagle,0,0,0
2023-12,White-winged Crossbill,0,0,0
2023-12,White-winged Snowfinch,0,0,0
2023-12,White-winged Tern,0,0,0
2023-12,Whooper Swan,0,0,0
2023-12,Willow Tit,0,0,0
2023-12,Willow Warbler,0,0,0
2023-12,Wood Lark,0,0,0
2023-12,Wood Sandpiper,0,0,0
2023-12,Wood Warbler,0,0,0
2023-12,Yellow-billed Chough,0,0,0
2023-12,Yellow-browed Warbler,0,0,0
2023-12,Yellow-headed Parrot,0,0,0
2023-12,Yellow-legged Gull,0,0,0
2023-12,Yellowhammer,0,0,0
2024-01,Aquatic Warbler,0,0,0
2024-01,Atlantic Puffin,1,0.15125425608383197,0.15125425608383203
2024-01,Barn Owl,0,0,0
2024-01,Barn Swallow,0,0,0
2024-01,Barnacle Goose,0,0,0
2024-01,Bearded Reedling,0,0,0
2024-01,Black Grouse,0,0,0
2024-01,Black Kite,0,0,0
2024-01,Black Redstart,0,0,0
2024-01,Black Tern,0,0,0
2024-01,Black Woodpecker,0,0,0
2024-01,Black-bellied Plover,0,0,0
2024-01,Black-crowned Night-Heron,0,0,0
2024-01,Black-legged Kittiwake,0,0,0
2024-01,Black-tailed Godwit,0,0,0
2024-01,Bluethroat,0,0,0
2024-01,Bohemian Waxwing,0,0,0
2024-01,Boreal Owl,2,0.554072655972669,0.4780656712873801
2024-01,Canada Goose,1,0.06859677017268759,0.06859677017268762
2024-01,Carrion Crow,11,9.009492203101273,0.9999999948314974
2024-01,Cetti's Warbler,0,0,0
2024-01,Cirl Bunting,0,0,0
2024-01,Coal Tit,2,1.7115132010923189,0.9793749463894074
2024-01,Collared Flycatcher,0,0,0
2024-01,Common Buzzard,3,1.8401882300337649,0.9440840116295531
2024-01,Common Chaffinch,0,0,0
2024-01,Common Chiffchaff,0,0,0
2024-01,Common Crane,0,0,0
2024-01,Common Cuckoo,0,0,0
2024-01,Common Firecrest,0,0,0
2024-01,Common Grasshopper-Warbler,11,5.275737358127159,0.9998803097555932
2024-01,Common Greenshank,0,0,0
2024-01,Common House-Martin,0,0,0
2024-01,Common Kingfisher,1,0.0659531835521794,0.06595318355217938
2024-01,Common Murre,0,0,0
2024-01,Common Nightingale,0,0,0
2024-01,Common Pochard,0,0,0
2024-01,Common Quail,0,0,0
2024-01,Common Raven,0,0,0
2024-01,Common Redshank,0,0,0
2024-01,Common Ringed Plover,0,0,0
2024-01,Common Rosefinch,0,0,0
2024-01,Common Sandpiper,2,0.6790650717954679,0.582349910893381
2024-01,Common Scoter,0,0,0
2024-01,Common Snipe,1,0.2254586416221141,0.22545864162211415
2024-01,Common Swift,0,0,0
2024-01,Common Tern,0,0,0
2024-01,Common Waxbill,0,0,0
2024-01,Common Wood-Pigeon,0,0,0
2024-01,Corn Bunting,0,0,0
2024-01,Corsican Finch,0,0,0
2024-01,Corsican Nuthatch,0,0,0
2024-01,Crested Lark,0,0,0
2024-01,Crested Tit,0,0,0
2024-01,Dartford Warbler,0,0,0
2024-01,Dunnock,35,22.722730860927133,1
2024-01,Egyptian Goose,0,0,0
2024-01,Eurasian Blackbird,0,0,0
2024-01,Eurasian Blackcap,0,0,0
2024-01,Eurasian Blue Tit,67,57.89164563563359,1
2024-01,Eurasian Bullfinch,0,0,0
2024-01,Eurasian Collared-Dove,0,0,0
2024-01,Eurasian Coot,4,1.1156429496541296,0.7556165929925232
2024-01,Eurasian Crag-Martin,0,0,0
2024-01,Eurasian Curlew,0,0,0
2024-01,Eurasian Dotterel,0,0,0
2024-01,Eurasian Eagle-Owl,5,1.1722940351339597,0.7648166842082054
2024-01,Eurasian Golden Oriole,0,0,0
2024-01,Eurasian Green Woodpecker,3,2.936445159923694,0.9999987737148727
2024-01,Eurasian Hobby,0,0,0
2024-01,Eurasian Hoopoe,0,0,0
2024-01,Eurasian Jackdaw,23,21.561842218641736,1
2024-01,Eurasian Jay,1,0.3798726563376148,0.3798726563376148
2024-01,Eurasian Kestrel,0,0,0
2024-01,Eurasian Linnet,0,0,0
2024-01,Eurasian Magpie,1,0.6188786760450021,0.6188786760450021
2024-01,Eurasian Moorhen,0,0,0
2024-01,Eurasian Nightjar,0,0,0
2024-01,Eurasian Nutcracker,0,0,0
2024-01,Eurasian Nuthatch,0,0,0
2024-01,Eurasian Oystercatcher,0,0,0
2024-01,Eurasian Penduline-Tit,0,0,0
2024-01,Eurasian Pygmy-Owl,0,0,0
2024-01,Eurasian Reed Warbler,0,0,0
2024-01,Eurasian Scops-Owl,0,0,0
2024-01,Eurasian Siskin,0,0,0
2024-01,Eurasian Thick-knee,0,0,0
2024-01,Eurasian Three-toed Woodpecker,2,0.01209626337074822,0.012060910756911958
2024-01,Eurasian Treecreeper,0,0,0
2024-01,Eurasian Wigeon,0,0,0
2024-01,Eurasian Woodcock,0,0,0
2024-01,Eurasian Wren,94,82.27030017213299,1
2024-01,Eurasian Wryneck,1,0.41179683755644647,0.41179683755644647
2024-01,European Bee-eater,0,0,0
2024-01,European Golden-Plover,0,0,0
2024-01,European Goldfinch,0,0,0
2024-01,European Greenfinch,0,0,0
2024-01,European Honey-buzzard,0,0,0
2024-01,European Pied Flycatcher,0,0,0
2024-01,European Robin,7,6.233392462936601,0.9999999999798743
2024-01,European Roller,0,0,0
2024-01,European Serin,1,0.033577453884632597,0.033577453884632624
2024-01,European Starling,0,0,0
2024-01,European Stonechat,0,0,0
2024-01,European Storm-Petrel,0,0,0
2024-01,European Turtle-Dove,0,0,0
2024-01,Fieldfare,0,0,0
2024-01,Garden Warbler,0,0,0
2024-01,Goldcrest,0,0,0
2024-01,Golden Eagle,0,0,0
2024-01,Gray Heron,0,0,0
2024-01,Gray Partridge,0,0,0
2024-01,Gray Wagtail,1,0.17532485146498178,0.17532485146498178
2024-01,Gray-headed Woodpecker,0,0,0
2024-01,Graylag Goose,0,0,0
2024-01,Great Bittern,7,0.2761638328074323,0.2560157393965077
2024-01,Great Black-backed Gull,0,0,0
2024-01,Great Crested Grebe,0,0,0
2024-01,Great Reed Warbler,0,0,0
2024-01,Great Skua,0,0,0
2024-01,Great Spotted Woodpecker,0,0,0
2024-01,Great Tit,2,1.6098725564875935,0.9626002632379387
2024-01,Greater Short-toed Lark,0,0,0
2024-01,Greater White-fronted Goose,0,0,0
2024-01,Greater Whitethroat,0,0,0
2024-01,Green Sandpiper,0,0,0
2024-01,Green-winged Teal,0,0,0
2024-01,Hawfinch,1,0.9103151703547125,0.9103151703547125
2024-01,Hazel Grouse,0,0,0
2024-01,Herring Gull,4,2.840678178269168,0.996304850782759
2024-01,Hooded Crow,0,0,0
2024-01,Horned Lark,0,0,0
2024-01,Iberian Chiffchaff,0,0,0
2024-01,Iberian Green Woodpecker,0,0,0
2024-01,Lady Amherst's Pheasant,0,0,0
2024-01,Lesser Black-backed Gull,0,0,0
2024-01,Lesser Kestrel,0,0,0
2024-01,Lesser Spotted Woodpecker,0,0,0
2024-01,Lesser Whitethroat,0,0,0
2024-01,Little Bittern,1,0.020925758239523938,0.020925758239523917
2024-01,Little Crake,1,0.02959745406601541,0.02959745406601544
2024-01,Little Grebe,0,0,0
2024-01,Little Owl,3,2.5261484363483433,0.9962711612751384
2024-01,Little Ringed Plover,0,0,0
2024-01,Long-eared Owl,3,0.11948312580771761,0.11489428239897725
2024-01,Long-tailed Tit,3,2.4975925784040225,0.9994451318189144
2024-01,Mallard,0,0,0
2024-01,Mandarin Duck,0,0,0
2024-01,Manx Shearwater,1,0.07725760360920028,0.07725760360920031
2024-01,Marmora's Warbler,0,0,0
2024-01,Marsh Tit,0,0,0
2024-01,Mediterranean Flycatcher,0,0,0
2024-01,Mediterranean Gull,0,0,0
2024-01,Mew Gull,0,0,0
2024-01,Middle Spotted Woodpecker,0,0,0
2024-01,Mistle Thrush,13,2.4643161996069143,0.9418625268029642
2024-01,Northern Fulmar,0,0,0
2024-01,Northern Gannet,0,0,0
2024-01,Northern Goshawk,0,0,0
2024-01,Northern Lapwing,0,0,0
2024-01,Ortolan Bunting,0,0,0
2024-01,Osprey,0,0,0
2024-01,Parrot Crossbill,0,0,0
2024-01,Peregrine Falcon,0,0,0
2024-01,Pied Avocet,0,0,0
2024-01,Pin-tailed Sandgrouse,0,0,0
2024-01,Pin-tailed Whydah,0,0,0
2024-01,Pink-footed Goose,0,0,0
2024-01,Razorbill,0,0,0
2024-01,Red Crossbill,0,0,0
2024-01,Red Kite,0,0,0
2024-01,Red-billed Chough,0,0,0
2024-01,Red-breasted Flycatcher,1,0.22448542915054515,0.22448542915054515
2024-01,Red-flanked Bluetail,0,0,0
2024-01,Red-legged Partridge,0,0,0
2024-01,Red-throated Loon,0,0,0
2024-01,Redwing,0,0,0
2024-01,Ring Ouzel,0,0,0
2024-01,Ring-necked Pheasant,11,10.861664973846036,1
2024-01,River Warbler,0,0,0
2024-01,Rock Bunting,0,0,0
2024-01,Rock Partridge,0,0,0
2024-01,Rock Pigeon,0,0,0
2024-01,Rock Sparrow,0,0,0
2024-01,Rook,5,4.278681211614215,0.9999914980927614
2024-01,Rose-ringed Parakeet,16,15.6556774397053,1
2024-01,Rough-legged Hawk,0,0,0
2024-01,Ruddy Shelduck,0,0,0
2024-01,Ruff,0,0,0
2024-01,Sardinian Warbler,0,0,0
2024-01,Savi's Warbler,0,0,0
2024-01,Sedge Warbler,0,0,0
2024-01,Short-toed Treecreeper,0,0,0
2024-01,Siberian Accentor,0,0,0
2024-01,Small Buttonquail,0,0,0
2024-01,Song Thrush,0,0,0
2024-01,Spectacled Warbler,0,0,0
2024-01,Spotted Crake,0,0,0
2024-01,Spotted Flycatcher,0,0,0
2024-01,Stock Dove,0,0,0
2024-01,Subalpine Warbler,0,0,0
2024-01,Tawny Owl,22,16.184165394122623,1
2024-01,Tawny Pipit,0,0,0
2024-01,Twite,0,0,0
2024-01,Ural Owl,0,0,0
2024-01,Water Pipit,0,0,0
2024-01,Water Rail,0,0,0
2024-01,Western Bonelli's Warbler,0,0,0
2024-01,Western Capercaillie,3,0.019211338674678623,0.0190893939360417
2024-01,Western Orphean Warbler,0,0,0
2024-01,Western Yellow Wagtail,0,0,0
2024-01,Whinchat,0,0,0
2024-01,White Stork,0,0,0
2024-01,White Wagtail,0,0,0
2024-01,White-tailed Eagle,0,0,0
2024-01,White-winged Crossbill,0,0,0
2024-01,White-winged Snowfinch,0,0,0
2024-01,White-winged Tern,0,0,0
2024-01,Whooper Swan,1,0.2234736380635926,0.22347363806359266
2024-01,Willow Tit,0,0,0
2024-01,Willow Warbler,0,0,0
2024-01,Wood Lark,0,0,0
2024-01,Wood Sandpiper,0,0,0
2024-01,Wood Warbler,0,0,0
2024-01,Yellow-billed Chough,0,0,0
2024-01,Yellow-browed Warbler,0,0,0
2024-01,Yellow-headed Parrot,0,0,0
2024-01,Yellow-legged Gull,0,0,0
2024-01,Yellowhammer,0,0,0
2024-02,Aquatic Warbler,0,0,0
2024-02,Atlantic Puffin,1,0.08446677170148557,0.08446677170148553
2024-02,Barn Owl,0,0,0
2024-02,Barn Swallow,0,0,0
2024-02,Barnacle Goose,0,0,0
2024-02,Bearded Reedling,0,0,0
2024-02,Black Grouse,0,0,0
2024-02,Black Kite,0,0,0
2024-02,Black Redstart,0,0,0
2024-02,Black Tern,0,0,0
2024-02,Black Woodpecker,1,0.01186149182664492,0.011861491826644865
2024-02,Black-bellied Plover,0,0,0
2024-02,Black-crowned Night-Heron,0,0,0
2024-02,Black-legged Kittiwake,3,0.30909306058499786,0.28329891977119925
2024-02,Black-tailed Godwit,0,0,0
2024-02,Bluethroat,0,0,0
2024-02,Bohemian Waxwing,0,0,0
2024-02,Boreal Owl,4,1.3468107608261923,0.8112418550344047
2024-02,Canada Goose,0,0,0
2024-02,Carrion Crow,61,51.80422282257255,1
2024-02,Cetti's Warbler,0,0,0
2024-02,Cirl Bunting,0,0,0
2024-02,Coal Tit,8,6.393178230555797,0.999998623165436
2024-02,Collared Flycatcher,0,0,0
2024-02,Common Buzzard,18,12.077318618914655,1
2024-02,Common Chaffinch,0,0,0
2024-02,Common Chiffchaff,0,0,0
2024-02,Common Crane,1,0.14411621180061177,0.14411621180061174
2024-02,Common Cuckoo,0,0,0
2024-02,Common Firecrest,2,0.2991733425500965,0.2782297114805806
2024-02,Common Grasshopper-Warbler,16,5.131703435618893,0.9987881705241907
2024-02,Common Greenshank,0,0,0
2024-02,Common House-Martin,1,0.3663043366152985,0.3663043366152985
2024-02,Common Kingfisher,1,0.07012998036161033,0.07012998036161033
2024-02,Common Murre,1,0.0319793594672963,0.03197935946729635
2024-02,Common Nightingale,0,0,0
2024-02,Common Pochard,0,0,0
2024-02,Common Quail,0,0,0
2024-02,Common Raven,2,1.1348061669408345,0.8413609467251799
2024-02,Common Redshank,0,0,0
2024-02,Common Ringed Plover,0,0,0
2024-02,Common Rosefinch,0,0,0
2024-02,Common Sandpiper,9,2.4770694553612533,0.9550639933308093
2024-02,Common Scoter,0,0,0
2024-02,Common Snipe,0,0,0
2024-02,Common Swift,0,0,0
2024-02,Common Tern,0,0,0
2024-02,Common Waxbill,0,0,0
2024-02,Common Wood-Pigeon,0,0,0
2024-02,Corn Bunting,1,0.18542155505203137,0.1854215550520314
2024-02,Corsican Finch,0,0,0
2024-02,Corsican Nuthatch,0,0,0
2024-02,Crested Lark,0,0,0
2024-02,Crested Tit,1,0.028322905831997383,0.02832290583199737
2024-02,Dartford Warbler,0,0,0
2024-02,Dunnock,58,35.82093692157471,1
2024-02,Egyptian Goose,1,0.11272273499301298,0.112722734993013
2024-02,Eurasian Blackbird,2,0.988906443611037,0.7455281802736295
2024-02,Eurasian Blackcap,0,0,0
2024-02,Eurasian Blue Tit,218,192.02658729469067,1
2024-02,Eurasian Bullfinch,3,2.5639522959375176,0.998143563063873
2024-02,Eurasian Collared-Dove,2,1.0014740146750167,0.75484684708256
2024-02,Eurasian Coot,0,0,0
2024-02,Eurasian Crag-Martin,0,0,0
2024-02,Eurasian Curlew,1,0.142085960880753,0.14208596088075298
2024-02,Eurasian Dotterel,0,0,0
2024-02,Eurasian Eagle-Owl,14,0.9373277584521439,0.6316794024404173
2024-02,Eurasian Golden Oriole,0,0,0
2024-02,Eurasian Green Woodpecker,10,9.192015462544225,0.9999999999994076
2024-02,Eurasian Hobby,1,0.30222147908490793,0.30222147908490793
2024-02,Eurasian Hoopoe,0,0,0
2024-02,Eurasian Jackdaw,121,112.57962005400076,1
2024-02,Eurasian Jay,5,2.5672966363105534,0.9880939758866802
2024-02,Eurasian Kestrel,7,4.739896023100946,0.9999999985750465
2024-02,Eurasian Linnet,0,0,0
2024-02,Eurasian Magpie,4,2.1459397609279325,0.9999507267387723
2024-02,Eurasian Moorhen,0,0,0
2024-02,Eurasian Nightjar,0,0,0
2024-02,Eurasian Nutcracker,0,0,0
2024-02,Eurasian Nuthatch,0,0,0
2024-02,Eurasian Oystercatcher,0,0,0
2024-02,Eurasian Penduline-Tit,0,0,0
2024-02,Eurasian Pygmy-Owl,2,0.028015722247294074,0.0278223677718622
2024-02,Eurasian Reed Warbler,0,0,0
2024-02,Eurasian Scops-Owl,10,2.02760038492171,0.9069341787239511
2024-02,Eurasian Siskin,0,0,0
2024-02,Eurasian Thick-knee,0,0,0
2024-02,Eurasian Three-toed Woodpecker,1,0.00813217266340313,0.008132172663403159
2024-02,Eurasian Treecreeper,20,2.8591472438970476,0.9704363692207963
2024-02,Eurasian Wigeon,0,0,0
2024-02,Eurasian Woodcock,0,0,0
2024-02,Eurasian Wren,671,592.055704469536,1
2024-02,Eurasian Wryneck,1,0.15657577314394278,0.15657577314394278
2024-02,European Bee-eater,0,0,0
2024-02,European Golden-Plover,0,0,0
2024-02,European Goldfinch,4,2.5278954157649887,0.9839439146096549
2024-02,European Greenfinch,2,0.29098264748624825,0.2746205978995542
2024-02,European Honey-buzzard,0,0,0
2024-02,European Pied Flycatcher,0,0,0
2024-02,European Robin,32,25.614836460358948,1
2024-02,European Roller,0,0,0
2024-02,European Serin,2,0.08744513642245631,0.08574376451795063
2024-02,European Starling,0,0,0
2024-02,European Stonechat,1,0.9010201000501407,0.9010201000501407
2024-02,European Storm-Petrel,0,0,0
2024-02,European Turtle-Dove,0,0,0
2024-02,Fieldfare,0,0,0
2024-02,Garden Warbler,0,0,0
2024-02,Goldcrest,4,1.611376602323581,0.8859358938353634
2024-02,Golden Eagle,0,0,0
2024-02,Gray Heron,1,0.01767002634427515,0.01767002634427517
2024-02,Gray Partridge,0,0,0
2024-02,Gray Wagtail,3,0.5978492883854656,0.48676540972955384
2024-02,Gray-headed Woodpecker,3,0.03233140993615688,0.03201202470570963
2024-02,Graylag Goose,1,0.7674257501675966,0.7674257501675966
2024-02,Great Bittern,23,1.4168887153450394,0.8177635549171629
2024-02,Great Black-backed Gull,0,0,0
2024-02,Great Crested Grebe,0,0,0
2024-02,Great Reed Warbler,0,0,0
2024-02,Great Skua,0,0,0
2024-02,Great Spotted Woodpecker,14,11.281293468888038,0.9999999999984409
2024-02,Great Tit,22,17.6031803144762,1
2024-02,Greater Short-toed Lark,0,0,0
2024-02,Greater White-fronted Goose,0,0,0
2024-02,Greater Whitethroat,0,0,0
2024-02,Green Sandpiper,1,0.11305368437281688,0.11305368437281682
2024-02,Green-winged Teal,0,0,0
2024-02,Hawfinch,2,1.1928207215201492,0.8494689534644854
2024-02,Hazel Grouse,0,0,0
2024-02,Herring Gull,1,0.5221226933259743,0.5221226933259743
2024-02,Hooded Crow,16,9.73068964471718,0.9999999623136815
2024-02,Horned Lark,0,0,0
2024-02,Iberian Chiffchaff,0,0,0
2024-02,Iberian Green Woodpecker,0,0,0
2024-02,Lady Amherst's Pheasant,2,0.13959889040633155,0.1350957454540176
2024-02,Lesser Black-backed Gull,0,0,0
2024-02,Lesser Kestrel,0,0,0
2024-02,Lesser Spotted Woodpecker,2,0.34059838945164783,0.3274338628092043
2024-02,Lesser Whitethroat,0,0,0
2024-02,Little Bittern,0,0,0
2024-02,Little Crake,0,0,0
2024-02,Little Grebe,0,0,0
2024-02,Little Owl,12,9.897896907446224,0.9999999999102054
2024-02,Little Ringed Plover,0,0,0
2024-02,Long-eared Owl,7,0.7138183267469428,0.5455340461025914
2024-02,Long-tailed Tit,10,7.885523135178244,0.9999999985275048
2024-02,Mallard,0,0,0
2024-02,Mandarin Duck,0,0,0
2024-02,Manx Shearwater,2,0.18026860923937968,0.1741345940380885
2024-02,Marmora's Warbler,0,0,0
2024-02,Marsh Tit,0,0,0
2024-02,Mediterranean Flycatcher,0,0,0
2024-02,Mediterranean Gull,0,0,0
2024-02,Mew Gull,1,0.018868764357388827,0.018868764357388823
2024-02,Middle Spotted Woodpecker,0,0,0
2024-02,Mistle Thrush,19,4.021524548909295,0.9910070076467705
2024-02,Northern Fulmar,0,0,0
2024-02,Northern Gannet,0,0,0
2024-02,Northern Goshawk,0,0,0
2024-02,Northern Lapwing,1,0.13761219726755738,0.13761219726755736
2024-02,Ortolan Bunting,0,0,0
2024-02,Osprey,0,0,0
2024-02,Parrot Crossbill,0,0,0
2024-02,Peregrine Falcon,0,0,0
2024-02,Pied Avocet,0,0,0
2024-02,Pin-tailed Sandgrouse,0,0,0
2024-02,Pin-tailed Whydah,0,0,0
2024-02,Pink-footed Goose,0,0,0
2024-02,Razorbill,0,0,0
2024-02,Red Crossbill,0,0,0
2024-02,Red Kite,1,0.42461988437040826,0.4246198843704082
2024-02,Red-billed Chough,4,0.38738534845443295,0.38201549943498625
2024-02,Red-breasted Flycatcher,0,0,0
2024-02,Red-flanked Bluetail,0,0,0
2024-02,Red-legged Partridge,1,0.0787283458520077,0.07872834585200772
2024-02,Red-throated Loon,0,0,0
2024-02,Redwing,0,0,0
2024-02,Ring Ouzel,0,0,0
2024-02,Ring-necked Pheasant,40,39.43108621396512,1
2024-02,River Warbler,0,0,0
2024-02,Rock Bunting,0,0,0
2024-02,Rock Partridge,0,0,0
2024-02,Rock Pigeon,2,0.5224230970965247,0.45446490565144115
2024-02,Rock Sparrow,0,0,0
2024-02,Rook,32,26.693383458884796,1
2024-02,Rose-ringed Parakeet,53,51.67417035388472,1
2024-02,Rough-legged Hawk,0,0,0
2024-02,Ruddy Shelduck,0,0,0
2024-02,Ruff,0,0,0
2024-02,Sardinian Warbler,0,0,0
2024-02,Savi's Warbler,0,0,0
2024-02,Sedge Warbler,0,0,0
2024-02,Short-toed Treecreeper,3,1.154992497270832,0.777451093212429
2024-02,Siberian Accentor,0,0,0
2024-02,Small Buttonquail,0,0,0
2024-02,Song Thrush,0,0,0
2024-02,Spectacled Warbler,3,0.9153149393834489,0.6666514445908613
2024-02,Spotted Crake,0,0,0
2024-02,Spotted Flycatcher,1,0.5036158531190688,0.5036158531190688
2024-02,Stock Dove,0,0,0
2024-02,Subalpine Warbler,0,0,0
2024-02,Tawny Owl,52,32.730554414884566,1
2024-02,Tawny Pipit,0,0,0
2024-02,Twite,0,0,0
2024-02,Ural Owl,3,0.029962430612916917,0.02972475991198331
2024-02,Water Pipit,0,0,0
2024-02,Water Rail,0,0,0
2024-02,Western Bonelli's Warbler,0,0,0
2024-02,Western Capercaillie,29,0.6603096287326863,0.49551323941813274
2024-02,Western Orphean Warbler,0,0,0
2024-02,Western Yellow Wagtail,0,0,0
2024-02,Whinchat,0,0,0
2024-02,White Stork,0,0,0
2024-02,White Wagtail,0,0,0
2024-02,White-tailed Eagle,0,0,0
2024-02,White-winged Crossbill,0,0,0
2024-02,White-winged Snowfinch,1,0.07529949523776862,0.07529949523776858
2024-02,White-winged Tern,0,0,0
2024-02,Whooper Swan,2,1.1302140013465853,0.8185139292615812
2024-02,Willow Tit,1,0.28950598906368047,0.2895059890636804
2024-02,Willow Warbler,1,0.1554624230126745,0.15546242301267443
2024-02,Wood Lark,5,2.733596065781875,0.9840386483354849
2024-02,Wood Sandpiper,0,0,0
2024-02,Wood Warbler,1,0.47505514478310873,0.47505514478310873
2024-02,Yellow-billed Chough,0,0,0
2024-02,Yellow-browed Warbler,0,0,0
2024-02,Yellow-headed Parrot,0,0,0
2024-02,Yellow-legged Gull,0,0,0
2024-02,Yellowhammer,0,0,0
2024-03,Aquatic Warbler,0,0,0
2024-03,Atlantic Puffin,4,0.39410722596426123,0.3407170592043992
2024-03,Barn Owl,0,0,0
2024-03,Barn Swallow,1,0.12494917330610349,0.12494917330610344
2024-03,Barnacle Goose,2,0.7549798614417681,0.6437418316300699
2024-03,Bearded Reedling,1,0.054180578409932185,0.05418057840993218
2024-03,Black Grouse,0,0,0
2024-03,Black Kite,3,1.9786237102789999,0.9727646868528278
2024-03,Black Redstart,1,0.21963362154581112,0.21963362154581112
2024-03,Black Tern,0,0,0
2024-03,Black Woodpecker,3,0.09431758681435996,0.09230555193575174
2024-03,Black-bellied Plover,0,0,0
2024-03,Black-crowned Night-Heron,0,0,0
2024-03,Black-legged Kittiwake,2,0.5179784816156694,0.461047441484569
2024-03,Black-tailed Godwit,2,0.2502787610579552,0.23728524878479607
2024-03,Bluethroat,0,0,0
2024-03,Bohemian Waxwing,2,0.6421978744651415,0.5452112217236834
2024-03,Boreal Owl,7,3.081920181471888,0.9956504130265543
2024-03,Canada Goose,5,1.1474156286342143,0.799003742812139
2024-03,Carrion Crow,12,9.814342178297949,0.9999999996771409
2024-03,Cetti's Warbler,0,0,0
2024-03,Cirl Bunting,3,0.6085875075402463,0.5151148312229862
2024-03,Coal Tit,47,39.147607893530015,1
2024-03,Collared Flycatcher,1,0.2422272467777559,0.24222724677775587
2024-03,Common Buzzard,25,16.29647657012545,1
2024-03,Common Chaffinch,0,0,0
2024-03,Common Chiffchaff,2,1.811898406319695,0.996382895866734
2024-03,Common Crane,13,3.8065707990163755,0.9895201482485468
2024-03,Common Cuckoo,1,0.4240314222697153,0.42403142226971535
2024-03,Common Firecrest,23,3.7307497999486117,0.9843653112986246
2024-03,Common Grasshopper-Warbler,12,4.0871848723248,0.9971590012889411
2024-03,Common Greenshank,0,0,0
2024-03,Common House-Martin,0,0,0
2024-03,Common Kingfisher,4,0.5645873380119445,0.4755979523008682
2024-03,Common Murre,1,0.11380850090880375,0.11380850090880379
2024-03,Common Nightingale,0,0,0
2024-03,Common Pochard,0,0,0
2024-03,Common Quail,0,0,0
2024-03,Common Raven,4,2.158771595388996,0.9659957585619351
2024-03,Common Redshank,0,0,0
2024-03,Common Ringed Plover,0,0,0
2024-03,Common Rosefinch,0,0,0
2024-03,Common Sandpiper,38,11.552899637487561,0.9999997466905258
2024-03,Common Scoter,1,0.10460477076018762,0.1046047707601876
2024-03,Common Snipe,0,0,0
2024-03,Common Swift,0,0,0
2024-03,Common Tern,0,0,0
2024-03,Common Waxbill,0,0,0
2024-03,Common Wood-Pigeon,0,0,0
2024-03,Corn Bunting,0,0,0
2024-03,Corsican Finch,0,0,0
2024-03,Corsican Nuthatch,0,0,0
2024-03,Crested Lark,0,0,0
2024-03,Crested Tit,1,0.06077189635693906,0.060771896356939026
2024-03,Dartford Warbler,0,0,0
2024-03,Dunnock,330,198.63990722616188,1
2024-03,Egyptian Goose,2,1.7034757090617538,0.9799443474210411
2024-03,Eurasian Blackbird,0,0,0
2024-03,Eurasian Blackcap,0,0,0
2024-03,Eurasian Blue Tit,1010,898.9519564159064,1
2024-03,Eurasian Bullfinch,11,9.134394659076765,0.9999999998535264
2024-03,Eurasian Collared-Dove,5,2.5961213153624434,0.9762840644967327
2024-03,Eurasian Coot,1,0.2837885978022316,0.28378859780223165
2024-03,Eurasian Crag-Martin,0,0,0
2024-03,Eurasian Curlew,4,0.8745149983398552,0.63283619843374606
2024-03,Eurasian Dotterel,0,0,0
2024-03,Eurasian Eagle-Owl,7,0.4098014877052465,0.3461901959154372
2024-03,Eurasian Golden Oriole,1,0.2507678573819863,0.25076785738198637
2024-03,Eurasian Green Woodpecker,85,78.6622148507337,1
2024-03,Eurasian Hobby,0,0,0
2024-03,Eurasian Hoopoe,0,0,0
2024-03,Eurasian Jackdaw,392,365.8150631688736,1
2024-03,Eurasian Jay,17,8.752896836163625,0.9999999949016347
2024-03,Eurasian Kestrel,0,0,0
2024-03,Eurasian Linnet,1,0.2016638809099934,0.20166388090999343
2024-03,Eurasian Magpie,40,21.49231136487534,1
2024-03,Eurasian Moorhen,0,0,0
2024-03,Eurasian Nightjar,0,0,0
2024-03,Eurasian Nutcracker,0,0,0
2024-03,Eurasian Nuthatch,2,1.326965021701061,0.9908215902087933
2024-03,Eurasian Oystercatcher,1,0.038351391833297395,0.03835139183329739
2024-03,Eurasian Penduline-Tit,1,0.04226787331253107,0.04226787331253101
2024-03,Eurasian Pygmy-Owl,2,0.14415748812453413,0.14002032207462245
2024-03,Eurasian Reed Warbler,0,0,0
2024-03,Eurasian Scops-Owl,9,2.2764261885976858,0.9803800245998135
2024-03,Eurasian Siskin,3,1.1336783746736547,0.7636293550638734
2024-03,Eurasian Thick-knee,0,0,0
2024-03,Eurasian Three-toed Woodpecker,0,0,0
2024-03,Eurasian Treecreeper,98,16.468699023084717,0.9999999996707688
2024-03,Eurasian Wigeon,0,0,0
2024-03,Eurasian Woodcock,3,2.835960836037583,0.9999998182451421
2024-03,Eurasian Wren,1175,1009.5100301808561,1
2024-03,Eurasian Wryneck,7,3.650065947237669,0.9989770979203414
2024-03,European Bee-eater,0,0,0
2024-03,European Golden-Plover,1,0.17509397744315255,0.17509397744315258
2024-03,European Goldfinch,10,6.698954887112247,0.9999936844736362
2024-03,European Greenfinch,0,0,0
2024-03,European Honey-buzzard,2,0.10296698636691538,0.10099111219097312
2024-03,European Pied Flycatcher,0,0,0
2024-03,European Robin,88,69.20110998718864,1
2024-03,European Roller,0,0,0
2024-03,European Serin,4,0.21603291966435373,0.1994839838496908
2024-03,European Starling,0,0,0
2024-03,European Stonechat,6,5.289741133513104,0.9999995132675097
2024-03,European Storm-Petrel,0,0,0
2024-03,European Turtle-Dove,0,0,0
2024-03,Fieldfare,0,0,0
2024-03,Garden Warbler,0,0,0
2024-03,Goldcrest,3,0.8999820492502086,0.6571980900729635
2024-03,Golden Eagle,1,0.14071355935229368,0.14071355935229368
2024-03,Gray Heron,0,0,0
2024-03,Gray Partridge,1,0.16562155716637444,0.1656215571663744
2024-03,Gray Wagtail,13,3.831534063468206,0.993196341762327
2024-03,Gray-headed Woodpecker,22,0.6073026376946435,0.46355691985706704
2024-03,Graylag Goose,5,4.12513663217013,0.9999999756572668
2024-03,Great Bittern,48,1.433545824890312,0.8218121205309267
2024-03,Great Black-backed Gull,0,0,0
2024-03,Great Crested Grebe,0,0,0
2024-03,Great Reed Warbler,1,0.058875962022300395,0.05887596202230039
2024-03,Great Skua,0,0,0
2024-03,Great Spotted Woodpecker,49,41.58746397775716,1
2024-03,Great Tit,38,30.979784350385717,1
2024-03,Greater Short-toed Lark,0,0,0
2024-03,Greater White-fronted Goose,1,0.04229132632149499,0.042291326321495015
2024-03,Greater Whitethroat,0,0,0
2024-03,Green Sandpiper,0,0,0
2024-03,Green-winged Teal,0,0,0
2024-03,Hawfinch,5,2.245207213238057,0.9593633597615774
2024-03,Hazel Grouse,0,0,0
2024-03,Herring Gull,0,0,0
2024-03,Hooded Crow,3,1.6356244595762237,0.9191631475215284
2024-03,Horned Lark,2,0.16669388299003873,0.15984394321086892
2024-03,Iberian Chiffchaff,3,0.10334192900775604,0.09993310923281729
2024-03,Iberian Green Woodpecker,0,0,0
2024-03,Lady Amherst's Pheasant,0,0,0
2024-03,Lesser Black-backed Gull,0,0,0
2024-03,Lesser Kestrel,0,0,0
2024-03,Lesser Spotted Woodpecker,13,1.8705000092700494,0.8805858693129915
2024-03,Lesser Whitethroat,0,0,0
2024-03,Little Bittern,1,0.011407100457651006,0.011407100457651032
2024-03,Little Crake,0,0,0
2024-03,Little Grebe,0,0,0
2024-03,Little Owl,53,41.098784148827804,1
2024-03,Little Ringed Plover,1,0.07147435612428386,0.07147435612428388
2024-03,Long-eared Owl,4,0.20307598687353218,0.1929080510747765
2024-03,Long-tailed Tit,8,6.639199102152232,0.9999999998998449
2024-03,Mallard,0,0,0
2024-03,Mandarin Duck,0,0,0
2024-03,Manx Shearwater,3,0.06417695125407286,0.0628140677709671
2024-03,Marmora's Warbler,0,0,0
2024-03,Marsh Tit,2,0.09018594729800863,0.08815868691681183
2024-03,Mediterranean Flycatcher,0,0,0
2024-03,Mediterranean Gull,0,0,0
2024-03,Mew Gull,0,0,0
2024-03,Middle Spotted Woodpecker,0,0,0
2024-03,Mistle Thrush,12,3.6675957844994973,0.9920726135400695
2024-03,Northern Fulmar,0,0,0
2024-03,Northern Gannet,1,0.03544312287958722,0.035443122879587174
2024-03,Northern Goshawk,0,0,0
2024-03,Northern Lapwing,0,0,0
2024-03,Ortolan Bunting,2,1.0547897284465302,0.7768288900323553
2024-03,Osprey,0,0,0
2024-03,Parrot Crossbill,0,0,0
2024-03,Peregrine Falcon,0,0,0
2024-03,Pied Avocet,0,0,0
2024-03,Pin-tailed Sandgrouse,0,0,0
2024-03,Pin-tailed Whydah,0,0,0
2024-03,Pink-footed Goose,0,0,0
2024-03,Razorbill,1,0.03211993168144967,0.032119931681449665
2024-03,Red Crossbill,0,0,0
2024-03,Red Kite,13,8.868958744638677,0.9999999999997349
2024-03,Red-billed Chough,10,0.1862402614333949,0.17627792851865842
2024-03,Red-breasted Flycatcher,0,0,0
2024-03,Red-flanked Bluetail,0,0,0
2024-03,Red-legged Partridge,0,0,0
2024-03,Red-throated Loon,0,0,0
2024-03,Redwing,8,5.717144667903948,0.9999744701847078
2024-03,Ring Ouzel,0,0,0
2024-03,Ring-necked Pheasant,524,510.29594288734376,1
2024-03,River Warbler,0,0,0
2024-03,Rock Bunting,0,0,0
2024-03,Rock Partridge,0,0,0
2024-03,Rock Pigeon,1,0.22406403999793292,0.2240640399979329
2024-03,Rock Sparrow,0,0,0
2024-03,Rook,5,4.116499482838633,0.9999021183486699
2024-03,Rose-ringed Parakeet,160,155.6054814516076,1
2024-03,Rough-legged Hawk,0,0,0
2024-03,Ruddy Shelduck,0,0,0
2024-03,Ruff,0,0,0
2024-03,Sardinian Warbler,0,0,0
2024-03,Savi's Warbler,0,0,0
2024-03,Sedge Warbler,1,0.03213318250828449,0.03213318250828445
2024-03,Short-toed Treecreeper,5,3.156935149681982,0.9993370802211258
2024-03,Siberian Accentor,6,3.7897216823203905,0.9986749646999267
2024-03,Small Buttonquail,0,0,0
2024-03,Song Thrush,0,0,0
2024-03,Spectacled Warbler,0,0,0
2024-03,Spotted Crake,0,0,0
2024-03,Spotted Flycatcher,0,0,0
2024-03,Stock Dove,0,0,0
2024-03,Subalpine Warbler,0,0,0
2024-03,Tawny Owl,124,92.82686983994273,1
2024-03,Tawny Pipit,1,0.06326989814487488,0.06326989814487483
2024-03,Twite,0,0,0
2024-03,Ural Owl,7,0.9844451617157873,0.7004571596126276
2024-03,Water Pipit,0,0,0
2024-03,Water Rail,0,0,0
2024-03,Western Bonelli's Warbler,1,0.055433992647371505,0.05543399264737148
2024-03,Western Capercaillie,7,0.06831959642927622,0.0664307162973038
2024-03,Western Orphean Warbler,0,0,0
2024-03,Western Yellow Wagtail,1,0.17279218878040148,0.17279218878040148
2024-03,Whinchat,0,0,0
2024-03,White Stork,0,0,0
2024-03,White Wagtail,0,0,0
2024-03,White-tailed Eagle,0,0,0
2024-03,White-winged Crossbill,0,0,0
2024-03,White-winged Snowfinch,0,0,0
2024-03,White-winged Tern,0,0,0
2024-03,Whooper Swan,2,1.4224448460943244,0.9187092340293525
2024-03,Willow Tit,6,4.040419017857344,0.9997609800966073
2024-03,Willow Warbler,0,0,0
2024-03,Wood Lark,26,13.887077661513244,0.9999999992401044
2024-03,Wood Sandpiper,1,0.0561870044845476,0.05618700448454761
2024-03,Wood Warbler,2,1.549121572865117,0.9491831316463243
2024-03,Yellow-billed Chough,0,0,0
2024-03,Yellow-browed Warbler,1,0.37841832474590714,0.3784183247459071
2024-03,Yellow-headed Parrot,0,0,0
2024-03,Yellow-legged Gull,0,0,0
2024-03,Yellowhammer,0,0,0
2024-04,Aquatic Warbler,0,0,0
2024-04,Atlantic Puffin,0,0,0
2024-04,Barn Owl,0,0,0
2024-04,Barn Swallow,0,0,0
2024-04,Barnacle Goose,0,0,0
2024-04,Bearded Reedling,1,0.18529712827730807,0.18529712827730804
2024-04,Black Grouse,0,0,0
2024-04,Black Kite,1,0.4784717187636122,0.47847171876361216
2024-04,Black Redstart,2,0.6091901111297137,0.5309025913970846
2024-04,Black Tern,0,0,0
2024-04,Black Woodpecker,2,0.034248070158318926,0.03403311185354574
2024-04,Black-bellied Plover,0,0,0
2024-04,Black-crowned Night-Heron,0,0,0
2024-04,Black-legged Kittiwake,7,2.3923996204587725,0.9802077580211427
2024-04,Black-tailed Godwit,0,0,0
2024-04,Bluethroat,0,0,0
2024-04,Bohemian Waxwing,0,0,0
2024-04,Boreal Owl,1,0.3061470460695969,0.306147046069597
2024-04,Canada Goose,6,2.278688399997449,0.9873717435409249
2024-04,Carrion Crow,16,13.909089374968977,0.9999999999999999
2024-04,Cetti's Warbler,0,0,0
2024-04,Cirl Bunting,2,0.2099932370266032,0.2011871409937368
2024-04,Coal Tit,22,19.05372291637499,1
2024-04,Collared Flycatcher,0,0,0
2024-04,Common Buzzard,17,11.24368524544838,0.9999999999999769
2024-04,Common Chaffinch,0,0,0
2024-04,Common Chiffchaff,4,3.7604649367258234,0.9999993634473395
2024-04,Common Crane,1,0.3020893245784427,0.3020893245784426
2024-04,Common Cuckoo,0,0,0
2024-04,Common Firecrest,24,4.282394256925691,0.9922899147599382
2024-04,Common Grasshopper-Warbler,24,9.152008278596153,0.9999989105712062
2024-04,Common Greenshank,0,0,0
2024-04,Common House-Martin,0,0,0
2024-04,Common Kingfisher,0,0,0
2024-04,Common Murre,0,0,0
2024-04,Common Nightingale,0,0,0
2024-04,Common Pochard,0,0,0
2024-04,Common Quail,0,0,0
2024-04,Common Raven,1,0.3508427287777774,0.35084272877777745
2024-04,Common Redshank,0,0,0
2024-04,Common Ringed Plover,0,0,0
2024-04,Common Rosefinch,0,0,0
2024-04,Common Sandpiper,52,14.680055949290487,0.9999999996423482
2024-04,Common Scoter,0,0,0
2024-04,Common Snipe,0,0,0
2024-04,Common Swift,0,0,0
2024-04,Common Tern,0,0,0
2024-04,Common Waxbill,0,0,0
2024-04,Common Wood-Pigeon,1,0.5402460877601439,0.5402460877601439
2024-04,Corn Bunting,5,1.9582367039429844,0.9759947704446443
2024-04,Corsican Finch,0,0,0
2024-04,Corsican Nuthatch,0,0,0
2024-04,Crested Lark,0,0,0
2024-04,Crested Tit,0,0,0
2024-04,Dartford Warbler,0,0,0
2024-04,Dunnock,55,33.1288394471844,1
2024-04,Egyptian Goose,1,0.16259263475949845,0.16259263475949848
2024-04,Eurasian Blackbird,1,0.8430246076650687,0.8430246076650687
2024-04,Eurasian Blackcap,4,3.5339799758005745,0.9998416366040757
2024-04,Eurasian Blue Tit,732,643.9121539000737,1
2024-04,Eurasian Bullfinch,4,3.4823802793695666,0.9999820510918801
2024-04,Eurasian Collared-Dove,1,0.8330215879245566,0.8330215879245566
2024-04,Eurasian Coot,0,0,0
2024-04,Eurasian Crag-Martin,0,0,0
2024-04,Eurasian Curlew,1,0.29506448647130595,0.2950644864713059
2024-04,Eurasian Dotterel,0,0,0
2024-04,Eurasian Eagle-Owl,3,0.17663930887685964,0.1666267859717777
2024-04,Eurasian Golden Oriole,0,0,0
2024-04,Eurasian Green Woodpecker,43,40.627312703948036,1
2024-04,Eurasian Hobby,0,0,0
2024-04,Eurasian Hoopoe,0,0,0
2024-04,Eurasian Jackdaw,71,66.792333493241685,1
2024-04,Eurasian Jay,4,1.7041603494733788,0.9284652328060116
2024-04,Eurasian Kestrel,0,0,0
2024-04,Eurasian Linnet,0,0,0
2024-04,Eurasian Magpie,14,7.722152778870604,0.9999999999999309
2024-04,Eurasian Moorhen,0,0,0
2024-04,Eurasian Nightjar,0,0,0
2024-04,Eurasian Nutcracker,0,0,0
2024-04,Eurasian Nuthatch,1,0.3505446822872327,0.3505446822872327
2024-04,Eurasian Oystercatcher,1,0.0356276175933964,0.03562761759339639
2024-04,Eurasian Penduline-Tit,0,0,0
2024-04,Eurasian Pygmy-Owl,0,0,0
2024-04,Eurasian Reed Warbler,0,0,0
2024-04,Eurasian Scops-Owl,4,0.523876937320661,0.4357384496552045
2024-04,Eurasian Siskin,3,1.8026019910603321,0.9579404536423649
2024-04,Eurasian Thick-knee,0,0,0
2024-04,Eurasian Three-toed Woodpecker,0,0,0
2024-04,Eurasian Treecreeper,85,11.78400930921779,0.9999981416206245
2024-04,Eurasian Wigeon,0,0,0
2024-04,Eurasian Woodcock,0,0,0
2024-04,Eurasian Wren,986,859.5426380982761,1
2024-04,Eurasian Wryneck,2,0.7008734278818521,0.6227646758462988
2024-04,European Bee-eater,0,0,0
2024-04,European Golden-Plover,2,0.9539253928903382,0.7500346973863491
2024-04,European Goldfinch,3,1.7811471786695736,0.9477325733026476
2024-04,European Greenfinch,2,0.13225064339967035,0.12798378363931684
2024-04,European Honey-buzzard,0,0,0
2024-04,European Pied Flycatcher,0,0,0
2024-04,European Robin,47,36.55019611769569,1
2024-04,European Roller,0,0,0
2024-04,European Serin,6,0.33453053657132703,0.29213526500042475
2024-04,European Starling,0,0,0
2024-04,European Stonechat,2,1.603521498323854,0.9668006776555128
2024-04,European Storm-Petrel,2,1.3835901487979994,0.9108893779037881
2024-04,European Turtle-Dove,0,0,0
2024-04,Fieldfare,0,0,0
2024-04,Garden Warbler,0,0,0
2024-04,Goldcrest,2,0.7709917404607922,0.625414704266014
2024-04,Golden Eagle,0,0,0
2024-04,Gray Heron,1,0.029951262178132078,0.029951262178132043
2024-04,Gray Partridge,0,0,0
2024-04,Gray Wagtail,13,3.960463909572762,0.993671138292472
2024-04,Gray-headed Woodpecker,3,0.041200698401048945,0.04071107502523652
2024-04,Graylag Goose,6,3.6658608184049046,0.9980963431493025
2024-04,Great Bittern,12,0.7797992565237276,0.570544945271448
2024-04,Great Black-backed Gull,0,0,0
2024-04,Great Crested Grebe,1,0.3177591777330028,0.3177591777330028
2024-04,Great Reed Warbler,0,0,0
2024-04,Great Skua,0,0,0
2024-04,Great Spotted Woodpecker,9,7.306330289569703,0.9999999539443134
2024-04,Great Tit,69,55.55399176681075,1
2024-04,Greater Short-toed Lark,0,0,0
2024-04,Greater White-fronted Goose,0,0,0
2024-04,Greater Whitethroat,0,0,0
2024-04,Green Sandpiper,0,0,0
2024-04,Green-winged Teal,1,0.026798907139936396,0.02679890713993638
2024-04,Hawfinch,0,0,0
2024-04,Hazel Grouse,0,0,0
2024-04,Herring Gull,0,0,0
2024-04,Hooded Crow,8,4.382401402884442,0.9990571375952096
2024-04,Horned Lark,0,0,0
2024-04,Iberian Chiffchaff,3,0.16138619701532717,0.15307257202060032
2024-04,Iberian Green Woodpecker,0,0,0
2024-04,Lady Amherst's Pheasant,0,0,0
2024-04,Lesser Black-backed Gull,0,0,0
2024-04,Lesser Kestrel,0,0,0
2024-04,Lesser Spotted Woodpecker,1,0.1593781526426183,0.15937815264261823
2024-04,Lesser Whitethroat,0,0,0
2024-04,Little Bittern,1,0.015113407847307561,0.015113407847307525
2024-04,Little Crake,0,0,0
2024-04,Little Grebe,0,0,0
2024-04,Little Owl,52,40.816042026968695,1
2024-04,Little Ringed Plover,0,0,0
2024-04,Long-eared Owl,2,0.25543070885028885,0.24771025401808422
2024-04,Long-tailed Tit,2,1.3441934998094558,0.8945776325446999
2024-04,Mallard,0,0,0
2024-04,Mandarin Duck,1,0.95008685175788,0.95008685175788
2024-04,Manx Shearwater,4,0.15351979089579895,0.1458141462439525
2024-04,Marmora's Warbler,0,0,0
2024-04,Marsh Tit,1,0.052508294518859765,0.052508294518859744
2024-04,Mediterranean Flycatcher,0,0,0
2024-04,Mediterranean Gull,0,0,0
2024-04,Mew Gull,0,0,0
2024-04,Middle Spotted Woodpecker,0,0,0
2024-04,Mistle Thrush,17,6.109251165363832,0.9999446687837644
2024-04,Northern Fulmar,0,0,0
2024-04,Northern Gannet,0,0,0
2024-04,Northern Goshawk,0,0,0
2024-04,Northern Lapwing,3,0.3253577241512307,0.29264234565452485
2024-04,Ortolan Bunting,1,0.5942678502556689,0.5942678502556689
2024-04,Osprey,0,0,0
2024-04,Parrot Crossbill,0,0,0
2024-04,Peregrine Falcon,0,0,0
2024-04,Pied Avocet,0,0,0
2024-04,Pin-tailed Sandgrouse,0,0,0
2024-04,Pin-tailed Whydah,0,0,0
2024-04,Pink-footed Goose,0,0,0
2024-04,Razorbill,0,0,0
2024-04,Red Crossbill,0,0,0
2024-04,Red Kite,4,2.370621107480872,0.9828230888430076
2024-04,Red-billed Chough,0,0,0
2024-04,Red-breasted Flycatcher,0,0,0
2024-04,Red-flanked Bluetail,0,0,0
2024-04,Red-legged Partridge,0,0,0
2024-04,Red-throated Loon,0,0,0
2024-04,Redwing,0,0,0
2024-04,Ring Ouzel,0,0,0
2024-04,Ring-necked Pheasant,656,636.092478178363,1
2024-04,River Warbler,0,0,0
2024-04,Rock Bunting,1,0.6127603166484542,0.6127603166484542
2024-04,Rock Partridge,0,0,0
2024-04,Rock Pigeon,0,0,0
2024-04,Rock Sparrow,0,0,0
2024-04,Rook,2,1.8676230694033373,0.9979256257038617
2024-04,Rose-ringed Parakeet,57,55.22157165987034,1
2024-04,Rough-legged Hawk,0,0,0
2024-04,Ruddy Shelduck,0,0,0
2024-04,Ruff,0,0,0
2024-04,Sardinian Warbler,0,0,0
2024-04,Savi's Warbler,0,0,0
2024-04,Sedge Warbler,0,0,0
2024-04,Short-toed Treecreeper,2,0.5351300582389547,0.46730353163626115
2024-04,Siberian Accentor,9,6.337845709990221,0.9999986743626867
2024-04,Small Buttonquail,0,0,0
2024-04,Song Thrush,0,0,0
2024-04,Spectacled Warbler,0,0,0
2024-04,Spotted Crake,0,0,0
2024-04,Spotted Flycatcher,0,0,0
2024-04,Stock Dove,0,0,0
2024-04,Subalpine Warbler,0,0,0
2024-04,Tawny Owl,51,39.265542456537474,1
2024-04,Tawny Pipit,1,0.08778199285753648,0.08778199285753652
2024-04,Twite,0,0,0
2024-04,Ural Owl,2,0.011802701836087722,0.011768023981138964
2024-04,Water Pipit,0,0,0
2024-04,Water Rail,0,0,0
2024-04,Western Bonelli's Warbler,0,0,0
2024-04,Western Capercaillie,10,0.9873427116061753,0.7830824674579551
2024-04,Western Orphean Warbler,0,0,0
2024-04,Western Yellow Wagtail,0,0,0
2024-04,Whinchat,0,0,0
2024-04,White Stork,0,0,0
2024-04,White Wagtail,0,0,0
2024-04,White-tailed Eagle,0,0,0
2024-04,White-winged Crossbill,0,0,0
2024-04,White-winged Snowfinch,0,0,0
2024-04,White-winged Tern,0,0,0
2024-04,Whooper Swan,1,0.27858095667405175,0.2785809566740517
2024-04,Willow Tit,4,2.369617637479457,0.992181280202047
2024-04,Willow Warbler,2,0.2174814312376276,0.2056606211819928
2024-04,Wood Lark,35,17.998054245936302,0.9999999999991713
2024-04,Wood Sandpiper,0,0,0
2024-04,Wood Warbler,4,2.260483014250758,0.9690220075528272
2024-04,Yellow-billed Chough,0,0,0
2024-04,Yellow-browed Warbler,0,0,0
2024-04,Yellow-headed Parrot,0,0,0
2024-04,Yellow-legged Gull,0,0,0
2024-04,Yellowhammer,0,0,0
